:0200000400FCFE
:104800009080D01BEA00791E00029080CC1BEA2029
:10481000793E0002806A9080D0691E00020BEA0097
:104820009080CC693E00020BEA20BF10281D9080CA
:10483000D0691E00020BEA009080CC693E00020B9A
:10484000EA209F10793E00021BEA209080D0691E6A
:1048500000020BEA009080CC693E00020BEA20BF08
:1048600010501D9080CC691E00020BEA009080D091
:10487000693E00020BEA209F10793E00021BEA20ED
:104880009080D0691E00020BEA009080CC693E0047
:10489000020BEA20BF1068030248169080CC693EE4
:1048A00000020BEA20AA90833E1BEA20793E000218
:1048B00090833E693E00020BEA207E2800017F01C2
:1048C0009F02791E00021BEA004D2378E3AA907F25
:1048D000B91BEA00791E0002E4907FBDF09F1190A1
:1048E0007FBE793E00021BEA20907FB9693E00023C
:1048F0000BEA204D23680474018001E47E145E01FC
:104900007E0400FE7E3400589AFDFE98907FB969BF
:104910003E00020BEA204D237803024A06907FB93D
:10492000693E00020BEA207E1BB0BEB02D781B74DE
:1049300001907FBDF0907FB9693E00020BEA200B29
:1049400034793E00021BEA208025907FB9693E0041
:10495000020BEA207E1BB0BEB02B7813907FB969A2
:104960003E00020BEA200B34793E00021BEA208055
:10497000487E14000A907FBE693E00020BEA209A2E
:10498000FDCFD7907FB9691E00020BEA007E0B3085
:104990000A136D007E2800309F022F10907FBE7991
:1049A0003E00021BEA20907FB9693E00020BEA201C
:1049B0000B34793E00021BEA20907FB9693E000269
:1049C0000BEA207E1BA07430BCAB4813907FB96902
:1049D0003E00020BEA207E1BA07439BCAB0892900B
:1049E0007FBDE0BEB000681E907FBE693E00020B36
:1049F000EA206E34FFFF6E24FFFF0B1C907FBE7910
:104A00003E00021BEA20907FBE693E00020BEA20B6
:104A1000AA90780C1BEA20793E00029078081BEAE5
:104A200000791E0002E4907820F09F11907821799F
:104A30003E00021BEA20907808693E00020BEA2043
:104A40004D23680474018001E47E145E017E04003D
:104A5000FE7E3400859AFDFE98907808693E00023B
:104A60000BEA204D237803024BC990780C693E0075
:104A7000020BEA20BE1800005845742D9078086992
:104A80003E00020BEA207A1BB0907808693E0002D3
:104A90000BEA200B34907808793E00021BEA209044
:104AA000780C693E00020BEA206E34FFFF6E24FF93
:104AB000FF0B1C90780C793E00021BEA20802090AE
:104AC000780C693E00020BEA204D23781274309076
:104AD0007808693E00020BEA207A1BB0024BC9023B
:104AE0004B617E08000A90780C693E00020BEA20B8
:104AF0009AFDD033907821791E00021BEA0090784D
:104B000021693E00020BEA20BE180000480E907892
:104B100021695E00020BEA407CAB8010907821692D
:104B20003E00020BEA209F229F217CAB9078207EE2
:104B3000EB7074012CB7F00A277E3478102D327A8E
:104B400071827A61837AEBA07E08000A90780C6902
:104B50003E00020BEA209AFDD033793E00021BEAA8
:104B60002090780C693E00020BEA204D2368030276
:104B70004AE2804C907820E00A2B7E34780F2D3268
:104B80007A71827A6183E00A0B7E1400302D1090D6
:104B90007808693E00020BEA207A1B309078086999
:104BA0003E00020BEA200B34907808793E00021B8D
:104BB000EA209078207EEBA07E70017CBA9CB7F052
:104BC000907820E0BEB00078ABAA9080D41BEA00B9
:104BD000791E00029F119080D8793E00021BEA20C6
:104BE0009080D4693E00020BEA204D2368047401D2
:104BF0008001E47E145E017E0400FE7E3400B09AE3
:104C0000FDFE989080D4693E00020BEA204D236897
:104C10007080487E14000A9080D8693E00020BEA3A
:104C2000209AFDCFD79080D4691E00020BEA007E47
:104C30000B300A136D007E2800309F022F109080E9
:104C4000D8793E00021BEA209080D4693E00020B16
:104C5000EA200B34793E00021BEA209080D4693EA2
:104C600000020BEA207E1BA07430BCAB481390807E
:104C7000D4693E00020BEA207E1BA07439BCAB084D
:104C8000929080D8693E00020BEA20AA9078B01B6F
:104C9000EA20793E00029078AC1BEA00791E0002FF
:104CA000E49078C4F09078AC693E00020BEA204DA5
:104CB00023680474018001E47E145E017E0400FE1A
:104CC0007E3400D09AFDFE989078AC693E00020BCD
:104CD000EA204D237803024DA99078B0693E000286
:104CE0000BEA204D23781274309078AC693E0002B4
:104CF0000BEA207A1BB0024DA980497E14000A906D
:104D000078B0693E00020BEA209AFDCFE07CA390C8
:104D100078C47EEB7074012CB7F00A277E3478B427
:104D20002D327A71827A61837AEBA07E14000A9028
:104D300078B0693E00020BEA209AFDCFE0793E0090
:104D4000021BEA209078B0693E00020BEA204D2356
:104D500078A9804C9078C4E00A2B7E3478B32D3249
:104D60007A71827A6183E01A0B7E1400302D1090E4
:104D700078AC693E00020BEA207A1B309078AC696F
:104D80003E00020BEA200B349078AC793E00021B07
:104D9000EA209078C47EEBA07E70017CBA9CB7F0CC
:104DA0009078C4E0BEB00078ABAA907ADF1BEA002E
:104DB000791E0002E4907AE3F09F11907AE4793E44
:104DC00000021BEA209F11907AE8793E00021BEA5C
:104DD000206D337E243F80907AEC793E00021BEAFE
:104DE00020907ADF693E00020BEA204D23680474AC
:104DF000018001E47E145E017E0400FE7E3400FA30
:104E00009AFDFE98907ADF693E00020BEA204D235E
:104E10007803025020907ADF693E00020BEA207E80
:104E20001BB0BEB02D781B7401907AE3F0907ADF4E
:104E3000693E00020BEA200B34793E00021BEA2097
:104E40008025907ADF693E00020BEA207E1BB0BE0F
:104E5000B02B7813907ADF693E00020BEA200B3406
:104E6000793E00021BEA2080566D117E044120909D
:104E70007AE4693E00020BEA209AFDC5767F7190C4
:104E80007ADF693E00020BEA207E1B700A277E341F
:104E900000309D237CB49AFDC6F07F017F179AFDF8
:104EA000C4BE907AE4793E00021BEA20907ADF6962
:104EB0003E00020BEA200B34793E00021BEA2090F0
:104EC0007ADF693E00020BEA207E1BA07430BCAB87
:104ED0004813907ADF693E00020BEA207E1BA07423
:104EE00039BCAB0884907ADF693E00020BEA207E71
:104EF0001BB0BEB02E6803024FE0907ADF693E001F
:104F0000020BEA200B34793E00021BEA2080716D0F
:104F1000117E044120907AE8693E00020BEA209A53
:104F2000FDC5767F71907ADF693E00020BEA207E34
:104F30001B700A277E3400309D237CB49AFDC6F096
:104F40007F017F179AFDC4BE907AE8793E00021B6C
:104F5000EA206D117E044120907AEC693E00020B3C
:104F6000EA209AFDC576793E00021BEA20907ADF9E
:104F7000693E00020BEA200B34793E00021BEA2056
:104F8000907ADF693E00020BEA207E1BA07430BCE1
:104F9000AB482E907ADF693E00020BEA207E1BA010
:104FA0007439BCAB181B7E1424007E044974907ABB
:104FB000EC693E00020BEA209AFDC6975003024FAF
:104FC0000F907AEC691E00020BEA00907AE8693EC5
:104FD00000020BEA209AFDC616793E00021BEA2069
:104FE000907AE8691E00020BEA00907AE4693E00BC
:104FF000020BEA209AFDC4BE793E00021BEA209013
:105000007AE3E0BEB0006818907AE4693E00020BD3
:10501000EA209AFDC6DD907AE4793E00021BEA2080
:10502000907AE4693E00020BEA20AA9074B7F090EF
:1050300074B31BEA20793E00029074AF1BEA00793A
:105040001E00026D339074B81BEA306D339074BA51
:105050001BEA309074B7E09074D8F09074AF693E5A
:1050600000020BEA204D23680474018001E47E14E1
:105070005E017E0400FE7E3401399AFDFE98907434
:10508000AF693E00020BEA204D2378030253E590FE
:1050900074B3693E00020BEA209AFDC7289074B8E9
:1050A0001BEA309074B3691E00020BEA009F119A4C
:1050B000FDC6972827742D9074AF693E00020BEA55
:1050C000207A1BB09074AF693E00020BEA200B34CB
:1050D0009074AF793E00021BEA20806A9074B36935
:1050E0003E00020BEA204D23785C74309074AF6967
:1050F0003E00020BEA207A1BB09074AF693E0002BA
:105100000BEA200B349074AF793E00021BEA207446
:105110002E9074AF693E00020BEA207A1BB09074A7
:10512000AF693E00020BEA200B349074AF793E0069
:10513000021BEA2074309074AF693E00020BEA2033
:105140007A1BB00253E59074B80BEA207CB49AFD48
:10515000C6F07F019074B3693E00020BEA209AFD0D
:10516000C4BB9074B3793E00021BEA20801E6D110F
:105170007E0441209074B3693E00020BEA209AFD40
:10518000C5769074B3793E00021BEA209074D87EF5
:10519000EBA07E70017CBA9CB7F0BEA00078CF90E7
:1051A00074B3693E00020BEA209AFDC7289074BAD6
:1051B0001BEA30E49074D8F09074B80BEA307E2487
:1051C000000A9AFDCF949074D87EEB7074012CB7CE
:1051D000F07402ACB77E3474BC2D357A71827A617A
:1051E000831BEA207E24000A9074B80BEA309AFDF3
:1051F000CF941BEA306D229074B80BEA30BD327840
:10520000B70252926D229074D87EEB707402ACB7E4
:105210007E3474BA2D357A71827A61830BEA30BD9F
:1052200032481B9074D87EEB707402ACB77E347435
:10523000BA2D357A71827A61830BEA00801D9074F1
:10524000D87EEB707402ACB77E3474BA2D357A71A7
:10525000827A61830BEA306D009D037E1400302D4D
:10526000109074AF693E00020BEA207A1B309074F4
:10527000AF693E00020BEA200B349074AF793E0018
:10528000021BEA209074D87EEBA07E70017CBA9C51
:10529000B7F09074D8E0BEB0006803025204907476
:1052A000B7E0BEB00078030253E5E49074D8F07420
:1052B0002E9074AF693E00020BEA207A1BB0907406
:1052C000AF693E00020BEA200B349074AF793E00C8
:1052D000021BEA206D229074BA0BEA30BD327812BC
:1052E00074309074AF693E00020BEA207A1BB00262
:1052F00053E5804B9074BA0BEA307E24000A9AFD85
:10530000CF949074D87EEB7074012CB7F07402AC1B
:10531000B77E3474CC2D357A71827A61831BEA2092
:105320007E24000A9074BA0BEA309AFDCF941BEAEF
:10533000309074B77EEBA07E70017CBA9CB7F09081
:1053400074B7E0BEB00078AC0253D96D229074D827
:105350007EEB707402ACB77E3474CA2D357A7182DC
:105360007A61830BEA30BD32481B9074D87EEB70B3
:105370007402ACB77E3474CA2D357A71827A618337
:105380000BEA00801D9074D87EEB707402ACB77E7F
:105390003474CA2D357A71827A61830BEA306D00DC
:1053A0009D037E1400302D109074AF693E00020BF7
:1053B000EA207A1B309074AF693E00020BEA200BA2
:1053C000349074AF793E00021BEA209074D87EEBD3
:1053D000A07E70017CBA9CB7F09074D8E0BEB0009B
:1053E000680302534BAA907AF01BEA00791E000270
:1053F000E4907AF4F09F11907AF5793E00021BEA6E
:10540000209F11907AF9793E00021BEA206D337ECD
:10541000243F80907AFD793E00021BEA20907AF0CA
:10542000693E00020BEA204D23680474018001E408
:105430007E145E017E0400FE7E34018E9AFDFE988D
:10544000907AF0693E00020BEA204D237803025661
:105450005C907AF0693E00020BEA207E1BB0BEB081
:105460002D781B7401907AF4F0907AF0693E000276
:105470000BEA200B34793E00021BEA208025907A4B
:10548000F0693E00020BEA207E1BB0BEB02B781301
:10549000907AF0693E00020BEA200B34793E00025C
:1054A0001BEA2080566D117E044120907AF5693EFA
:1054B00000020BEA209AFDC5767F71907AF0693E72
:1054C00000020BEA207E1B700A277E3400309D23E9
:1054D0007CB49AFDC6F07F017F179AFDC4BE907A16
:1054E000F5793E00021BEA20907AF0693E00020B3B
:1054F000EA200B34793E00021BEA20907AF0693EE4
:1055000000020BEA207E1BA07430BCAB4813907ADB
:10551000F0693E00020BEA207E1BA07439BCAB0888
:1055200084907AF0693E00020BEA207E1BB0BEB088
:105530002E680302561C907AF0693E00020BEA20A6
:105540000B34793E00021BEA2080716D117E04410C
:1055500020907AF9693E00020BEA209AFDC5767F19
:1055600071907AF0693E00020BEA207E1B700A27D8
:105570007E3400309D237CB49AFDC6F07F017F17F6
:105580009AFDC4BE907AF9793E00021BEA206D11A3
:105590007E044120907AFD693E00020BEA209AFDCC
:1055A000C576793E00021BEA20907AF0693E00023F
:1055B0000BEA200B34793E00021BEA20907AF06956
:1055C0003E00020BEA207E1BA07430BCAB482E903C
:1055D0007AF0693E00020BEA207E1BA07439BCAB56
:1055E000181B7E146B287E044E6E907AFD693E0077
:1055F000020BEA209AFDC697500302554B907AFDA4
:10560000691E00020BEA00907AF9693E00020BEA7B
:10561000209AFDC616793E00021BEA20907AF969AD
:105620001E00020BEA00907AF5693E00020BEA20A8
:105630009AFDC4BE793E00021BEA20907AF4E0BED7
:10564000B0006818907AF5693E00020BEA209AFDD6
:10565000C6DD907AF5793E00021BEA20907AF56962
:105660003E00020BEA20AA907243F090723F1BEAC0
:1056700020793E000290723B1BEA00791E00026D09
:10568000339072441BEA306D339072461BEA3090BF
:105690007243E0907272F090723B693E00020BEA36
:1056A000204D23680474018001E47E145E017E04B1
:1056B00000FE7E3401CE9AFDFE9890723B693E005A
:1056C000020BEA204D237803025A2190723F693E73
:1056D00000020BEA209AFDC7289072441BEA309022
:1056E000723F691E00020BEA009F119AFDC69728BF
:1056F00027742D90723B693E00020BEA207A1BB0A2
:1057000090723B693E00020BEA200B3490723B79A9
:105710003E00021BEA20806A90723F693E00020B45
:10572000EA204D23785C743090723B693E00020B96
:10573000EA207A1BB090723B693E00020BEA200B14
:105740003490723B793E00021BEA20742E90723B2B
:10575000693E00020BEA207A1BB090723B693E0062
:10576000020BEA200B3490723B793E00021BEA20C8
:10577000743090723B693E00020BEA207A1BB00243
:105780005A219072440BEA207CB49AFDC6F07F0146
:1057900090723F693E00020BEA209AFDC4BB9072F2
:1057A0003F793E00021BEA20801E6D117E044120DD
:1057B00090723F693E00020BEA209AFDC576907216
:1057C0003F793E00021BEA209072727EEBA07E7051
:1057D000017CBA9CB7F0BEA00078CF90723F693EC2
:1057E00000020BEA209AFDC7289072461BEA30E4BB
:1057F000907272F09072440BEA307E24000A9AFD97
:10580000CF949072727EEB7074012CB7F07402AC7E
:10581000B77E3472482D357A71827A61831BEA2013
:105820007E24000A9072440BEA309AFDCF941BEA62
:10583000306D229072440BEA30BD3278B70258CEF8
:105840006D229072727EEB707402ACB77E34724639
:105850002D357A71827A61830BEA30BD32481B9014
:1058600072727EEB707402ACB77E3472462D357A5C
:1058700071827A61830BEA00801D9072727EEB70F8
:105880007402ACB77E3472462D357A71827A6183A8
:105890000BEA306D009D037E1400302D1090723B9A
:1058A000693E00020BEA207A1B3090723B693E0091
:1058B000020BEA200B3490723B793E00021BEA2077
:1058C0009072727EEBA07E70017CBA9CB7F09072F1
:1058D00072E0BEB0006803025840907243E0BEB070
:1058E000007803025A21E4907272F0742E90723B99
:1058F000693E00020BEA207A1BB090723B693E00C1
:10590000020BEA200B3490723B793E00021BEA2026
:105910006D229072460BEA30BD327812743090726C
:105920003B693E00020BEA207A1BB0025A21804BF1
:105930009072460BEA307E24000A9AFDCF94907252
:10594000727EEB7074012CB7F07402ACB77E3472C7
:10595000602D357A71827A61831BEA207E24000AE9
:105960009072460BEA309AFDCF941BEA3090724356
:105970007EEBA07E70017CBA9CB7F0907243E0BED3
:10598000B00078AC025A156D229072727EEB707482
:1059900002ACB77E34725E2D357A71827A61830BE8
:1059A000EA30BD32481B9072727EEB707402ACB765
:1059B0007E34725E2D357A71827A61830BEA0080C3
:1059C0001D9072727EEB707402ACB77E34725E2DE5
:1059D000357A71827A61830BEA306D009D037E1403
:1059E00000302D1090723B693E00020BEA207A1BBA
:1059F0003090723B693E00020BEA200B3490723B00
:105A0000793E00021BEA209072727EEBA07E70014C
:105A10007CBA9CB7F0907272E0BEB0006803025985
:105A200087AA907C3D1BEA00791E0002907C3D69AC
:105A30001E00020BEA009AFDFFEA6D22907C41797C
:105A40003E00021BEA209F11907C45793E00021B1C
:105A5000EA20E4907C49F0E4907C4AF0907C3D6937
:105A60003E00020BEA204D23680474018001E47EAD
:105A7000145E017E0400FE7E3402219AFDFE9890A1
:105A80007C3D693E00020BEA204D237803025C0551
:105A9000907C4AE0BEB0007803025B93907C3D6945
:105AA0003E00020BEA207E1BA07461BCAB482F9025
:105AB0007C3D693E00020BEA207E1BA07466BCABF5
:105AC000181C907C3D693E00020BEA207E1B701A78
:105AD000577E4400579D54907C49F0025B64907C53
:105AE0003D693E00020BEA207E1BA07441BCAB481E
:105AF0002E907C3D693E00020BEA207E1BA074467E
:105B0000BCAB181B907C3D693E00020BEA207E1B5B
:105B1000701A577E4400379D54907C49F080459020
:105B20007C3D693E00020BEA207E1BA07430BCABBA
:105B30005803025C05907C3D693E00020BEA207E22
:105B40001BA07439BCAB0803025C05907C3D693E28
:105B500000020BEA207E1B701A577E4400309D54D1
:105B6000907C49F0907C45691E00020BEA007404A9
:105B70002F001478FB907C497EEB70740F5C7B0ADD
:105B8000376D224D314D20907C45793E00021BEA55
:105B900020803F907C3D693E00020BEA207E1BB0D6
:105BA000BEB030782D907C3D693E00020BEA200BA0
:105BB000347E1BB0BEB0787819907C3D693E0002FF
:105BC0000BEA200B34793E00021BEA207401907C22
:105BD0004AF0907C3D693E00020BEA200B34793E8E
:105BE00000021BEA20907C41693E00020BEA207E05
:105BF0002800017F019F02791E00021BEA004D234D
:105C00006803025A7F907C45693E00020BEA20AA95
:105C10009075F51BEA20793E00029075F11BEA00B1
:105C2000791E00027E345E307E2400FE7E1475F9FB
:105C30007E04000174109AFDD069E4907615F0900E
:105C400075F1693E00020BEA204D2368047401805F
:105C500001E47E145E017E0400FE7E34025F9AFD44
:105C6000FE9874309075F1693E00020BEA207A1BB1
:105C7000B09075F1693E00020BEA200B349075F18B
:105C8000793E00021BEA2074789075F1693E0002AB
:105C90000BEA207A1BB09075F1693E00020BEA20F6
:105CA0000B349075F1793E00021BEA209075F16982
:105CB0003E00020BEA204D237803025D959075F5B6
:105CC000693E00020BEA204D23781274309075F182
:105CD000693E00020BEA207A1BB0025D95804A9073
:105CE00075F5695E00020BEA407EA00F5CAB907612
:105CF000157EEB7074012CB7F00A277E3476092DDF
:105D0000327A71827A61837AEBA074049075F569B6
:105D10003E00020BEA201E341E2450034E60801405
:105D200078F4793E00021BEA209075F5693E000286
:105D30000BEA204D2378A88053907615E00A2B7E3D
:105D40003476082D327A71827A6183E01A2B7E34A0
:105D500075F92D327A71827A6183E09075F1693E2E
:105D600000020BEA207A1BB09075F1693E00020B2D
:105D7000EA200B349075F1793E00021BEA20907600
:105D8000157EEBA07E70017CBA9CB7F0907615E092
:105D9000BEB00078A4AA907956F09079521BEA0020
:105DA000791E000290794E1BEA20793E0002E490B1
:105DB0007960F0E4907961F0907956E0BEB00078B7
:105DC00003025E7D90794E693E00020BEA209079D5
:105DD00058793E00021BEA20907958693E00020B78
:105DE000EA20BE180000581E907958693E00020B48
:105DF000EA206E34FFFF6E24FFFF0B1C9079587968
:105E00003E00021BEA20907957E00A1B6D00907952
:105E100058693E00020BEA209AFDD0337E1800300C
:105E20002F01907952693E00020BEA207A1B3090D4
:105E30007957E00A1B6D00907958693E00020BEA21
:105E4000209AFDD033793E00021BEA209079617ED2
:105E5000EBA074012CBAF0907958693E00020BEA6D
:105E6000204D236815907952693E00020BEA200B01
:105E700034793E00021BEA20808C025F2C90794E20
:105E8000693E00020BEA2090795C793E00021BEA31
:105E900020907957E00A1B6D0090795C693E000202
:105EA0000BEA209AFDCFE27CB3907960F0907960A4
:105EB0007EEBA0740ABCAB400C7EA037907960E00A
:105EC0002CBAF0800A7EA030907960E02CBAF09075
:105ED0007960E0907952693E00020BEA207A1BB0AB
:105EE000907957E00A1B6D0090795C693E00020BC7
:105EF000EA209AFDCFE2793E00021BEA2090796108
:105F00007EEBA074012CBAF090795C693E00020B24
:105F1000EA204D236816907952693E00020BEA2070
:105F20000B34793E00021BEA20025E91907961E019
:105F300022907CF71BEA20793E0002907CF31BEA5A
:105F400000791E00029F11907CFB793E00021BEA43
:105F5000200260037E080001907CF7693E00020B7E
:105F6000EA209F10907CFB691E00020BEA009F1044
:105F70007D13907CF3693E00020BEA202D317E1BDD
:105F8000B0907CFFF0907CFB693E00020BEA207D24
:105F900013907CF3693E00020BEA202D317E1B300A
:105FA0007E280001907CF7693E00020BEA209F12D8
:105FB000907CFB695E00020BEA409F127D03907C9F
:105FC000F3693E00020BEA202D307A1B30907CFFF3
:105FD000E0907CFB693E00020BEA207D13907CF38D
:105FE000693E00020BEA202D317A1BB0907CFB69E0
:105FF0001E00020BEA007E1800012F10793E0002FD
:106000001BEA20907CF7693E00020BEA207F011E0C
:10601000141E0450034E2080907CFB693E00020B4E
:10602000EA20BF012803025F5422906F691BEA2017
:10603000793E0002906F651BEA00791E00027E34F3
:106040005E407E2400FE7E146FA67E040001741163
:106050009AFDD0699F11906F75793E00021BEA206E
:10606000906F65693E00020BEA20906F79793E00DF
:10607000021BEA20906F65693E00020BEA204D2367
:10608000681C906F6D693E00020BEA204D23680E7C
:10609000906F69693E00020BEA204D2378059F113D
:1060A0000267120266C7906F6D693E00020BEA201C
:1060B0007E1BB0BEB0256853906F6D693E00020B29
:1060C000EA207E1B300B34793E00021BEA20906FE1
:1060D00079693E00020BEA207A1B30906F79693EA5
:1060E00000020BEA200B34906F79793E00021BEA24
:1060F00020906F75691E00020BEA007E1800012FC8
:1061000010793E00021BEA200266C7906F6D693E5F
:1061100000020BEA200B34793E00021BEA20906F4C
:106120006D693E00020BEA207E1BB0249D780302BD
:10613000643124F0780302635E24FB780302648EEA
:106140002414680302666D906F71693E00020BEAC9
:10615000201B35793E00021BEA20906F71693E00DA
:10616000020BEA200B1A30906F7F1BEA306D3390E0
:106170006F911BEA306D33906F931BEA306D229064
:106180006F7F0BEA30BD32581C7E340001906F9354
:106190001BEA30906F7F0BEA306E34FFFF0B3490B8
:1061A0006F7F1BEA30906F7F0BEA307E24000A9AE3
:1061B000FDCF947E5400302D52906F910BEA207EDB
:1061C0003400012D321BEA307E346F812D327A711A
:1061D000827A6183F07E24000A906F7F0BEA309A06
:1061E000FDCF941BEA306D22906F7F0BEA30BD32F9
:1061F000080E906F910BEA207E34000FBD2348A556
:10620000906F930BEA206D33BD23681E742D906F41
:10621000910BEA207E3400012D321BEA307E346F70
:10622000812D327A71827A6183F06D33906F7D1B9C
:10623000EA308073906F7D0BEA207E346F812D32BF
:106240007A71827A6183E0906FB7F0906F7D0BEA8C
:1062500030906F910BEA209D237E346F802D327A2F
:1062600071827A6183E0906F7D0BEA207E346F81CA
:106270002D327A71827A6183F0906FB7E0906F7DF2
:106280000BEA30906F910BEA209D237E346F802DB6
:10629000327A71827A6183F0906F7D0BEA207E34CE
:1062A00000012D321BEA30906F910BEA307E240002
:1062B000029AFDCF947D23906F7D0BEA30BD32585A
:1062C000030262346D33906F7D1BEA30805C906F07
:1062D0007D0BEA207E346F812D327A71827A618360
:1062E000E0906F79693E00020BEA207A1BB0906F54
:1062F00079693E00020BEA200B34906F79793E00F9
:10630000021BEA20906F75691E00020BEA007E18DE
:1063100000012F10793E00021BEA20906F7D0BEAEE
:10632000207E3400012D321BEA30906F910BEA2061
:10633000906F7D0BEA30BD3258217E180001906FBE
:1063400069691E00020BEA009F01906F75693E00AB
:10635000020BEA20BF1050030262CE0266B4906FB7
:1063600071693E00020BEA201B36793E00021BEAEF
:1063700020906F71691E00020BEA00693000020B69
:106380000A20906F95793E00021BEA20906F956974
:106390003E00020BEA204D2378127E345DFA7E2403
:1063A00000FE906F95793E00021BEA208050906FAE
:1063B00095693E00020BEA207E1B300B34793E00CB
:1063C000021BEA20906F79693E00020BEA207A1BDB
:1063D00030906F79693E00020BEA200B34906F79A0
:1063E000793E00021BEA20906F75691E00020BEADD
:1063F000007E1800012F10793E00021BEA20906FEA
:1064000095693E00020BEA207E1BB0BEB000681EFC
:106410007E180001906F69691E00020BEA009F015F
:10642000906F75693E00020BEA20BF104080026643
:10643000B4906F71693E00020BEA201B35793E0073
:10644000021BEA20906F71693E00020BEA200B1AD2
:1064500010906F79693E00020BEA207A1B30906F32
:1064600079693E00020BEA200B34906F79793E0087
:10647000021BEA20906F75691E00020BEA007E186D
:1064800000012F10793E00021BEA200266B4906FD3
:1064900071693E00020BEA201B36793E00021BEABE
:1064A00020906F71691E00020BEA00693000020B38
:1064B0000A20906F99793E00021BEA206D33906F9D
:1064C000911BEA30906F99693E00020BEA207E240E
:1064D000000F5D237E346FA62D327A71827A61833C
:1064E000E0906F910BEA207E3400012D321BEA30E0
:1064F0007E346F9D2D327A71827A6183F0740490BC
:106500006F99693E00020BEA201E341E2450034E90
:1065100060801478F4793E00021BEA20906F99693C
:106520003E00020BEA20BE180000280E906F910B6F
:10653000EA207E340008BD23488A6D33906F7D1BAE
:10654000EA308073906F7D0BEA207E346F9D2D3290
:106550007A71827A6183E0906FB7F0906F7D0BEA79
:1065600030906F910BEA209D237E346F9C2D327A00
:1065700071827A6183E0906F7D0BEA207E346F9D9B
:106580002D327A71827A6183F0906FB7E0906F7DDF
:106590000BEA30906F910BEA209D237E346F9C2D87
:1065A000327A71827A6183F0906F7D0BEA207E34BB
:1065B00000012D321BEA30906F910BEA307E2400EF
:1065C000029AFDCF947D23906F7D0BEA30BD325847
:1065D000030265446D33906F7D1BEA30805C906FE1
:1065E0007D0BEA207E346F9D2D327A71827A618331
:1065F000E0906F79693E00020BEA207A1BB0906F41
:1066000079693E00020BEA200B34906F79793E00E5
:10661000021BEA20906F75691E00020BEA007E18CB
:1066200000012F10793E00021BEA20906F7D0BEADB
:10663000207E3400012D321BEA30906F910BEA204E
:10664000906F7D0BEA30BD3258217E180001906FAB
:1066500069691E00020BEA009F01906F75693E0098
:10666000020BEA20BF1050030265DE8047906F6D79
:10667000693E00020BEA207E1B30906F79693E0074
:10668000020BEA207A1B30906F79693E00020BEA18
:10669000200B34906F79793E00021BEA20906F75D1
:1066A000691E00020BEA007E1800012F10793E00DF
:1066B000021BEA20906F6D693E00020BEA200B344A
:1066C000793E00021BEA20906F6D693E00020BEAE2
:1066D000207E1BB0BEB00068217E180001906F695B
:1066E000691E00020BEA009F01906F75693E00026F
:1066F0000BEA20BF1050030260A6E4906F79693E58
:1067000000020BEA207A1BB0906F75693E00020B05
:10671000EA20AA906E841BEA20793E0002906E80E7
:106720001BEA00791E00029F11906E88793E0002DC
:106730001BEA207E346E807E240001906E8C793EB0
:1067400000021BEA20027020906E84693E00020B5A
:10675000EA207E1BB0906E90F0906E90E0BEB02567
:106760006803026FC9906E84693E00020BEA200B39
:1067700034793E00021BEA207E1BB024DBBEB054FD
:10678000400302700D7EA003A490678D73026F8E8C
:1067900002700D02700D02700D02700D02700D027C
:1067A000700D02700D02700D02700D02700D0270FE
:1067B0000D02700D02700D02700D02700D02700D51
:1067C00002700D02700D02700D02700D02700D024C
:1067D000700D02700D02700D02700D02700D0270CE
:1067E0000D02700D02700D02700D02700D02700D21
:1067F0000269DE02700D02700D02700D02700D0252
:10680000700D02700D02700D02700D02700D02709D
:106810000D02700D02700D02700D02700D02700DF0
:1068200002700D02700D026D9402700D02700D0267
:10683000700D02700D02700D02700D02700D02706D
:106840000D02700D02700D02688C0268F202700D6C
:106850000269DE02700D02700D0268F202700D0214
:10686000700D02700D02700D02700D026CDC026E74
:10687000E802700D02700D026E4C02700D026C2465
:1068800002700D02700D026D9402700D906E8C6995
:106890003E00020BEA201B36793E00021BEA2090E4
:1068A0006E8C693E00020BEA20695100020B1A400F
:1068B000906E91F0906E91E0906E80693E00020BB8
:1068C000EA207A1BB0906E80693E00020BEA200B32
:1068D00034793E00021BEA20906E88691E00020B8C
:1068E000EA007E1800012F10793E00021BEA200208
:1068F000700D906E8C693E00020BEA201B36793ECB
:1069000000021BEA20906E8C691E00020BEA0069EF
:106910003000020B0A20906EB2793E00021BEA2082
:10692000740A907957F0906EB2693E00020BEA202B
:106930007E146E917E0400017401125D96906EB615
:10694000F0906EB2693E00020BEA20BE18000058BB
:10695000237EA02D906EB6E00A2B7E346E912D32F0
:106960007A71827A61837AEBA0906EB67EEBA07426
:10697000012CBAF07E146E917E040001906EB6E098
:106980000A3B6D22125F31906EB6E00A3BCA397E37
:10699000346E917E240001906E80691E00020BEA25
:1069A000009AFE29DD1BFD906EB6E00A1B906E80FA
:1069B000693E00020BEA202D31793E00021BEA20DD
:1069C000906EB6E00A1B6D00906E88693E00020B67
:1069D000EA202F10793E00021BEA2002700D906E13
:1069E0008C693E00020BEA201B36793E00021BEA4E
:1069F00020906E8C691E00020BEA00693000020BC9
:106A00000A20906EB2793E00021BEA20740A907947
:106A100057F0906EB2693E00020BEA209AFDC7283B
:106A20007E146E917E0400017401125D96906EB624
:106A3000F0906EB2691E00020BEA009F119AFDC62B
:106A40009728237EA02D906EB6E00A2B7E346E919F
:106A50002D327A71827A61837AEBA0906EB67EEBEA
:106A6000A074012CBAF07E146E917E040001906E29
:106A7000B6E00A3B6D22125F31906EB6E00A3BCA67
:106A8000397E346E917E240001906E80691E000272
:106A90000BEA009AFE29DD1BFD906EB6E00A1B9002
:106AA0006E80693E00020BEA202D31793E00021B08
:106AB000EA20906EB6E00A1B6D00906E88693E0079
:106AC000020BEA202F10793E00021BEA20906EB2E2
:106AD000693E00020BEA209AFDC7287CB49AFDC6E5
:106AE000EB7F01906EB2693E00020BEA209AFDC472
:106AF000BB7E1424007E0449749AFDC576906EB264
:106B0000793E00021BEA20906EB2693E00020BEA59
:106B1000204D236827740A907957F0906EB2693E31
:106B200000020BEA209AFDC7287E146E917E0400B5
:106B3000017401125D96906EB6F0802A7430906EEA
:106B400096F07430906E95F07430906E94F07430CE
:106B5000906E93F07430906E92F07430906E91F06D
:106B60007406906EB6F080237EA030906EB6E00A78
:106B70002B7E346E912D327A71827A61837AEBA00A
:106B8000906EB67EEBA074012CBAF0906EB67EEBE0
:106B9000A07406BCAB40D17EA02E906EB6E00A2B4E
:106BA0007E346E912D327A71827A61837AEBA09075
:106BB0006EB67EEBA074012CBAF07E146E917E044A
:106BC0000001906EB6E00A3B6D22125F31906EB606
:106BD000E00A3BCA397E346E917E240001906E80BB
:106BE000691E00020BEA009AFE29DD1BFD906EB6BD
:106BF000E00A1B906E80693E00020BEA202D31797D
:106C00003E00021BEA20906EB6E00A1B6D00906EFB
:106C100088693E00020BEA202F10793E00021BEA31
:106C20002002700D906E8C693E00020BEA201B362C
:106C3000793E00021BEA20906E8C691E00020BEA6E
:106C400000693000020B0A20906EB2793E00021BF0
:106C5000EA20740A907957F0906EB2693E00020BF8
:106C6000EA207E146E917E040001E4125D96906E1F
:106C7000B6F07E146E917E040001906EB6E00A3B81
:106C80006D22125F31906EB6E00A3BCA397E346ED7
:106C9000917E240001906E80691E00020BEA009A2A
:106CA000FE29DD1BFD906EB6E00A1B906E80693EEA
:106CB00000020BEA202D31793E00021BEA20906E83
:106CC000B6E00A1B6D00906E88693E00020BEA2058
:106CD0002F10793E00021BEA2002700D906E8C6925
:106CE0003E00020BEA201B36793E00021BEA209090
:106CF0006E8C691E00020BEA00693000020B0A204C
:106D0000906EB2793E00021BEA207408907957F029
:106D1000906EB2693E00020BEA207E146E917E04F2
:106D20000001E4125D96906EB6F07E146E917E04C2
:106D30000001906EB6E00A3B6D22125F31906EB694
:106D4000E00A3BCA397E346E917E240001906E8049
:106D5000691E00020BEA009AFE29DD1BFD906EB64B
:106D6000E00A1B906E80693E00020BEA202D31790B
:106D70003E00021BEA20906EB6E00A1B6D00906E8A
:106D800088693E00020BEA202F10793E00021BEAC0
:106D90002002700D906E8C693E00020BEA201B36BB
:106DA000793E00021BEA20906E8C691E00020BEAFD
:106DB00000693000020B0A20906EB2793E00021B7F
:106DC000EA207410907957F0906EB2693E00020B81
:106DD000EA207E146E917E040001E4125D96906EAE
:106DE000B6F07E146E917E040001906EB6E00A3B10
:106DF0006D22125F31906EB6E00A3BCA397E346E66
:106E0000917E240001906E80691E00020BEA009AB8
:106E1000FE29DD1BFD906EB6E00A1B906E80693E78
:106E200000020BEA202D31793E00021BEA20906E11
:106E3000B6E00A1B6D00906E88693E00020BEA20E6
:106E40002F10793E00021BEA2002700D906E8C69B3
:106E50003E00020BEA201B36793E00021BEA20901E
:106E60006E8C691E00020BEA00693000020B0A20DA
:106E7000906E91793E00021BEA208057906E9169D6
:106E80003E00020BEA207E1B30906E80693E0002BD
:106E90000BEA207A1B30906E80693E00020BEA20DC
:106EA0000B34793E00021BEA20906E88691E0002B6
:106EB0000BEA007E1800012F10793E00021BEA2029
:106EC000906E91693E00020BEA200B34793E00027D
:106ED0001BEA20906E91693E00020BEA207E1BB0F7
:106EE000BEB000789702700D906E8C693E00020B68
:106EF000EA201B36793E00021BEA20906E8C691E48
:106F000000020BEA00693000020B0A20906EB27991
:106F10003E00021BEA207410907957F0906EB2691F
:106F20003E00020BEA207E146E917E040001E41202
:106F30005D967E146E917E0400017E180008125F3B
:106F4000317E340008CA397E346E917E240001906F
:106F50006E80691E00020BEA009AFE29DD1BFD907F
:106F60006E80693E00020BEA202E340008793E0054
:106F7000021BEA207E080008906E88693E00020B22
:106F8000EA202F10793E00021BEA2002700D7425C2
:106F9000906E80693E00020BEA207A1BB0906E80F2
:106FA000693E00020BEA200B34793E00021BEA2006
:106FB000906E88691E00020BEA007E1800012F10F7
:106FC000793E00021BEA208044906E84693E0002F4
:106FD0000BEA207E1B30906E80693E00020BEA2097
:106FE0007A1B30906E80693E00020BEA200B3479E8
:106FF0003E00021BEA20906E88691E00020BEA0028
:107000007E1800012F10793E00021BEA20906E844A
:10701000693E00020BEA200B34793E00021BEA2095
:10702000906E84693E00020BEA207E1BB0BEB00069
:107030006803026748906E88693E00020BEA20AA46
:10704000906FBA1BEA00791E0002906FB81BEA30FD
:107050007E3459237E2400FE7E146FC67E04000118
:1070600074409AFDD0696D339070061BEA306D3321
:107070009070081BEA30906FBA691E00020BEA009C
:107080006D337E240080BF0150030272E90272D585
:10709000906FC2693E00020BEA20BE18004028062D
:1070A0007E340040800A906FC2693E00020BEA20E5
:1070B0009070061BEA309070060BEA30CA39906F68
:1070C000BA693E00020BEA207E146FC67E040001FE
:1070D0009AFE29DD1BFD9070060BEA106D00906F83
:1070E000C2693E00020BEA209F10793E00021BEAB3
:1070F000209070060BEA10906FBA693E00020BEA0E
:10710000202D31793E00021BEA209070060BEA0028
:107110007E1400019D017E1400FF5D10906FB80B7E
:10712000EA301A261A242F112F117E545A0F7E444A
:1071300000FE2F21693200020B2A207A1B3090704A
:10714000060BEA207E3400019D237E34FF005D3271
:107150007D130A12906FB80BEA301A261A242F11E9
:107160002F117E5459A37E4400FE2F216932000264
:107170000B2A207A1B307E346FC67D130A12906F63
:10718000B80BEA301A261A242F112F117E5459BB3E
:107190007E4400FE2F21693200020B2A207A1B3028
:1071A0007E146FC6906FB80BEA301A261A242F117E
:1071B0002F117E5459D37E4400FE2F2169320002E4
:1071C0000B2A207A1B309070080BEA10906FBE6972
:1071D0003E00020BEA202D317D130A12906FB80B8E
:1071E000EA301A261A242F112F117E5459BB7E44DF
:1071F00000FE2F21693200020B2A207A1B3090708A
:10720000080BEA10906FBE693E00020BEA202D3198
:107210007D13906FB80BEA301A261A242F112F1104
:107220007E5459D37E4400FE2F21693200020B2A7E
:10723000207A1B307440906FB80BEA301A261A245B
:107240002F112F117E145A037E0400FE2F01693086
:1072500000020B0A207A1BB074C1906FB80BEA30A1
:107260001A261A242F112F117E14590B7E0400FEAA
:107270002F01693000020B0A207A1BB0906FB80B07
:10728000EA301A261A242F112F117E145A1B7E045D
:1072900000FE2F01693000020B0A207E1BB030E097
:1072A000DBE4906FB80BEA301A261A242F112F1145
:1072B0007E145A1B7E0400FE2F01693000020B0A67
:1072C000207A1BB09070060BEA209070080BEA3011
:1072D0002D321BEA30906FC2693E00020BEA204D4E
:1072E0002368030270900274AF906FC2693E00027F
:1072F0000BEA207D037E1400019D017E1400FF5DDA
:10730000106D00906FB80BEA301A261A242F112F37
:10731000117E545A0F7E4400FE2F21693200020B69
:107320002A207A1B30906FC2693E00020BEA207D52
:10733000237E3400019D237E34FF005D326D227C6C
:1073400036906FB80BEA301A261A242F112F117EAF
:107350005459A37E4400FE2F21693200020B2A20DB
:107360007A1B30906FBA693E00020BEA207D130A47
:1073700012906FB80BEA301A261A242F112F117EA3
:107380005459BB7E4400FE2F21693200020B2A2093
:107390007A1B30906FBA693E00020BEA207D139091
:1073A0006FB80BEA301A261A242F112F117E545968
:1073B000D37E4400FE2F21693200020B2A207A1B63
:1073C00030906FBE693E00020BEA207D130A1290D6
:1073D0006FB80BEA301A261A242F112F117E545938
:1073E000AF7E4400FE2F21693200020B2A207A1B57
:1073F00030906FBE693E00020BEA207D13906FB89B
:107400000BEA301A261A242F112F117E5459C77EE9
:107410004400FE2F21693200020B2A207A1B3074AF
:1074200060906FB80BEA301A261A242F112F117EA4
:10743000145A037E0400FE2F01693000020B0A205B
:107440007A1BB074C1906FB80BEA301A261A242F39
:10745000112F117E14590B7E0400FE2F016930009C
:10746000020B0A207A1BB0906FB80BEA301A261A6A
:10747000242F112F117E145A1B7E0400FE2F016948
:107480003000020B0A207E1BB030E0DBE4906FB8C6
:107490000BEA301A261A242F112F117E145A1B7E44
:1074A0000400FE2F01693000020B0A207A1BB0AAEB
:1074B0009070591BEA00791E00029070571BEA3049
:1074C0007E3459637E2400FE7E1470617E040001C8
:1074D00074409AFDD0696D339070A11BEA309070B2
:1074E00059691E00020BEA006D337E240080BF0143
:1074F00050030276D20276BE90705D693E00020BA8
:10750000EA20BE18004028067E340040800A9070B1
:107510005D693E00020BEA209070A11BEA3090707A
:10752000A10BEA30CA39907059693E00020BEA207B
:107530007E1470617E0400019AFE29DD1BFD9070AF
:10754000A10BEA106D0090705D693E00020BEA200D
:107550009F10793E00021BEA209070A10BEA109068
:107560007059693E00020BEA202D31793E00021B62
:10757000EA209070A10BEA007E1400019D017E14A8
:1075800000FF5D109070570BEA301A261A242F1155
:107590002F117E545A0F7E4400FE2F2169320002C3
:1075A0000B2A207A1B309070A10BEA207E34000158
:1075B0009D237E34FF005D327D130A129070570BBD
:1075C000EA301A261A242F112F117E5459A37E4413
:1075D00000FE2F21693200020B2A207A1B307E34F4
:1075E00070617D130A129070570BEA301A261A2424
:1075F0002F112F117E5459BB7E4400FE2F2169327A
:1076000000020B2A207A1B307E1470619070570B99
:10761000EA301A261A242F112F117E5459D37E4492
:1076200000FE2F21693200020B2A207A1B307440A1
:107630009070570BEA301A261A242F112F117E143E
:107640005A037E0400FE2F01693000020B0A207AE3
:107650001BB074C19070570BEA301A261A242F11F0
:107660002F117E14590B7E0400FE2F016930000299
:107670000B0A207A1BB09070570BEA301A261A2496
:107680002F112F117E145A1B7E0400FE2F0169302A
:1076900000020B0A207E1BB030E0DBE49070570B39
:1076A000EA301A261A242F112F117E145A1B7E0439
:1076B00000FE2F01693000020B0A207A1BB0907087
:1076C0005D693E00020BEA204D2368030274F80254
:1076D000783A90705D693E00020BEA207D037E14CB
:1076E00000019D017E1400FF5D106D009070570B2E
:1076F000EA301A261A242F112F117E545A0F7E4475
:1077000000FE2F21693200020B2A207A1B30907074
:107710005D693E00020BEA207D237E3400019D233B
:107720007E34FF005D326D227C369070570BEA305C
:107730001A261A242F112F117E5459A37E4400FEBD
:107740002F21693200020B2A207A1B309070596970
:107750003E00020BEA207D130A129070570BEA30AC
:107760001A261A242F112F117E5459BB7E4400FE75
:107770002F21693200020B2A207A1B309070596940
:107780003E00020BEA207D139070570BEA301A2658
:107790001A242F112F117E5459D37E4400FE2F211D
:1077A000693200020B2A207A1B3074409070570B0C
:1077B000EA301A261A242F112F117E145A037E0440
:1077C00000FE2F01693000020B0A207A1BB074C141
:1077D0009070570BEA301A261A242F112F117E149D
:1077E000590B7E0400FE2F01693000020B0A207A3B
:1077F0001BB09070570BEA301A261A242F112F1144
:107800007E145A1B7E0400FE2F01693000020B0A11
:10781000207E1BB030E0DBE49070570BEA301A2674
:107820001A242F112F117E145A1B7E0400FE2F01E3
:10783000693000020B0A207A1BB0AA907F1B1BEA5A
:1078400000791E0002907F191BEA30907F1F693E6D
:1078500000020BEA207D037E1400019D017E1400CE
:10786000FF5D106D00907F190BEA301A261A242F45
:10787000112F117E545A0F7E4400FE2F21693200D1
:10788000020B2A207A1B30907F1F693E00020BEA10
:10789000207D237E3400019D237E34FF005D326D08
:1078A000227C36907F190BEA301A261A242F112FCA
:1078B000117E5459A37E4400FE2F21693200020B31
:1078C0002A207A1B30907F1B693E00020BEA207D44
:1078D000130A12907F190BEA301A261A242F112F3F
:1078E000117E5459AF7E4400FE2F21693200020BF5
:1078F0002A207A1B30907F1B693E00020BEA207D14
:1079000013907F190BEA301A261A242F112F117E9B
:107910005459C77E4400FE2F21693200020B2A20F1
:107920007A1B307420907F190BEA301A261A242F04
:10793000112F117E145A037E0400FE2F01693000BE
:10794000020B0A207A1BB074C1907F190BEA301A1F
:10795000261A242F112F117E14590B7E0400FE2F9E
:1079600001693000020B0A207A1BB0907F190BEAE4
:10797000301A261A242F112F117E145A1B7E040050
:10798000FE2F01693000020B0A207E1BB030E0DBC5
:10799000E4907F190BEA301A261A242F112F117E3A
:1079A000145A1B7E0400FE2F01693000020B0A20CE
:1079B0007A1BB0AA9083E7F09083E51BEA307E182B
:1079C000000190705D793E00021BEA209083E50B78
:1079D000EA307E1483E77E0400019AFC74B0AA901A
:1079E0007F251BEA00791E0002907F231BEA30905E
:1079F0007F29693E00020BEA2090705D793E00020B
:107A00001BEA20907F230BEA30907F25691E00023D
:107A10000BEA009AFC74B0AA90837C1BEA20908346
:107A20007A1BEA307E18000290705D793E00021BDE
:107A3000EA2090837A0BEA307E14837C7E04000176
:107A40009AFC74B0AA907F2F1BEA00791E00029066
:107A50007F2D1BEA30907F33693E00020BEA202F16
:107A60001190705D793E00021BEA20907F2D0BEA99
:107A700030907F2F691E00020BEA009AFC74B0AAB6
:107A80009083817AEB50908380F090837E1BEA3064
:107A90007E18000190705D793E00021BEA20908301
:107AA0007E0BEA307E1483807E0400019AFC74B061
:107AB0007E18000190705D793E00021BEA209083E1
:107AC0007E0BEA307E1483817E0400019AFC74B040
:107AD000AA907EB01BEA00791E0002907EAFF09063
:107AE0007EAD1BEA307E18000190705D793E000289
:107AF0001BEA20907EAD0BEA307E147EAF7E040040
:107B0000019AFC74B0907EB4693E00020BEA2090AA
:107B1000705D793E00021BEA20907EAD0BEA30904A
:107B20007EB0691E00020BEA009AFC74B0AA908233
:107B30001D1BEA1090821B1BEA209082191BEA3061
:107B40007E18000290705D793E00021BEA20908250
:107B5000190BEA307E14821B7E0400019AFC74B07B
:107B60007E18000290705D793E00021BEA20908230
:107B7000190BEA307E14821D7E0400019AFC74B059
:107B8000AA907DA91BEA00791E0002907DA71BEA3E
:107B900020907DA51BEA307E18000290705D793E32
:107BA00000021BEA20907DA50BEA307E147DA77EA3
:107BB0000400019AFC74B0907DAD693E00020BEAAE
:107BC000202F1190705D793E00021BEA20907DA568
:107BD0000BEA30907DA9691E00020BEA009AFC7442
:107BE000B0AA9083E81BEA30E49083EAF07E1800A4
:107BF00001907F1F793E00021BEA209083E80BEA88
:107C0000307E1483EA7E0400019AFC783B9083EA7C
:107C1000E0AA907F391BEA00791E0002907F371B93
:107C2000EA30907F3D693E00020BEA20907F1F7989
:107C30003E00021BEA20907F370BEA30907F3969C3
:107C40001E00020BEA009AFC783BAA9083821BEA92
:107C5000307E180002907F1F793E00021BEA2090C0
:107C600083820BEA307E1483847E0400019AFC78C0
:107C70003B9083840BEA30AA907F431BEA00791E75
:107C80000002907F411BEA30907F47693E00020B63
:107C9000EA202F11907F1F793E00021BEA20907F7F
:107CA000410BEA30907F43691E00020BEA009AFC08
:107CB000783BAA908388F09083861BEA30E4908317
:107CC00089F07E18000190705D793E00021BEA2069
:107CD0009083860BEA307E1483887E0400019AFC30
:107CE00074B07E180001907F1F793E00021BEA20CD
:107CF0009083860BEA307E1483897E0400019AFC0F
:107D0000783B908389E0AA907EBB1BEA00791E0035
:107D100002907EBAF0907EB81BEA307E1800019087
:107D2000705D793E00021BEA20907EB80BEA307E3F
:107D3000147EBA7E0400019AFC74B0907EBF693E46
:107D400000020BEA20907F1F793E00021BEA209080
:107D50007EB80BEA30907EBB691E00020BEA009AE7
:107D6000FC783BAA9082211BEA2090821F1BEA30FC
:107D70007E18000290705D793E00021BEA2090821E
:107D80001F0BEA307E1482217E0400019AFC74B03D
:107D90007E180002907F1F793E00021BEA2090822D
:107DA0001F0BEA307E1482237E0400019AFC783B8C
:107DB0009082230BEA30AA907DB51BEA00791E0061
:107DC00002907DB31BEA20907DB11BEA307E180043
:107DD0000290705D793E00021BEA20907DB10BEAB3
:107DE000307E147DB37E0400019AFC74B0907DB99E
:107DF000693E00020BEA20907F1F793E00021BEAD9
:107E000020907DB10BEA30907DB5691E00020BEA2F
:107E1000009AFC783BAA907C771BEA00791E00024E
:107E2000907C751BEA30907C7B693E00020BEA2057
:107E3000906FBE793E00021BEA20907C7F693E0075
:107E4000020BEA20906FC2793E00021BEA20907C70
:107E5000750BEA30907C77691E00020BEA009AFCF1
:107E60007040AA907C851BEA00791E0002907C83FA
:107E70001BEA30907C89693E00020BEA20906FBEBD
:107E8000793E00021BEA20907C8D693E00020BEADD
:107E9000202F11906FC2793E00021BEA20907C8354
:107EA0000BEA30907C85691E00020BEA009AFC7098
:107EB00040AA9079B61BEA00791E00029079B41BA3
:107EC000EA209079B21BEA309F119079C2793E0086
:107ED000021BEA209079BC0BEA307E24FF005D2370
:107EE0009079BA0BEA107E34FF005D31BD32681123
:107EF000E47E1458E17E0400FE7E3402519AFDFEB9
:107F0000989079BA0BEA207E3400FF5D327E24001F
:107F10000174017E1400109AFD40E79079BC0BEAD1
:107F2000207E3400FF5D327E24000174017E140047
:107F3000109AFD40E79079BE0BEA207E34FFFFBD2A
:107F40002368189079BE0BEA207E3400FF5D326D05
:107F50002274017E1400039AFD40E79079C00BEA79
:107F6000207E34FFFFBD2368199079C00BEA207E84
:107F70003400FF5D327E240001E47E1400109AFD7F
:107F800040E79079B6693E00020BEA20BE18968061
:107F900040649079BA0BEA207E3400FF5D326D2296
:107FA0009AFD39ED9079BC0BEA207E3400FF5D32FA
:107FB0006D229AFD39ED9079BE0BEA207E34FFFFE9
:107FC000BD2368129079BE0BEA207E3400FF5D323B
:107FD0006D229AFD39ED9079C00BEA207E34FFFFC7
:107FE000BD2368129079C00BEA207E3400FF5D3219
:107FF0006D229AFD39ED9079B20BEA301B3468742A
:108000001B3478030281A50B3568030282B153A2A9
:10801000F39079BA0BEA307D231A247E3400035D95
:10802000321B3468141B3468151B3468162E340058
:10803000037813E5A2F5A2800D43A204800843A2B1
:1080400008800343A20CE4F5CE43CE9043CE0390C8
:1080500079B40BEA301B35680D1B34680E0B35788C
:108060000D43CE04800843CE08800343CE0C43CE9C
:10807000400282B174FC7E14FD6C7E04007E7E0B97
:10808000705C7B7A0B709079BA0BEA307D231A24EE
:108090007E3400035D321B34681E1B34682E1B3493
:1080A000683E2E340003784A7E14FD6C7E04007E08
:1080B0007E0B707A0B70803A74017E14FD6C7E0426
:1080C000007E7E0B704C7B7A0B70802674027E14CF
:1080D000FD6C7E04007E7E0B704C7B7A0B708012F0
:1080E00074037E14FD6C7E04007E7E0B704C7B7AE4
:1080F0000B70E47E34F8007E24007E7A1BB074900E
:108100007E14F8007E04007E7E0B704C7B7A0B7030
:108110009079B6691E00020BEA00908336693E0032
:10812000020BEA209AFDCFE29079C2793E00021B51
:10813000EA2074037E14F8007E04007E7E0B704CEF
:108140007B7A0B709079B40BEA301B35681C1B34BA
:10815000682C0B35783A74047E14F8007E04007E97
:108160007E0B704C7B7A0B70802674087E14F800AE
:108170007E04007E7E0B704C7B7A0B708012740C38
:108180007E14F8007E04007E7E0B704C7B7A0B70B0
:1081900074407E14F8007E04007E7E0B704C7B7A67
:1081A0000B700282B174F37E14FD6C7E04007E7E3F
:1081B0000B705C7B7A0B709079BA0BEA307D231AD6
:1081C000247E3400035D321B34681E1B34682E1B72
:1081D00034683E2E340003784A7E14FD6C7E040021
:1081E0007E7E0B707A0B70803A74047E14FD6C7E78
:1081F00004007E7E0B704C7B7A0B70802674087EA8
:1082000014FD6C7E04007E7E0B704C7B7A0B7080BC
:1082100012740C7E14FD6C7E04007E7E0B704C7B11
:108220007A0B70E47E34F8207E24007E7A1BB074D2
:10823000907E14F8207E04007E7E0B704C7B7A0BBF
:108240007074037E14F8207E04007E7E0B704C7BDD
:108250007A0B709079B40BEA301B35681C1B3468BC
:108260002C0B35783A74047E14F8207E04007E7E50
:108270000B704C7B7A0B70802674087E14F8207E7D
:1082800004007E7E0B704C7B7A0B708012740C7E27
:1082900014F8207E04007E7E0B704C7B7A0B707489
:1082A000407E14F8207E04007E7E0B704C7B7A0B9F
:1082B00070E49079B20BEA301A261A242F112F118C
:1082C0007E1459177E0400FE2F01693000020B0A4C
:1082D000207A1BB074109079B20BEA301A261A2457
:1082E0002F112F117E1459F77E0400FE2F016930E3
:1082F00000020B0A207A1BB09079B6691E00020BAF
:10830000EA00908336693E00020BEA209AFDCFE234
:108310004D0178046DFF80047EF400017D3F1A3624
:108320001AE69079B6691E00020BEA00908336695E
:108330003E00020BEA209AFDCFE22F179079C27916
:108340003E00021BEA209079C2693E00020BEA203F
:10835000BE1800FF280E7E1800FF9079C2793E00FB
:10836000021BEA209079C2691E00020BEA00907994
:10837000B20BEA301A261A242F112F117E545A27D5
:108380007E4400FE2F21693200020B2A207A1B3026
:10839000E49079B20BEA301A261A242F112F117E9D
:1083A000145A1B7E0400FE2F01693000020B0A20C4
:1083B0007A1BB0E49079B20BEA301A261A242F11F6
:1083C0002F117E145A037E0400FE2F016930000233
:1083D0000B0A207A1BB0E49079B20BEA301A261A05
:1083E000242F112F117E1459DF7E0400FE2F016906
:1083F0003000020B0A207A1BB0E49079B20BEA300D
:108400001A261A242F112F117E1459EB7E0400FE18
:108410002F01693000020B0A207A1BB074C19079D9
:10842000B20BEA301A261A242F112F117E14590B81
:108430007E0400FE2F01693000020B0A207A1BB077
:10844000AA9083EDF09083EB1BEA309083EB0BEA6C
:10845000301B3468191B3468410B35786974C0F5DA
:10846000CD9083EDE0F5CFE5CD30E7FB806974C0BA
:108470007E34F8017E24007E7A1BB09083EDE07E8E
:1084800034F8027E24007E7A1BB07E34F8017E240C
:10849000007E7E1BB030E7F2803D74C07E34F82150
:1084A0007E24007E7A1BB09083EDE07E34F8227E3D
:1084B00024007E7A1BB07E34F8217E24007E7E1B51
:1084C000B030E7F28011E47E1458E17E0400FE7EB5
:1084D0003402F79AFDFE98AA90838CF090838A1B51
:1084E000EA3074FF90838DF090838A0BEA301B345E
:1084F00068231B34685A0B35680302858B74C0F5FA
:10850000CD90838CE0F5CFE5CD30E7FBE5CF9083D0
:108510008DF002859C74C07E34F8017E24007E7A42
:108520001BB090838CE07E34F8027E24007E7A1BA0
:10853000B07E34F8017E24007E7E1BB030E7F27EF0
:1085400034F8027E24007E7E1BB090838DF0804C38
:1085500074C07E34F8217E24007E7A1BB090838C18
:10856000E07E34F8227E24007E7A1BB07E34F8212F
:108570007E24007E7E1BB030E7F27E34F8227E241B
:10858000007E7E1BB090838DF08011E47E1458E154
:108590007E0400FE7E3403159AFDFE9890838DE0E4
:1085A000AA9083F0F09083EE1BEA309083EE0BEA02
:1085B000309083F0E09AFC8441AA907F4D1BEA0042
:1085C000791E0002907F4B1BEA308020907F4B0B7E
:1085D000EA30907F4D691E00020BEA007E0BB00B63
:1085E00014791E00021BEA009AFC8441907F5169B5
:1085F0003E00020BEA207E2800017F019F02791EC7
:1086000000021BEA004D2378C3AA9083901BEA2046
:1086100090838E1BEA3090838E0BEA309083900B10
:10862000EA107E24FF005D217D520A5A9AFC8441A3
:1086300090838E0BEA309083900BEA207E5400FFEB
:108640005D529AFC8441AA907F571BEA00791E0074
:1086500002907F551BEA308047907F550BEA30909F
:108660007F57691E00020BEA000B0A107E24FF00F0
:108670005D217D520A5A9AFC8441907F550BEA3065
:10868000907F57691E00020BEA000B0A200B157938
:108690001E00021BEA007E5400FF5D529AFC8441DA
:1086A000907F5B693E00020BEA207E2800017F017B
:1086B0009F02791E00021BEA004D23789CAA90833A
:1086C000957AEB50908394F09083921BEA309083DC
:1086D000920BEA30908394E09AFC84419083920B51
:1086E000EA30908395E09AFC8441AA907EC61BEA0A
:1086F00000791E0002907EC5F0907EC31BEA309088
:108700007EC30BEA30907EC5E09AFC8441802090C5
:108710007EC30BEA30907EC6691E00020BEA007E23
:108720000BB00B14791E00021BEA009AFC844190E6
:108730007ECA693E00020BEA207E2800017F019F6D
:1087400002791E00021BEA004D2378C3AA908229F9
:108750001BEA109082271BEA209082251BEA3090AA
:1087600082250BEA309082270BEA107E24FF005D01
:10877000217D520A5A9AFC84419082250BEA30905E
:1087800082270BEA207E5400FF5D529AFC844190C0
:1087900082250BEA309082290BEA107E24FF005DCF
:1087A000217D520A5A9AFC84419082250BEA30902E
:1087B00082290BEA207E5400FF5D529AFC8441AA74
:1087C000907DC11BEA00791E0002907DBF1BEA204C
:1087D000907DBD1BEA30907DBD0BEA30907DBF0BD4
:1087E000EA107E24FF005D217D520A5A9AFC8441E2
:1087F000907DBD0BEA30907DBF0BEA207E5400FFD8
:108800005D529AFC8441907DBD0BEA30907DC16938
:108810001E00020BEA000B0A107E24FF005D217D82
:10882000520A5A9AFC8441907DBD0BEA30907DC17A
:10883000691E00020BEA000B0A200B15791E0002CC
:108840001BEA007E5400FF5D529AFC8441AA90848A
:10885000221BEA309084220BEA30E49AFC84D8AAE6
:10886000907F611BEA00791E0002907F5F1BEA3057
:10887000802E907F5F0BEA30E49AFC84D8907F6171
:10888000693E00020BEA207A1BB0907F61693E00CE
:10889000020BEA200B34907F61793E00021BEA2034
:1088A000907F65693E00020BEA207E2800017F016F
:1088B0009F02791E00021BEA004D2378B5AA90831F
:1088C000961BEA306D339083981BEA309083960BA9
:1088D000EA30E49AFC84D80A3B9083981BEA3090F3
:1088E00083960BEA30E49AFC84D80A2B9083980B89
:1088F000EA307C676C774D329083981BEA30908326
:10890000980BEA30AA907F6B1BEA00791E00029058
:108910007F691BEA30805A907F690BEA30E49AFC49
:1089200084D80A1B907F6B693E00020BEA201B1A59
:1089300010907F690BEA30E49AFC84D80A0B907F90
:108940006B693E00020BEA200B1A107C236C334D3E
:1089500010907F6B693E00020BEA201B1A10907F7B
:108960006B693E00020BEA200B35793E00021BEAE0
:1089700020907F6F693E00020BEA207E2800017F75
:10898000019F02791E00021BEA004D237889AA90FC
:1089900083F3F09083F11BEA309083F10BEA30907F
:1089A00083F3E09AFC84419083F10BEA30E49AFC73
:1089B00084D8AA907ED11BEA00791E0002907ED056
:1089C000F0907ECE1BEA30907ECE0BEA30907ED0C7
:1089D000E09AFC8441802E907ECE0BEA30E49AFC33
:1089E00084D8907ED1693E00020BEA207A1BB090B9
:1089F0007ED1693E00020BEA200B34907ED1793E95
:108A000000021BEA20907ED5693E00020BEA207E20
:108A10002800017F019F02791E00021BEA004D23FE
:108A200078B5AA90822D1BEA2090822B1BEA306D2C
:108A30003390822F1BEA3090822B0BEA3090822DEC
:108A40000BEA107E24FF005D217D520A5A9AFC84B5
:108A50004190822B0BEA3090822D0BEA207E54004D
:108A6000FF5D529AFC844190822B0BEA30E49AFC21
:108A700084D80A3B90822F1BEA3090822B0BEA307D
:108A8000E49AFC84D80A2B90822F0BEA307C676C26
:108A9000774D3290822F1BEA3090822F0BEA30AA5A
:108AA000907DCD1BEA00791E0002907DCB1BEA2051
:108AB000907DC91BEA30907DC90BEA30907DCB0BCD
:108AC000EA107E24FF005D217D520A5A9AFC8441FF
:108AD000907DC90BEA30907DCB0BEA207E5400FFDD
:108AE0005D529AFC8441805A907DC90BEA30E49A29
:108AF000FC84D80A1B907DCD693E00020BEA201B46
:108B00001A10907DC90BEA30E49AFC84D80A0B90C5
:108B10007DCD693E00020BEA200B1A107C236C33DA
:108B20004D10907DCD693E00020BEA201B1A10907B
:108B30007DCD693E00020BEA200B35793E00021B19
:108B4000EA20907DD1693E00020BEA207E280001D8
:108B50007F019F02791E00021BEA004D237889AA3B
:108B6000907C931BEA00791E0002907C911BEA30F6
:108B70008073907C97693E00020BEA204D23684584
:108B8000907C910BEA30907C93691E00020BEA0006
:108B90007E0BB00B14791E00021BEA009AFC84D8ED
:108BA000907C97693E00020BEA207A1BB0907C977C
:108BB000693E00020BEA200B34907C97793E00025C
:108BC0001BEA208020907C910BEA30907C93691EF8
:108BD00000020BEA007E0BB00B14791E00021BEAA8
:108BE000009AFC8441907C9B693E00020BEA207E47
:108BF0002800017F019F02791E00021BEA004D231D
:108C00006803028B72AA907CA11BEA00791E000205
:108C1000907C9F1BEA30028CF9907CA5693E000293
:108C20000BEA204D237803028CA8907C9F0BEA303E
:108C3000907CA1691E00020BEA000B0A107E24FF43
:108C4000005D217D520A5A9AFC84D80A1B907CA5AB
:108C5000693E00020BEA201B1A10907C9F0BEA3041
:108C6000907CA1691E00020BEA000B0A509AFC845A
:108C7000D80A0B907CA5693E00020BEA200B1A1063
:108C80007C236C334D10907CA5693E00020BEA20DA
:108C90001B1A10907CA5693E00020BEA200B357967
:108CA0003E00021BEA20803E907C9F0BEA30907CC5
:108CB000A1691E00020BEA000B0A107E24FF005D72
:108CC000217D520A5A9AFC8441907C9F0BEA309095
:108CD0007CA1691E00020BEA000B0A207E5400FFF3
:108CE0005D529AFC8441907CA1693E00020BEA200F
:108CF0000B35793E00021BEA20907CA9693E0002F8
:108D00000BEA207E2800017F019F02791E00021BD2
:108D1000EA004D236803028C19AA9079CA1BEA0065
:108D2000791E00029079C81BEA209079C61BEA30B0
:108D30009F119079D6793E00021BEA209079D00BE2
:108D4000EA307E24FF005D239079CE0BEA107E345A
:108D5000FF005D31BD326811E47E1458E17E0400ED
:108D6000FE7E34046A9AFDFE989079CE0BEA207E4E
:108D70003400FF5D327E24000174017E1400109ADD
:108D8000FD40E79079D00BEA207E3400FF5D327E13
:108D900024000174017E1400109AFD40E79079D2FE
:108DA0000BEA207E34FFFFBD2368169079D20BEAD0
:108DB000207E3400FF5D326D2274016D119AFD40FA
:108DC000E79079D40BEA207E34FFFFBD2368199029
:108DD00079D40BEA207E3400FF5D327E240001E46A
:108DE0007E1400109AFD40E79079CA693E00020B9C
:108DF000EA20BE18968040649079CE0BEA207E343B
:108E000000FF5D326D229AFD39ED9079D00BEA209A
:108E10007E3400FF5D326D229AFD39ED9079D20BE0
:108E2000EA207E34FFFFBD2368129079D20BEA203E
:108E30007E3400FF5D326D229AFD39ED9079D40BBE
:108E4000EA207E34FFFFBD2368129079D40BEA201C
:108E50007E3400FF5D326D229AFD39ED9079C60BAC
:108E6000EA301B347803028F201B347803029063AE
:108E70000B3568030291A353A2F39079CE0BEA302D
:108E80007D231A247E3400035D321B3468141B34A6
:108E900068151B3468162E3400037813E5A2F5A27A
:108EA000800D43A204800843A208800343A20CE47F
:108EB000F5CE43CE909079CA691E00020BEA00906D
:108EC0008336693E00020BEA209AFDCFE29079D604
:108ED000793E00021BEA209079D6693E00020BEA37
:108EE000201E341E2450034E60807E0800012F0196
:108EF0007E34FE907E24007E7A1B309079C80BEA87
:108F0000301B35680D1B34680E0B35780D43CE04CD
:108F1000800843CE08800343CE0C43CE400291A389
:108F200074FC7E14FD6C7E04007E7E0B705C7B7A8C
:108F30000B709079CE0BEA307D231A247E34000327
:108F40005D321B34681E1B34682E1B34683E2E3481
:108F50000003784A7E14FD6C7E04007E7E0B707ADE
:108F60000B70803A74017E14FD6C7E04007E7E0BD3
:108F7000704C7B7A0B70802674027E14FD6C7E042C
:108F8000007E7E0B704C7B7A0B70801274037E1413
:108F9000FD6C7E04007E7E0B704C7B7A0B70E47E51
:108FA00034F8007E24007E7A1BB074907E14F800A2
:108FB0007E04007E7E0B704C7B7A0B709079CA69C0
:108FC0001E00020BEA00908336693E00020BEA2085
:108FD0009AFDCFE29079D6793E00021BEA20907983
:108FE000D6693E00020BEA201E341E2450034E6058
:108FF000807E0800012F017E34F8087E24007E7AEE
:109000001B309079C80BEA301B35681C1B34682C68
:109010000B35783A74047E14F8007E04007E7E0BD3
:10902000704C7B7A0B70802674087E14F8007E04E6
:10903000007E7E0B704C7B7A0B708012740C7E1459
:10904000F8007E04007E7E0B704C7B7A0B707440BF
:109050007E14F8007E04007E7E0B704C7B7A0B70D1
:109060000291A374F37E14FD6C7E04007E7E0B706F
:109070005C7B7A0B709079CE0BEA307D231A247ECC
:109080003400035D321B34681E1B34682E1B3468A9
:109090003E2E340003784A7E14FD6C7E04007E7EF2
:1090A0000B707A0B70803A74047E14FD6C7E0400A1
:1090B0007E7E0B704C7B7A0B70802674087E14FDCC
:1090C0006C7E04007E7E0B704C7B7A0B7080127479
:1090D0000C7E14FD6C7E04007E7E0B704C7B7A0B44
:1090E00070E47E34F8207E24007E7A1BB074907E7B
:1090F00014F8207E04007E7E0B704C7B7A0B7090FF
:1091000079CA691E00020BEA00908336693E0002AC
:109110000BEA209AFDCFE29079D6793E00021BEA55
:10912000209079D6693E00020BEA201E341E24509E
:10913000034E60807E0800012F017E34F8287E24D3
:10914000007E7A1B309079C80BEA301B35681C1BF7
:1091500034682C0B35783A74047E14F8207E0400B1
:109160007E7E0B704C7B7A0B70802674087E14F820
:10917000207E04007E7E0B704C7B7A0B7080127414
:109180000C7E14F8207E04007E7E0B704C7B7A0BE4
:109190007074407E14F8207E04007E7E0B704C7B41
:1091A0007A0B70AA9083B61BEA20793E00027E14E7
:1091B00000649083B6693E00020BEA209AFDCFD787
:1091C000793E00021BEA20801F7E1803E89AFC48C3
:1091D000A69083B6693E00020BEA207E0800019F3C
:1091E00010793E00021BEA20A2F9E433BEB00078F9
:1091F0000E9083B6693E00020BEA204D2378CA9098
:1092000083B6693E00020BEA204D23780474018086
:1092100001E422907CD5F0907CCD1BEA20793E00C1
:1092200002907CC91BEA00791E00027401907CD672
:10923000F0907CD1693E00020BEA204D2368129029
:109240007CD1693E00020BEA201291A4BEB00078E6
:1092500058907CCD693E00020BEA20BE1810003801
:1092600048907CC9693E00020BEA204D23683AC34E
:10927000C2B5907CCD693E00020BEA20907F29792F
:109280003E00021BEA207E340001907CC9691E006A
:10929000020BEA009AFC79DF907CD5E0BEB0017841
:1092A00003D3D2B5E4907CD6F0907CD6E0AA907D32
:1092B0002B1BEA20793E0002907D271BEA00791ED5
:1092C00000027401907D33F0907D2F693E00020B07
:1092D000EA204D236812907D2F693E00020BEA20A0
:1092E0001291A4BEB0007863907D2B693E00020B02
:1092F000EA20BE1810003853907D27693E00020B0B
:10930000EA204D236845C3C2B5907D27693E00021F
:109310000BEA20907C7B793E00021BEA20907D2B9B
:10932000693E00020BEA20907C7F793E00021BEA36
:10933000207E340001907D27691E00020BEA009A0E
:10934000FC7E16D3D2B5E4907D33F0907D33E0AA55
:109350009077551BEA00791E0002907754F09077C1
:10936000521BEA209077501BEA307401907765F029
:10937000907755693E00020BEA20907766793E00AF
:10938000021BEA20E490776AF06D3390776B1BEA5A
:10939000307E34000890776D1BEA309077500BEAEE
:1093A00010907755693E00020BEA207A1B309077C7
:1093B000520BEA10907755693E00020BEA200B34FD
:1093C0007A1B30907754E0907755693E00020BEAA3
:1093D000202E3400037A1BB0907761693E00020BA7
:1093E000EA20907759691E00020BEA002F0190775E
:1093F00055693E00020BEA200B36791100021B1A58
:1094000000907755691E00020BEA000B16693000C8
:10941000020B0A207D237E34FF005D326D227C45E5
:109420007C567C676C77907755695E00020BEA404A
:109430000B56691200020B2A007D017E1400FF5DAD
:10944000106D007C036C116D114D134D029077551A
:10945000693E00020BEA200B36695100020B1A40EC
:109460006D337E2400FF5D355D247C767C650A24A7
:109470004D314D20907755691E00020BEA000B1606
:10948000695000020B0A406D117E04FF005D155DFE
:10949000040A100A024D134D02907755693E0002EE
:1094A0000BEA200B36791100021B1A0090776D0B26
:1094B000EA3090776B1BEA30806F90776B0BEA1085
:1094C000907766693E00020BEA202D317E1BB0903A
:1094D000776AF090776B0BEA10907766693E00022E
:1094E0000BEA202D310B347E1B3090776B0BEA009A
:1094F000907766693E00020BEA202D307A1B30908F
:10950000776AE090776B0BEA10907766693E00020D
:109510000BEA202D310B347A1BB07E2400029077A9
:109520006B0BEA302D321BEA3090776B0BEA106D33
:1095300000907759693E00020BEA20BF01500302F8
:1095400094BA7E180384907CD1793E00021BEA20F5
:10955000907755691E00020BEA00907759693E002A
:10956000020BEA2090775D695E00020BEA404D45F0
:10957000780474018001E49AFC9213907765F0906E
:109580007765E0BEB000784890775D693E00020BD9
:10959000EA204D23683A907761693E00020BEA2089
:1095A0004D23682C9F11907CD1793E00021BEA204C
:1095B00090775D691E00020BEA00907761693E00BA
:1095C000020BEA2074019AFC9213907765F08003F5
:1095D000D3D2B5907765E0AA908152F090814E1B6E
:1095E000EA00791E000290814C1BEA3074029081DF
:1095F0004E693E00020BEA207A1BB090814C0BEAC8
:109600001090814E693E00020BEA200B347A1B3029
:10961000908152E00A1B6D0090814E693E00020B62
:10962000EA200B36791100021B1A007E1803849081
:109630007CD1793E00021BEA2090814E691E000217
:109640000BEA00908152E00A3B6D2274019AFC9271
:1096500013908153F0E490814E693E00020BEA20A2
:109660007A1BB07E180384907D2F793E00021BEA9E
:109670002090814E691E00020BEA00908152E00AA0
:109680003B6D229AFC92AE908153F0908153E0AAF8
:10969000907B047AEB50907B03F0907B011BEA30C7
:1096A000907B010BEA30907B0E1BEA30907B04E04C
:1096B0000A2B7C456C55907B03E00A3B4D32907B36
:1096C000101BEA307E18000C907759793E00021B7F
:1096D000EA209F1190775D793E00021BEA209F11DE
:1096E000907761793E00021BEA207E3400017E24DF
:1096F0000001E47E147B067E0400019AFC935090E6
:109700007B05F0907B05E0AA907B8B7AEB60907BE9
:109710008A7AEB70907B89F0907B8AE00A2B7C45FB
:109720006C55907B89E00A3B4D32907B951BEA306B
:10973000907B8BE00A3B907B971BEA307E18000CF5
:10974000907759793E00021BEA209F1190775D794E
:109750003E00021BEA209F11907761793E00021BB8
:10976000EA207E3400017E240002E47E147B8D7E9C
:109770000400019AFC9350907B8CF0907B8CE0AAC3
:10978000907B141BEA20907B121BEA30907B120B1B
:10979000EA30907B1F1BEA30907B140BEA30907B01
:1097A000211BEA307E18000C907759793E00021B8D
:1097B000EA209F1190775D793E00021BEA209F11FD
:1097C000907761793E00021BEA207E3400017E24FE
:1097D0000003E47E147B177E0400019AFC935090F2
:1097E0007B16F0907B16E0AA907D341BEA30907DCA
:1097F000340BEA30907D3F1BEA307E18000A9077E8
:1098000059793E00021BEA209F1190775D793E0056
:10981000021BEA209F11907761793E00021BEA202B
:109820007E3400017E240004E47E147D377E040033
:10983000019AFC9350907D36F0907D36E0AA907EA0
:1098400029F0907E29E00A3B907E331BEA307E1897
:10985000000A907759793E00021BEA209F11907709
:109860005D793E00021BEA209F11907761793E00EE
:10987000021BEA207E3400017E240005E47E147E73
:109880002B7E0400019AFC9350907E2AF0907E2A51
:10989000E0AA907D411BEA30907D410BEA30907D3B
:1098A0004C1BEA307E18000A907759793E00021B63
:1098B000EA209F1190775D793E00021BEA209F11FC
:1098C000907761793E00021BEA207E3400017E24FD
:1098D0000006E47E147D447E0400019AFC935090BF
:1098E0007D43F0907D43E0AA907E35F0907E35E098
:1098F0000A3B907E3F1BEA307E18000A9077597928
:109900003E00021BEA209F1190775D793E00021B0A
:10991000EA209F11907761793E00021BEA207E3495
:1099200000017E240007E47E147E377E0400019A45
:10993000FC9350907E36F0907E36E0AA907D4E1BD0
:10994000EA30907D4E0BEA30907D591BEA307E184C
:10995000000A907759793E00021BEA209F11907708
:109960005D793E00021BEA209F11907761793E00ED
:10997000021BEA207E3400017E240008E47E147D70
:10998000517E0400019AFC9350907D50F0907D50E0
:10999000E0AA907E41F0907E41E00A3B907E4B1B16
:1099A000EA307E18000A907759793E00021BEA20BF
:1099B0009F1190775D793E00021BEA209F119077FE
:1099C00061793E00021BEA207E3400017E240009FA
:1099D000E47E147E437E0400019AFC9350907E4204
:1099E000F0907E42E0AA907B231BEA00791E0002E1
:1099F0007E3400017E147B287E040001740C9AFCE6
:109A000095D8907B27F0907B27E0BEB000781E7E33
:109A1000340004CA397E347B307E240001907B23DD
:109A2000691E00020BEA009AFE29DD1BFD907B27D0
:109A3000E0AA907B341BEA00791E00027E3400020B
:109A40007E147B397E040001740C9AFC95D8907BBF
:109A500038F0907B38E0BEB00078207E340004CA35
:109A6000397E347B417E240001907B34691E0002E4
:109A70000BEA000B169AFE29DD1BFD907B38E0AA4D
:109A80009079251BEA00791E00027E3400107E14B6
:109A9000792A7E04000174109AFC95D8907929F0F7
:109AA000907929E0BEB000783390792DE090792547
:109AB000693E00020BEA202E3400067A1BB07E3489
:109AC0000008CA397E3479327E24000190792569F4
:109AD0001E00020BEA009AFE29DD1BFD907929E0A9
:109AE000AA907B451BEA00791E00027E3400117E9D
:109AF000147B4A7E040001740C9AFC95D8907B4933
:109B0000F0907B49E0BEB00078207E347B527E240A
:109B10000001691100020B1A00907B45693E0002AA
:109B20000BEA20791100021B1A00907B49E0AA90F1
:109B300078631BEA009078611BEA1090785F1BEA5B
:109B40002090785D1BEA307401907867F090785F20
:109B50000BEA309078701BEA309078610BEA309015
:109B600078721BEA309078630BEA309078741BEAC5
:109B7000309078650BEA309078761BEA3090704E22
:109B8000E0BEB000781290785D0BEA307D230A24A5
:109B90007E340010BD2378487E18001090775979E4
:109BA0003E00021BEA209F1190775D793E00021B68
:109BB000EA209F11907761793E00021BEA2090789D
:109BC0005D0BEA300A367E24000190785D0BEA5086
:109BD0007E1478687E0400019AFC9350907867F0B8
:109BE000907867E0AA907EE41BEA307E1800089027
:109BF0007759793E00021BEA209F1190775D793EEC
:109C000000021BEA209F11907761793E00021BEA57
:109C100020907EE40BEA300A367E240002907EE437
:109C20000BEA507E147EE77E0400019AFC9350906C
:109C30007EE6F0907EE6E0AA907BBA1BEA20907B5D
:109C4000B81BEA30907BBA0BEA30907BC51BEA3038
:109C50007E18000A907759793E00021BEA209F1176
:109C600090775D793E00021BEA209F119077617921
:109C70003E00021BEA20907BB80BEA300A367E24B5
:109C80000003907BB80BEA507E147BBD7E0400017C
:109C90009AFC9350907BBCF0907BBCE0AA907A0534
:109CA0001BEA10907A031BEA20907A011BEA30909D
:109CB0007A030BEA30907A101BEA30907A050BEAAF
:109CC00030907A121BEA307E18000C907759793E5A
:109CD00000021BEA209F1190775D793E00021BEA8B
:109CE000209F11907761793E00021BEA20907A0153
:109CF0000BEA300A367E240004907A010BEA507E8B
:109D0000147A087E0400019AFC9350907A07F09030
:109D10007A07E0AA907A181BEA10907A161BEA20BC
:109D2000907A141BEA30907A160BEA30907A231B53
:109D3000EA30907A180BEA30907A251BEA307E18C8
:109D4000000C907759793E00021BEA209F11907712
:109D50005D793E00021BEA209F11907761793E00F9
:109D6000021BEA20907A140BEA300A367E240006A1
:109D7000907A140BEA507E147A1B7E0400019AFC40
:109D80009350907A1AF0907A1AE0AA907CD9F090C9
:109D90007CD71BEA30907CD9E00A3B907CE31BEA3D
:109DA000307E18000A907759793E00021BEA209F06
:109DB0001190775D793E00021BEA209F1190776138
:109DC000793E00021BEA20907CD70BEA300A367EEF
:109DD000240007907CD70BEA507E147CDB7E0400C5
:109DE000019AFC9350907CDAF0907CDAE0AA9083A0
:109DF0001D1BEA00791E00027401908321F090700F
:109E00004E7EEBA0740ABCAB506A6D339078651B34
:109E1000EA3090704E7EEB7074012C7B7AEB700A06
:109E2000277E3410004D326D226D116D009AFC9B1F
:109E30002F908321F0908321E0BEB00178109070C4
:109E40004E7EEBA07E70017CBA9CB7F0802690839A
:109E50001D693E00020BEA204D23681890704EE009
:109E60000A3B90831D691E00020BEA009AFC9F26A4
:109E7000908321F0908321E0BEB00178046D33809F
:109E80000C90704EE00A2B7E3410004D32AA907B6D
:109E9000C91BEA20907BC71BEA30907BC90BEA30D4
:109EA000907BD41BEA307E18000A907759793E00E7
:109EB000021BEA209F1190775D793E00021BEA2089
:109EC0009F11907761793E00021BEA207E340010DA
:109ED0007E240010907BC70BEA507E147BCC7E045E
:109EE00000019AFC9350907BCBF0907BCBE0AA9042
:109EF00083BCF09083BA1BEA306D229083BA0BEAE0
:109F000030BD32780A7E3410009083BA1BEA30905C
:109F100083BA0BEA309083BCE09AFC9D8B9083BDA2
:109F2000F09083BDE0AA907BD81BEA00791E000266
:109F3000907BD61BEA30907BD8691E00020BEA00AA
:109F40009AFDFFEA7DF36DEE7E180008907759794F
:109F50003E00021BEA20907BD8693E00020BEA20FB
:109F600090775D793E00021BEA207E3400107E244B
:109F70000005907BD60BEA507E147BDD7E04000149
:109F800090776179FE00021BEAE09AFC9350907B87
:109F9000DCF0907BDCE0AA907B9BF0907B991BEA45
:109FA00030907B990BEA30907BA51BEA30907B9B2D
:109FB000E00A3B907BA71BEA307E18000C90775993
:109FC000793E00021BEA209F1190775D793E0002E6
:109FD0001BEA209F11907761793E00021BEA207EE8
:109FE0003400107E24001174017E147B9D7E0400D9
:109FF000019AFC9350907B9CF0907B9CE0AA90800F
:10A00000071BEA009080051BEA109080031BEA20E2
:10A010009080011BEA307401908009F090704F7EAF
:10A02000EBA07432BCAB50529080070BEA309078B2
:10A03000651BEA3090704F7EEB7074012C7B7AEBDD
:10A04000700A277E3411004D329080010BEA209077
:10A0500080030BEA109080050BEA009AFC9B2F907E
:10A060008009F0908009E0BEB001780E90704F7EBC
:10A07000EBA07E70017CBA9CB7F0908009E0BEB086
:10A080000178046D33800C90704FE00A2B7E341100
:10A09000004D32AA9071EA1BEA00791E000290710D
:10A0A000E81BEA3074019071F2F07E3471E87E248E
:10A0B00000019071FB793E00021BEA209071EA6971
:10A0C0003E00020BEA20906F6D793E00021BEA20F1
:10A0D0009071FB693E00020BEA20906F71793E009F
:10A0E000021BEA207E14700A7E0400017E180032F2
:10A0F0009AFC602A9071EE793E00021BEA20907172
:10A10000EE693E00020BEA20BE180000486690711E
:10A11000EE693E00020BEA209071F7793E00021BC7
:10A12000EA207E180008907759793E00021BEA2049
:10A130007E34700A7E24000190775D793E00021B18
:10A14000EA209071F7693E00020BEA20907761796E
:10A150003E00021BEA207E3400117E24000590712F
:10A16000E80BEA507E1471F37E0400019AFC9350D0
:10A170009071F2F09071F2E0AA907BE71BEA00790F
:10A180001E0002907BE51BEA30907BE7691E00020F
:10A190000BEA009AFDFFEA6D22907BF0793E000207
:10A1A0001BEA207E180008907759793E00021BEACE
:10A1B00020907BE7693E00020BEA2090775D793EB4
:10A1C00000021BEA20907BF0693E00020BEA20901F
:10A1D0007761793E00021BEA207E3400117E240064
:10A1E00005907BE50BEA507E147BEC7E0400019A1F
:10A1F000FC9350907BEBF0907BEBE0AA907BF61BFE
:10A20000EA20907BF41BEA30907BF60BEA30907CDE
:10A21000011BEA307E18000A907759793E00021B34
:10A22000EA209F1190775D793E00021BEA209F1182
:10A23000907761793E00021BEA207E3400117E2473
:10A240000010907BF40BEA507E147BF97E04000131
:10A250009AFC9350907BF8F0907BF8E0AA908010E5
:10A260001BEA0090800E1BEA1090800C1BEA2090E5
:10A27000800A1BEA307401908012F09070507EEBDF
:10A28000A07414BCAB50529080100BEA30907865EB
:10A290001BEA309070507EEB7074012C7B7AEB706F
:10A2A0000A277E3412004D3290800A0BEA209080FB
:10A2B0000C0BEA1090800E0BEA009AFC9B2F90800A
:10A2C00012F0908012E0BEB001780E9070507EEBDC
:10A2D000A07E70017CBA9CB7F0908012E0BEB00105
:10A2E00078046D33800C907050E00A2B7E3412009D
:10A2F0004D32AA9071641BEA00791E0002907163CE
:10A300007AEB50907162F09071601BEA309F11906F
:10A310007168793E00021BEA20740190716CF07E36
:10A320003471607E24000190716D793E00021BEA59
:10A3300020907164693E00020BEA20906F6D793EB7
:10A3400000021BEA2090716D693E00020BEA20902A
:10A350006F71793E00021BEA207E14700A7E0400B1
:10A36000017E1800329AFC602A907168793E0002E2
:10A370001BEA20907168693E00020BEA20BE1800BB
:10A3800000580302A404907168693E00020BEA20A1
:10A39000907175793E00021BEA20907162E00A3BE1
:10A3A0009071791BEA30907163E00A3B90717B1BDE
:10A3B000EA307E18000C907759793E00021BEA20A3
:10A3C0007E34700A7E24000190775D793E00021B86
:10A3D000EA20907175693E00020BEA20907761795E
:10A3E0003E00021BEA207E3400127E24000590719C
:10A3F000600BEA507E1471717E0400019AFC935048
:10A4000090716CF090716CE0AA907A9A1BEA20909F
:10A410007A99F0907A971BEA30907A9A0BEA30900A
:10A420007AA51BEA30907A99E00A3B907AA71BEA5A
:10A43000307E18000C907759793E00021BEA209F6D
:10A440001190775D793E00021BEA209F11907761A1
:10A45000793E00021BEA207E3400127E2400109018
:10A460007A970BEA507E147A9D7E0400019AFC9341
:10A4700050907A9CF0907A9CE0AA907B597AEB50AD
:10A48000907B58F0907B561BEA30907B58E00A3B5B
:10A49000907B631BEA30907B59E00A3B907B651B05
:10A4A000EA307E18000C907759793E00021BEA20B2
:10A4B0009F1190775D793E00021BEA209F119077F3
:10A4C00061793E00021BEA207E3400127E240011D6
:10A4D000907B560BEA507E147B5B7E0400019AFC55
:10A4E0009350907B5AF0907B5AE0AA9080191BEA17
:10A4F000009080171BEA109080151BEA20908013B3
:10A500001BEA30740190801BF09070517EEBA074B8
:10A5100002BCAB50529080190BEA309078651BEA70
:10A52000309070517EEB7074012C7B7AEB700A27AF
:10A530007E3413004D329080130BEA209080150B6F
:10A54000EA109080170BEA009AFC9B2F90801BF07A
:10A5500090801BE0BEB001780E9070517EEBA07E23
:10A5600070017CBA9CB7F090801BE0BEB00178040B
:10A570006D33800C907051E00A2B7E3413004D3205
:10A58000AA907C051BEA20907C031BEA30907C0596
:10A590000BEA30907C101BEA307E18000A90775945
:10A5A000793E00021BEA209F1190775D793E000200
:10A5B0001BEA209F11907761793E00021BEA207E02
:10A5C0003400137E240005907C030BEA507E147C3B
:10A5D000087E0400019AFC9350907C07F0907C0761
:10A5E000E0AA9080221BEA009080201BEA10908055
:10A5F0001E1BEA2090801C1BEA307401908024F01E
:10A600009070527EEBA07401BCAB50529080220B34
:10A61000EA309078651BEA309070527EEB707401DE
:10A620002C7B7AEB700A277E3414004D3290801C0C
:10A630000BEA2090801E0BEA109080200BEA009A13
:10A64000FC9B2F908024F0908024E0BEB001780E17
:10A650009070527EEBA07E70017CBA9CB7F0908027
:10A6600024E0BEB00178046D33800C907052E00A93
:10A670002B7E3414004D32AA90802B1BEA00908070
:10A68000291BEA109080271BEA209080251BEA30C6
:10A69000740190802DF09070537EEBA0740ABCABD7
:10A6A000505290802B0BEA309078651BEA30907006
:10A6B000537EEB7074012C7B7AEB700A277E341585
:10A6C000004D329080250BEA209080270BEA1090F5
:10A6D00080290BEA009AFC9B2F90802DF090802D12
:10A6E000E0BEB001780E9070537EEBA07E70017CCE
:10A6F000BA9CB7F090802DE0BEB00178046D338035
:10A700000C907053E00A2B7E3415004D32AA907BDA
:10A710006A7AEB50907B69F0907B671BEA30907B04
:10A7200069E00A3B907B741BEA30907B6AE00A3B4D
:10A73000907B761BEA307E18000C907759793E00AA
:10A74000021BEA209F1190775D793E00021BEA20F0
:10A750009F11907761793E00021BEA207E3400153C
:10A760007E240005907B670BEA507E147B6C7E0490
:10A7700000019AFC9350907B6BF0907B6BE0AA9069
:10A7800080341BEA009080321BEA109080301BEA74
:10A790002090802E1BEA309080340BEA3090786550
:10A7A0001BEA307E34160190802E0BEA2090803018
:10A7B0000BEA109080320BEA009AFC9B2F908036B7
:10A7C000F0908036E0BEB00178046D3380047E34B2
:10A7D0001601AA907AAC1BEA20907AABF0907AA985
:10A7E0001BEA30907AA90BEA30907AB71BEA3090D6
:10A7F0007AAC0BEA207C456C55907AABE00A3B4D75
:10A8000032907AB91BEA307E18000C907759793E65
:10A8100000021BEA209F1190775D793E00021BEA3F
:10A82000209F11907761793E00021BEA207E340060
:10A83000167E24000574017E147AAF7E0400019A0E
:10A84000FC9350907AAEF0907AAEE0AA90803D1BD7
:10A85000EA0090803B1BEA109080391BEA20908030
:10A86000371BEA30740190803FF09070547EEBA06B
:10A870007405BCAB505290803D0BEA309078651B5C
:10A88000EA309070547EEB7074012C7B7AEB700A86
:10A89000277E3417004D329080370BEA20908039A4
:10A8A0000BEA1090803B0BEA009AFC9B2F90803FB4
:10A8B000F090803FE0BEB001780E9070547EEBA027
:10A8C0007E70017CBA9CB7F090803FE0BEB001780A
:10A8D000046D33800C907054E00A2B7E3417004DC9
:10A8E00032AA90787F1BEA2090787B1BEA00791EC1
:10A8F000000290787AF09078781BEA3090787AE0CD
:10A900000A3B90788E1BEA309078810BEA30907881
:10A91000901BEA306D339078841BEA308068907821
:10A92000840BEA103E1490787B693E00020BEA200B
:10A930002D310B1A107E0400FF5D017C016C11901B
:10A9400078840BEA103E1490787B693E00020BEA93
:10A95000202D310B1A307E14FF005D130A124D10AA
:10A960009078840BEA003E0490787B693E00020BED
:10A97000EA202D301B1A109078840BEA207E3400D8
:10A98000012D321BEA3090787F0BEA209078840BFF
:10A99000EA30BD3240887E18000C907759793E002D
:10A9A000021BEA2090787B693E00020BEA20907738
:10A9B0005D793E00021BEA2090787F0BEA303E343E
:10A9C0006D22907761793E00021BEA207E340017E9
:10A9D0007E2400059078780BEA507E1478867E04F9
:10A9E00000019AFC9350907883F0907883E0AA90CD
:10A9F0007A2B1BEA10907A291BEA20907A271BEA0F
:10AA000030907A290BEA30907A361BEA30907A2B14
:10AA10000BEA30907A381BEA307E18000C90775998
:10AA2000793E00021BEA209F1190775D793E00027B
:10AA30001BEA209F11907761793E00021BEA207E7D
:10AA40003400177E240010907A270BEA507E147A87
:10AA50002E7E0400019AFC9350907A2DF0907A2D6E
:10AA6000E0AA907CE7F0907CE51BEA30907CE7E080
:10AA70000A3B907CF11BEA307E18000A90775979E6
:10AA80003E00021BEA209F1190775D793E00021B79
:10AA9000EA209F11907761793E00021BEA207E3404
:10AAA00000177E240011907CE50BEA507E147CE9AF
:10AAB0007E0400019AFC9350907CE8F0907CE8E0E2
:10AAC000AA907EEF1BEA307E180008907759793EF5
:10AAD00000021BEA209F1190775D793E00021BEA7D
:10AAE000209F11907761793E00021BEA207E34009E
:10AAF000177E240012907EEF0BEA507E147EF27EC9
:10AB00000400019AFC9350907EF1F0907EF1E0AA4F
:10AB10009080461BEA009080441BEA109080421B04
:10AB2000EA209080401BEA307401908048F09070D9
:10AB3000557EEBA07405BCAB50529080460BEA30BA
:10AB40009078651BEA309070557EEB7074012C7B19
:10AB50007AEB700A277E3418004D329080400BEA61
:10AB6000209080420BEA109080440BEA009AFC9BF4
:10AB70002F908048F0908048E0BEB001780E907031
:10AB8000557EEBA07E70017CBA9CB7F0908048E0C7
:10AB9000BEB00178046D33800C907055E00A2B7EB6
:10ABA0003418004D32AA907537F09075311BEA20A9
:10ABB00090752D1BEA00791E000290752B1BEA3060
:10ABC000E4907538F090752D693E00020BEA2090F4
:10ABD000753F793E00021BEA209075330BEA3090F6
:10ABE00075310BEA20AD329075350BEA107E2400EA
:10ABF00004BD1278067E24000280047E240001AD8C
:10AC0000326D2290753B793E00021BEA2090752D33
:10AC1000693E00020BEA204D2368249075310BEA4F
:10AC2000206D33BD2368189075330BEA206D33BD5A
:10AC300023680C6D229075350BEA30BD32781C6D9F
:10AC40003390754B1BEA306D3390754D1BEA307EA7
:10AC500034000190754F1BEA30802E9075310BEA5D
:10AC60003090754B1BEA309075330BEA3090754D80
:10AC70001BEA309075350BEA207C456C557E34001C
:10AC8000014D3290754F1BEA30907537E00A3B90CA
:10AC900075511BEA3090753B693E00020BEA20BEFD
:10ACA000180FF028067E340FF0800A90753B693E3D
:10ACB00000020BEA209075391BEA307E18001090D4
:10ACC0007759793E00021BEA2090753F693E0002E9
:10ACD0000BEA2090775D793E00021BEA20907539DF
:10ACE0000BEA306D22907761793E00021BEA207EEC
:10ACF0003400187E24000590752B0BEA507E1475E5
:10AD0000437E0400019AFC93507CAB907538E02C94
:10AD1000BAF09075390BEA1090753F693E00020B4E
:10AD2000EA202D31793E00021BEA209075390BEAAA
:10AD3000106D0090753B693E00020BEA209F107970
:10AD40003E00021BEA2090752D693E00020BEA20AE
:10AD50004D2368249075310BEA206D33BD236818AC
:10AD60009075330BEA206D33BD23680C6D2290750E
:10AD7000350BEA30BD32781A6D3390754B1BEA30D3
:10AD80006D3390754D1BEA306D3390754F1BEA3073
:10AD900080289075310BEA3090754B1BEA30907526
:10ADA000330BEA3090754D1BEA309075350BEA3065
:10ADB0007C676C7790754F1BEA3090753B693E005D
:10ADC000020BEA204D23680302AC95907538E0AA87
:10ADD0009077761BEA209077721BEA00791E0002BA
:10ADE000907771F090776F1BEA30740190777CF068
:10ADF000E490777DF0907772693E00020BEA209034
:10AE0000777E793E00021BEA209077717EEBA0747A
:10AE10000ABCAB280302AEB69077780BEA20907795
:10AE2000760BEA30AD327D233E247E34000C2D3289
:10AE30006D22907786793E00021BEA20907771E0C0
:10AE40000A2B7E3401004D3290778A1BEA309077CE
:10AE50007A0BEA3090778C1BEA307E18000C9077E2
:10AE600059793E00021BEA20907772693E00020B7E
:10AE7000EA2090775D793E00021BEA209077780BFC
:10AE8000EA209077760BEA30AD323E346D2290772F
:10AE900061793E00021BEA207E3400187E240010F7
:10AEA00090776F0BEA507E1477827E0400019AFC43
:10AEB000935090777CF090777CE0AA9076D51BEA4F
:10AEC000009076D31BEA109076D11BEA209076D0C2
:10AED000F09076CE1BEA3074019076DBF09076D05D
:10AEE0007EEBA07405BCAB280302AF789076D0E06F
:10AEF0000A3B9076E41BEA309076D10BEA309076EC
:10AF0000E61BEA309076D30BEA309076E81BEA3005
:10AF10009076D50BEA309076EA1BEA309076D70B24
:10AF2000EA309076EC1BEA309076D90BEA309076D6
:10AF3000EE1BEA307E180014907759793E00021B10
:10AF4000EA209F1190775D793E00021BEA209F1155
:10AF5000907761793E00021BEA207E3400187E243F
:10AF600000119076CE0BEA507E1476DC7E04000150
:10AF70009AFC93509076DBF09076DBE0AA90804FBD
:10AF80001BEA0090804D1BEA1090804B1BEA20903A
:10AF900080491BEA307401908051F09070567EEB2E
:10AFA000A07405BCAB505290804F0BEA309078658E
:10AFB0001BEA309070567EEB7074012C7B7AEB703C
:10AFC0000A277E3419004D329080490BEA20908088
:10AFD0004B0BEA1090804D0BEA009AFC9B2F90805F
:10AFE00051F0908051E0BEB001780E9070567EEB2B
:10AFF000A07E70017CBA9CB7F0908051E0BEB00199
:10B0000078046D33800C907056E00A2B7E34190062
:10B010004D32AA907A3E1BEA10907A3C1BEA2090AF
:10B020007A3A1BEA30907A3C0BEA30907A491BEA74
:10B0300030907A3E0BEA30907A4B1BEA307E180053
:10B040000C907759793E00021BEA209F1190775DA2
:10B05000793E00021BEA209F11907761793E000241
:10B060001BEA207E3400197E240005907A3A0BEA10
:10B07000507E147A417E0400019AFC9350907A40ED
:10B08000F0907A40E0AA908058F09080561BEA3009
:10B090009080521BEA00791E00026D339080591B8C
:10B0A000EA307E3413939079BA1BEA307E341391E0
:10B0B0009079BC1BEA307E3413929079BE1BEA3043
:10B0C0007E34FFFF9079C01BEA307E3400016D2290
:10B0D0007E146C007E0402DC9AFC7EB27E3400801A
:10B0E0007E24000174017E1400109AFD40E77E3436
:10B0F00000457E24000174017E1400109AFD40E793
:10B100007E3400816D2274017E1400039AFD40E7B5
:10B110007E340080E49AFD3D417E1403E89083363E
:10B12000693E00020BEA209AFDCFE07E1400059AEA
:10B13000FDCFD79AFCFECF7E34008074019AFD3D8E
:10B14000417E1403E8908336693E00020BEA209AA0
:10B15000FDCFE07E1400149AFDCFD79AFCFECF906D
:10B1600080560BEA30908058E09AFC9F977E34001E
:10B17000019AFC97E87E3400029AFC993C74019A8B
:10B18000FC9992908052693E00020BEA204D2368A0
:10B1900014908052691E00020BEA009AFC9DEE900A
:10B1A00080591BEA309080590BEA30AA9080E41B4A
:10B1B000EA20793E00029080E4693E00020BEA201A
:10B1C0009080E8793E00021BEA209080E8693E000A
:10B1D000020BEA207E2800017F019F02791E0002F7
:10B1E0001BEA004D2378E3AA9083721BEA00791EC4
:10B1F0000002908372693E00020BEA204D2368042E
:10B2000074018001E47E145F1E7E0400FE7E340023
:10B21000439AFDFE98908372693E00020BEA200B70
:10B220001A3074019AFD3D41908372693E00020B11
:10B23000EA200B350B1A3074019AFD3D4190837260
:10B24000691E00020BEA002E140005693000020B93
:10B250000A209AFCB1AC908372693E00020BEA208E
:10B260000B350B1A30E49AFD3D41908372691E0044
:10B27000020BEA002E140005693000020B0A209A26
:10B28000FCB1AC908372693E00020BEA200B1A30CD
:10B29000E49AFD3D41AA9083761BEA00791E0002E4
:10B2A000908376693E00020BEA204D236804740106
:10B2B0008001E47E145F1E7E0400FE7E3400569AF8
:10B2C000FDFE98908376693E00020BEA200B350B59
:10B2D0001A30E49AFD3D41908376693E00020BEA04
:10B2E000200B1A30E49AFD3D41908376691E0002DE
:10B2F0000BEA002E140005693000020B0A209AFCAC
:10B30000B1AC908376693E00020BEA200B1A3074D0
:10B31000019AFD3D41908376691E00020BEA002EE2
:10B32000140005693000020B0A209AFCB1AC90832E
:10B3300076693E00020BEA200B350B1A3074019A35
:10B34000FD3D41908376691E00020BEA002E140039
:10B3500005693000020B0A209AFCB1ACAA90830860
:10B36000F09083041BEA00791E0002908304693E7A
:10B3700000020BEA204D23680474018001E47E146E
:10B380005F1E7E0400FE7E34006B9AFDFE98908363
:10B3900004693E00020BEA200B1A30E49AFD3D419D
:10B3A000908308E0BEB0006817908304693E0002F5
:10B3B0000BEA200B350B1A3074019AFD3D418014C5
:10B3C000908304693E00020BEA200B350B1A30E42F
:10B3D0009AFD3D41908304691E00020BEA002E1481
:10B3E0000005693000020B0A209AFCB1AC9083047E
:10B3F000693E00020BEA200B1A3074019AFD3D41B0
:10B40000908304691E00020BEA002E1400056930C7
:10B4100000020B0A209AFCB1AC908304693E000242
:10B420000BEA200B1A30E49AFD3D41908304693EFB
:10B4300000020BEA200B350B1A3074019AFD3D41D6
:10B44000AA9083091BEA00791E0002E490830DF0A4
:10B45000908309693E00020BEA204D2368047401C1
:10B460008001E47E145F1E7E0400FE7E3400889A14
:10B47000FDFE98908309693E00020BEA200B1A300A
:10B48000E49AFD3D41908309693E00020BEA200BDE
:10B49000350B1A3074019AFD3D41908309691E00F5
:10B4A000020BEA002E140005693000020B0A209AF4
:10B4B000FCB1AC908309693E00020BEA200B1A3004
:10B4C00074019AFD3D41908309691E00020BEA0058
:10B4D0002E140005693000020B0A209AFCB1AC90D2
:10B4E0008309693E00020BEA200B350B1A309AFDE6
:10B4F0003B44BEB0006806740190830DF090830950
:10B50000693E00020BEA200B1A30E49AFD3D41909F
:10B510008309691E00020BEA002E14000569300041
:10B52000020B0A209AFCB1AC90830DE0AA9081F343
:10B53000F09081EF1BEA00791E000274809081F484
:10B54000F09081EF693E00020BEA204D23680474FD
:10B55000018001E47E145F1E7E0400FE7E3400AC98
:10B560009AFDFE9802B6049081F4E09081F37EEBA0
:10B57000705C7B0A276D33BD2368179081EF693EAD
:10B5800000020BEA200B350B1A3074019AFD3D4185
:10B5900080149081EF693E00020BEA200B350B1AF4
:10B5A00030E49AFD3D419081F4E01EB0F09081EFCF
:10B5B000691E00020BEA002E140005693000020B20
:10B5C0000A209AFCB1AC9081EF693E00020BEA20A0
:10B5D0000B1A3074019AFD3D419081EF691E000203
:10B5E0000BEA002E140005693000020B0A209AFCB9
:10B5F000B1AC9081EF693E00020BEA200B1A30E4F7
:10B600009AFD3D419081F4E0BEB000680302B56749
:10B610009081EF691E00020BEA009AFCB441BEB0B3
:10B62000017803E480027401AA90818FF090818BED
:10B630001BEA00791E0002E4908190F0740890816A
:10B6400091F090818B693E00020BEA204D23680443
:10B6500074018001E47E145F1E7E0400FE7E3400CF
:10B66000C79AFDFE9890818B693E00020BEA200B81
:10B670001A30E49AFD3D4190818B691E00020BEA6D
:10B68000002E140005693000020B0A209AFCB1ACB0
:10B6900090818B693E00020BEA200B350B1A307447
:10B6A000019AFD3D41807890818B693E00020BEA52
:10B6B000200B1A30E49AFD3D4190818B691E0002F7
:10B6C0000BEA002E140005693000020B0A209AFCD8
:10B6D000B1AC90818B693E00020BEA200B1A3074EA
:10B6E000019AFD3D4190818B691E00020BEA002EFC
:10B6F000140005693000020B0A209AFCB1AC90815D
:10B700008B693E00020BEA200B350B1A309AFD3B89
:10B71000447CAB908190E03EB04CBA908190F09028
:10B7200081917EEBA07E70017CBA9CB7F0BEA00038
:10B73000680302B6A790818B693E00020BEA200BDA
:10B740001A30E49AFD3D4190818B691E00020BEA9C
:10B75000002E140005693000020B0A209AFCB1ACDF
:10B7600090818B691E00020BEA0090818FE09AFCA9
:10B77000B35D908190E0AA908312F090830E1BEA53
:10B7800000791E000290830E693E00020BEA204DF4
:10B7900023680474018001E47E145F1E7E0400FEB1
:10B7A0007E3400EA9AFDFE9890830E691E00020B1B
:10B7B000EA009AFCB1E890830E691E00020BEA00D1
:10B7C00090830E693E00020BEA200B367E1BB03ED2
:10B7D000B09AFCB52D90830E691E00020BEA009012
:10B7E0008312E09AFCB52D90830E691E00020BEACD
:10B7F000009AFCB296AA907D791BEA20793E00025D
:10B80000907D751BEA00791E0002907D75693E00EF
:10B81000020BEA204D23680474018001E47E145F6A
:10B820001E7E0400FE7E3400FC9AFDFE98907D7919
:10B83000693E00020BEA204D23680474018001E494
:10B840007E145F1E7E0400FE7E3400FD9AFDFE988D
:10B85000907D75691E00020BEA009AFCB1E8907DAC
:10B8600075691E00020BEA00907D75693E00020BAF
:10B87000EA200B367E1BB03EB09AFCB52D8024909A
:10B880007D75691E00020BEA00907D79693E000219
:10B890000BEA207E1BB00B34793E00021BEA209A93
:10B8A000FCB52D907D7D693E00020BEA207E2800CC
:10B8B000017F019F02791E00021BEA004D2378BF21
:10B8C000907D75691E00020BEA009AFCB296AA9060
:10B8D00081F91BEA309081F51BEA00791E00029085
:10B8E00081F5693E00020BEA204D23680474018053
:10B8F00001E47E145F1E7E0400FE7E3401119AFD79
:10B90000FE989081F5691E00020BEA009AFCB1E8EE
:10B910009081F5691E00020BEA009081F5693E00F6
:10B92000020BEA200B367E1BB03EB09AFCB52D9080
:10B9300081F5691E00020BEA009081F90BEA207E76
:10B9400034FF005D327D530A5A9AFCB52D9081F583
:10B95000691E00020BEA009081F90BEA407E540058
:10B96000FF5D549AFCB52D9081F5691E00020BEA2B
:10B97000009AFCB296AA907D851BEA20793E0002CF
:10B98000907D811BEA00791E0002907D81693E0056
:10B99000020BEA204D23680474018001E47E145FE9
:10B9A0001E7E0400FE7E3401249AFDFE98907D8563
:10B9B000693E00020BEA204D23680474018001E413
:10B9C0007E145F1E7E0400FE7E3401259AFDFE98E3
:10B9D000907D81691E00020BEA009AFCB1E8907D1F
:10B9E00081691E00020BEA00907D81693E00020B16
:10B9F000EA200B367E1BB03EB09AFCB52D804F90EE
:10BA00007D81691E00020BEA00907D85693E00027F
:10BA10000BEA200B1A207E34FF005D327D530A5A58
:10BA20009AFCB52D907D81691E00020BEA00907D85
:10BA300085693E00020BEA200B1A400B35793E0067
:10BA4000021BEA207E5400FF5D549AFCB52D907DC8
:10BA500089693E00020BEA207E2800017F019F02D7
:10BA6000791E00021BEA004D237894907D81691EA7
:10BA700000020BEA009AFCB296AA9082007AEB7060
:10BA80009081FFF09081FB1BEA00791E00029081FB
:10BA9000FB693E00020BEA204D236804740180011B
:10BAA000E47E145F1E7E0400FE7E34013B9AFDFEA0
:10BAB000989081FB691E00020BEA009AFCB1E890A5
:10BAC00081FB691E00020BEA009081FB693E0002C7
:10BAD0000BEA200B367E1BB03EB09AFCB52D908150
:10BAE000FB691E00020BEA009081FFE09AFCB52D75
:10BAF0009081FB691E00020BEA00908200E09AFC34
:10BB0000B52D9081FB691E00020BEA009AFCB296EB
:10BB1000AA907D051BEA20793E0002907D04F090FA
:10BB20007D001BEA00791E0002907D00693E000244
:10BB30000BEA204D23680474018001E47E145F1E2B
:10BB40007E0400FE7E34014F9AFDFE98907D0569CB
:10BB50003E00020BEA204D23680474018001E47E5C
:10BB6000145F1E7E0400FE7E3401509AFDFE989004
:10BB70007D00691E00020BEA009AFCB1E8907D008E
:10BB8000691E00020BEA00907D00693E00020BEA8C
:10BB9000200B367E1BB03EB09AFCB52D907D00691F
:10BBA0001E00020BEA00907D04E09AFCB52D802473
:10BBB000907D00691E00020BEA00907D05693E0041
:10BBC000020BEA207E1BB00B34793E00021BEA20F8
:10BBD0009AFCB52D907D09693E00020BEA207E2873
:10BBE00000017F019F02791E00021BEA004D2378AD
:10BBF000BF907D00691E00020BEA009AFCB296AA73
:10BC00009080F21BEA209080F01BEA309080EC1BC1
:10BC1000EA00791E00029080EC693E00020BEA20E7
:10BC20004D23680474018001E47E145F1E7E0400CD
:10BC3000FE7E3401669AFDFE989080EC691E00023B
:10BC40000BEA009AFCB1E89080EC691E00020BEA56
:10BC5000009080EC693E00020BEA200B367E1BB0A0
:10BC60003EB09AFCB52D9080EC691E00020BEA00F4
:10BC70009080F00BEA207E34FF005D327D530A5A3B
:10BC80009AFCB52D9080EC691E00020BEA009080B2
:10BC9000F00BEA407E5400FF5D549AFCB52D908075
:10BCA000EC691E00020BEA009080F20BEA207E3461
:10BCB000FF005D327D530A5A9AFCB52D9080EC69E5
:10BCC0001E00020BEA009080F20BEA407E5400FF57
:10BCD0005D549AFCB52D9080EC691E00020BEA00C1
:10BCE0009AFCB296AA907C5D1BEA30907C591BEAC4
:10BCF00000791E0002907C59693E00020BEA204D3B
:10BD000023680474018001E47E145F1E7E0400FE3B
:10BD10007E34017C9AFDFE98907C5F693E00020BA8
:10BD2000EA204D23680474018001E47E145F1E7EC6
:10BD30000400FE7E34017D9AFDFE98907C59691EB8
:10BD400000020BEA009AFCB1E8907C59691E0002DF
:10BD50000BEA00907C59693E00020BEA200B367E0C
:10BD60001BB03EB09AFCB52D907C59691E00020BA9
:10BD7000EA00907C5D0BEA207E34FF005D327D534B
:10BD80000A5A9AFCB52D907C59691E00020BEA00F4
:10BD9000907C5D0BEA407E5400FF5D549AFCB52D0B
:10BDA000804F907C59691E00020BEA00907C5F690D
:10BDB0003E00020BEA200B1A207E34FF005D327D2C
:10BDC000530A5A9AFCB52D907C59691E00020BEA61
:10BDD00000907C5F693E00020BEA200B1A400B3595
:10BDE000793E00021BEA207E5400FF5D549AFCB5A8
:10BDF0002D907C63693E00020BEA207E2800017FC3
:10BE0000019F02791E00021BEA004D237894907C6A
:10BE100059691E00020BEA009AFCB296AA9083139D
:10BE20001BEA00791E0002E4908317F090831369E7
:10BE30003E00020BEA204D23680474018001E47E79
:10BE4000145F1E7E0400FE7E3401949AFDFE9890DD
:10BE50008313691E00020BEA009AFCB1E890831379
:10BE6000691E00020BEA00908313693E00020BEA90
:10BE7000200B367E1BA03EA074014CBA9AFCB52D57
:10BE8000908313691E00020BEA0074019AFCB62924
:10BE9000908317F0908313691E00020BEA009AFC4E
:10BEA000B296908317E0AA907D911BEA20793E001C
:10BEB00002907D8D1BEA00791E0002907D8D693E07
:10BEC00000020BEA204D23680474018001E47E1413
:10BED0005F1E7E0400FE7E3401A89AFDFE98907DD0
:10BEE00091693E00020BEA204D2368047401800131
:10BEF000E47E145F1E7E0400FE7E3401A99AFDFEDE
:10BF000098907D8D691E00020BEA009AFCB1E890C2
:10BF10007D8D691E00020BEA00907D8D693E000256
:10BF20000BEA200B367E1BA03EA074014CBA9AFC93
:10BF3000B52D8044907D8D691E00020BEA00907D36
:10BF400095693E00020BEA204D23780474018001BC
:10BF5000E49AFCB629907D91693E00020BEA207AB2
:10BF60001BB0907D91693E00020BEA200B34907D5E
:10BF700091793E00021BEA20907D95693E00020BFC
:10BF8000EA207E2800017F019F02791E00021BEA41
:10BF9000004D23789F907D8D691E00020BEA009A68
:10BFA000FCB296AA9082011BEA00791E00026D3352
:10BFB0009082051BEA30908201693E00020BEA2064
:10BFC0004D23680474018001E47E145F1E7E04002A
:10BFD000FE7E3401BE9AFDFE98908201691E000229
:10BFE0000BEA009AFCB1E8908201691E00020BEA9C
:10BFF00000908201693E00020BEA200B367E1BA0F6
:10C000003EA074014CBA9AFCB52D908201691E00C5
:10C01000020BEA00E49AFCB6290A3B9082051BEA6F
:10C0200030908201691E00020BEA0074019AFCB68E
:10C03000290A2B9082050BEA307C676C774D329091
:10C0400082051BEA30908201691E00020BEA009A09
:10C05000FCB2969082050BEA30AA907D9D1BEA20E7
:10C06000793E0002907D991BEA00791E0002907DC6
:10C0700099693E00020BEA204D2368047401800197
:10C08000E47E145F1E7E0400FE7E3401D29AFDFE23
:10C0900098907D9D693E00020BEA204D2368047450
:10C0A000018001E47E145F1E7E0400FE7E3401D315
:10C0B0009AFDFE98907D99691E00020BEA009AFC99
:10C0C000B1E8907D99691E00020BEA00907D9969A4
:10C0D0003E00020BEA200B367E1BA03EA074014CF2
:10C0E000BA9AFCB52D8074907D99691E00020BEA06
:10C0F00000E49AFCB6290A1B907D9D693E00020B64
:10C10000EA201B1A10907D99691E00020BEA00902C
:10C110007DA1693E00020BEA204D23780474018062
:10C1200001E49AFCB6290A0B907D9D693E00020B42
:10C13000EA200B1A107C236C334D10907D9D693ED4
:10C1400000020BEA201B1A10907D9D693E00020B35
:10C15000EA200B35793E00021BEA20907DA1693E62
:10C1600000020BEA207E2800017F019F02791E0059
:10C17000021BEA004D23680302C0E7907D99691E07
:10C1800000020BEA009AFCB296AA90820BF0908211
:10C19000071BEA00791E0002E490820CF0908207EF
:10C1A000693E00020BEA204D23680474018001E41B
:10C1B0007E145F1E7E0400FE7E3401EA9AFDFE9826
:10C1C000908207691E00020BEA009AFCB1E8908297
:10C1D00007691E00020BEA00908207693E00020B0D
:10C1E000EA200B367E1BB03EB09AFCB52D9082073C
:10C1F000691E00020BEA0090820BE09AFCB52D90BC
:10C200008207691E00020BEA009AFCB1E8908207DF
:10C21000691E00020BEA00908207693E00020BEAE9
:10C22000200B367E1BA03EA074014CBA9AFCB52DA3
:10C23000908207691E00020BEA0074019AFCB6297D
:10C2400090820CF0908207691E00020BEA009AFCB3
:10C25000B29690820CE0AA907D121BEA20793E00F3
:10C2600002907D11F0907D0D1BEA00791E00029076
:10C270007D0D693E00020BEA204D236804740180A5
:10C2800001E47E145F1E7E0400FE7E3402019AFDEE
:10C29000FE98907D12693E00020BEA204D2368044F
:10C2A00074018001E47E145F1E7E0400FE7E340271
:10C2B000029AFDFE98907D0D691E00020BEA009A1D
:10C2C000FCB1E8907D0D691E00020BEA00907D0D27
:10C2D000693E00020BEA200B367E1BB03EB09AFC92
:10C2E000B52D907D0D691E00020BEA00907D11E0D6
:10C2F0009AFCB52D907D0D691E00020BEA009AFC98
:10C30000B1E8907D0D691E00020BEA00907D0D6979
:10C310003E00020BEA200B367E1BA03EA074014CAF
:10C32000BA9AFCB52D8044907D0D691E00020BEA7F
:10C3300000907D16693E00020BEA204D23780474BC
:10C34000018001E49AFCB629907D12693E00020B3F
:10C35000EA207A1BB0907D12693E00020BEA200BA6
:10C3600034907D12793E00021BEA20907D16693ED2
:10C3700000020BEA207E2800017F019F02791E0047
:10C38000021BEA004D23789F907D0D691E00020B71
:10C39000EA009AFCB296AA9080F81BEA309080F4EA
:10C3A0001BEA00791E00026D339080FA1BEA309080
:10C3B00080F4693E00020BEA204D2368047401807A
:10C3C00001E47E145F1E7E0400FE7E34021A9AFD94
:10C3D000FE989080F4691E00020BEA009AFCB1E816
:10C3E0009080F4691E00020BEA009080F4693E0020
:10C3F000020BEA200B367E1BB03EB09AFCB52D90A6
:10C4000080F4691E00020BEA009080F80BEA207E9F
:10C4100034FF005D327D530A5A9AFCB52D9080F4AA
:10C42000691E00020BEA009080F80BEA407E54007F
:10C43000FF5D549AFCB52D9080F4691E00020BEA52
:10C44000009AFCB1E89080F4691E00020BEA0090AB
:10C4500080F4693E00020BEA200B367E1BA03EA052
:10C4600074014CBA9AFCB52D9080F4691E00020B41
:10C47000EA00E49AFCB6290A3B9080FA1BEA309065
:10C4800080F4691E00020BEA0074019AFCB6290AC6
:10C490002B9080FA0BEA307C676C774D329080FAF3
:10C4A0001BEA309080F4691E00020BEA009AFCB28D
:10C4B000969080FA0BEA30AA907C6B1BEA30907C55
:10C4C000671BEA00791E0002907C67693E00020B40
:10C4D000EA204D23680474018001E47E145F1E7E0F
:10C4E0000400FE7E3402339AFDFE98907C6D693E16
:10C4F00000020BEA204D23680474018001E47E14DD
:10C500005F1E7E0400FE7E3402349AFDFE98907C0D
:10C5100067691E00020BEA009AFCB1E8907C67692B
:10C520001E00020BEA00907C67693E00020BEA20C5
:10C530000B367E1BB03EB09AFCB52D907C67691E11
:10C5400000020BEA00907C6B0BEA207E34FF005D5A
:10C55000327D530A5A9AFCB52D907C67691E000201
:10C560000BEA00907C6B0BEA407E5400FF5D549A0E
:10C57000FCB52D907C67691E00020BEA009AFCB1A5
:10C58000E8907C67691E00020BEA00907C67693EB8
:10C5900000020BEA200B367E1BA03EA074014CBAB1
:10C5A0009AFCB52D8074907C67691E00020BEA002E
:10C5B000E49AFCB6290A1B907C6D693E00020BEAE6
:10C5C000201B1A10907C67691E00020BEA00907C09
:10C5D00071693E00020BEA204D237804740180014A
:10C5E000E49AFCB6290A0B907C6D693E00020BEAC6
:10C5F000200B1A107C236C334D10907C6D693E002B
:10C60000020BEA201B1A10907C6D693E00020BEAB7
:10C61000200B35793E00021BEA20907C71693E00B8
:10C62000020BEA207E2800017F019F02791E000292
:10C630001BEA004D23680302C5A6907C67691E00B3
:10C64000020BEA009AFCB296AA90798E1BEA207936
:10C650003E000290798A1BEA00791E000290798AD6
:10C66000693E00020BEA204D23680474018001E456
:10C670007E145F1E7E0400FE7E3402519AFDFE98F9
:10C6800090798E693E00020BEA204D236804740104
:10C690008001E47E145F1E7E0400FE7E3402529A06
:10C6A000FDFE98907996693E00020BEA204D2368C2
:10C6B0000474018001E47E145F1E7E0400FE7E345B
:10C6C00002539AFDFE9890798A691E00020BEA00D7
:10C6D0009AFCB1E890798A691E00020BEA00907911
:10C6E0008A693E00020BEA200B367E1BB03EB09AF0
:10C6F000FCB52D802490798A691E00020BEA009017
:10C70000798E693E00020BEA207E1BB00B34793E25
:10C7100000021BEA209AFCB52D907992693E000236
:10C720000BEA207E2800017F019F02791E00021B78
:10C73000EA004D2378BF90799A693E00020BEA2007
:10C740004D23780302C7DB90798A691E00020BEA49
:10C75000009AFCB1E890798A691E00020BEA009009
:10C76000798A693E00020BEA200B367E1BA03EA0B0
:10C7700074014CBA9AFCB52D804490798A691E00E8
:10C78000020BEA0090799A693E00020BEA204D23E1
:10C79000780474018001E49AFCB629907996693E88
:10C7A00000020BEA207A1BB0907996693E00020BDA
:10C7B000EA200B34907996793E00021BEA209079AA
:10C7C0009A693E00020BEA207E2800017F019F0249
:10C7D000791E00021BEA004D23789F90798A691E1A
:10C7E00000020BEA009AFCB296AA9079A21BEA20FA
:10C7F000793E000290799E1BEA00791E0002907932
:10C800009E693E00020BEA204D23680474018001FA
:10C81000E47E145F1E7E0400FE7E3402749AFDFEE8
:10C82000989079A2693E00020BEA204D23680474B7
:10C83000018001E47E145F1E7E0400FE7E340275DA
:10C840009AFDFE989079AA693E00020BEA204D23DA
:10C85000680474018001E47E145F1E7E0400FE7E85
:10C860003402769AFDFE9890799E691E00020BEACA
:10C87000009AFCB1E890799E691E00020BEA0090D4
:10C88000799E693E00020BEA200B367E1BB03EB05B
:10C890009AFCB52D804F90799E691E00020BEA002C
:10C8A0009079A2693E00020BEA200B1A207E34FF29
:10C8B000005D327D530A5A9AFCB52D90799E691E0F
:10C8C00000020BEA009079A2693E00020BEA200BFD
:10C8D0001A400B35793E00021BEA207E5400FF5DB2
:10C8E000549AFCB52D9079A6693E00020BEA207E91
:10C8F0002800017F019F02791E00021BEA004D23E0
:10C9000078949079AE693E00020BEA204D237803BB
:10C9100002C9DA90799E691E00020BEA009AFCB106
:10C92000E890799E691E00020BEA0090799E693EAC
:10C9300000020BEA200B367E1BA03EA074014CBA0D
:10C940009AFCB52D807490799E691E00020BEA0056
:10C95000E49AFCB6290A1B9079AA693E00020BEA08
:10C96000201B1A1090799E691E00020BEA00907934
:10C97000AE693E00020BEA204D2378047401800169
:10C98000E49AFCB6290A0B9079AA693E00020BEAE8
:10C99000200B1A107C236C334D109079AA693E004D
:10C9A000020BEA201B1A109079AA693E00020BEADA
:10C9B000200B35793E00021BEA209079AE693E00DB
:10C9C000020BEA207E2800017F019F02791E0002EF
:10C9D0001BEA004D23680302C94690799E691E0038
:10C9E000020BEA009AFCB296AA9082127AEB70903F
:10C9F0008211F090820D1BEA00791E000290820DD8
:10CA0000693E00020BEA204D23680474018001E4B2
:10CA10007E145F1E7E0400FE7E3402979AFDFE980F
:10CA200090820D691E00020BEA009AFCB1E8908228
:10CA30000D691E00020BEA0090820D693E00020B98
:10CA4000EA200B367E1BB03EB09AFCB52D90820DCD
:10CA5000691E00020BEA00908211E09AFCB52D904D
:10CA6000820D691E00020BEA00908212E09AFCB56A
:10CA70002D90820D691E00020BEA009AFCB296AA64
:10CA8000908217F09082131BEA00791E0002E49056
:10CA90008218F0908213693E00020BEA204D236851
:10CAA0000474018001E47E145F1E7E0400FE7E3467
:10CAB00002AA9AFDFE98908213691E00020BEA00FA
:10CAC0009AFCB1E8908213691E00020BEA00908282
:10CAD00013693E00020BEA200B367E1BB03EB09A73
:10CAE000FCB52D908213691E00020BEA009082179C
:10CAF000E09AFCB52D908213691E00020BEA009AA1
:10CB0000FCB296908213691E00020BEA009AFCB1F7
:10CB1000E8908213691E00020BEA00908213693EBE
:10CB200000020BEA200B367E1BA03EA074014CBA1B
:10CB30009AFCB52D908213691E00020BEA00740165
:10CB40009AFCB629908218F0908213691E00020B9D
:10CB5000EA009AFCB296908218E0AA907D1F1BEA28
:10CB600020793E0002907D1EF0907D1A1BEA00792C
:10CB70001E0002907D1A693E00020BEA204D2368D8
:10CB80000474018001E47E145F1E7E0400FE7E3486
:10CB900002C49AFDFE98907D250BEA20907D230B20
:10CBA000EA30BD32680474018001E47E145F1E7EA9
:10CBB0000400FE7E3402C59AFDFE98907D230BEAA8
:10CBC00010907D1A693E00020BEA201B1A10907D1E
:10CBD000250BEA10907D1A693E00020BEA200B3506
:10CBE0001B1A10907D1EE0907D1A693E00020BEA30
:10CBF000200B367A1BB0907D1F691E00020BEA00E5
:10CC0000907D1A693E00020BEA202E34000579114E
:10CC100000021B1A00907D230BEA307E2400017471
:10CC2000017E1400119AFD40E7907D250BEA307ECD
:10CC300024000174017E1400119AFD40E7AA90704F
:10CC4000F41BEA209070F01BEA00791E000290703D
:10CC5000EE1BEA307E345D487E2400FE7E1470F6C2
:10CC60007E04000174409AFDD0696D339071361BCB
:10CC7000EA3002D01E9070F40BEA207E340040BDF2
:10CC80002328067E34004080069070F40BEA309032
:10CC900071361BEA309071360BEA30CA399070F069
:10CCA000693E00020BEA207E1470F67E0400019AB1
:10CCB000FE29DD1BFD9071360BEA209070F40BEA23
:10CCC000309D321BEA309071360BEA109070F0699B
:10CCD0003E00020BEA202D31793E00021BEA206C57
:10CCE000AA6D229070EE0BEA30BD32482B9070EEA8
:10CCF0000BEA207E340003BD23181D9070EE0BEA72
:10CD0000101A021A0074042F001478FB7E34FA30D3
:10CD10007E24007E2F10801C9070EE0BEA301A26C5
:10CD20001A247E1400309AFDCFD77E14F6907E042C
:10CD3000007E2F107A1BA06CAA6D229070EE0BEA79
:10CD400030BD32482B9070EE0BEA207E340003BDDC
:10CD500023181D9070EE0BEA101A021A0074042FAB
:10CD6000001478FB7E34FA327E24007E2F10801C63
:10CD70009070EE0BEA301A261A247E1400309AFDC9
:10CD8000CFD77E14F6927E04007E2F107A1BA090DF
:10CD900071360BEA507E4400019D547CAB6D2290AD
:10CDA00070EE0BEA30BD32482B9070EE0BEA207E1D
:10CDB000340003BD23181D9070EE0BEA101A021AFE
:10CDC0000074042F001478FB7E34FA337E24007E36
:10CDD0002F10801C9070EE0BEA301A261A247E1455
:10CDE00000309AFDCFD77E14F6957E04007E2F107A
:10CDF0007A1BA09071360BEA307E2400019D327DB3
:10CE0000530A5A6D229070EE0BEA30BD32482A90D8
:10CE100070EE0BEA207E340003BD23181C9070EEE8
:10CE20000BEA301A261A247F012F002F007E34FAD5
:10CE3000887E24007E2F10801C9070EE0BEA301A42
:10CE4000261A247E1400309AFDCFD77E14F6947EE5
:10CE500004007E2F107A1BB07E3470F67D530A5A80
:10CE60007CAB6D229070EE0BEA30BD32482B907097
:10CE7000EE0BEA207E340003BD23181D9070EE0BEC
:10CE8000EA101A021A0074042F001478FB7E34FA98
:10CE9000357E24007E2F10801C9070EE0BEA301A35
:10CEA000261A247E1400309AFDCFD77E14F6987E81
:10CEB00004007E2F107A1BA07E5470F67CAB6D228E
:10CEC0009070EE0BEA30BD32482B9070EE0BEA20EA
:10CED0007E340003BD23181D9070EE0BEA101A0279
:10CEE0001A0074042F001478FB7E34FA367E240076
:10CEF0007E2F10801C9070EE0BEA301A261A247ECA
:10CF00001400309AFDCFD77E14F6997E04007E2F50
:10CF1000107A1BA07EA0C06D229070EE0BEA30BD8F
:10CF200032482B9070EE0BEA207E340003BD2318AC
:10CF30001D9070EE0BEA101A021A0074042F0014F0
:10CF400078FB7E34FA317E24007E2F10801C907096
:10CF5000EE0BEA301A261A247E1400309AFDCFD741
:10CF60007E14F6917E04007E2F107A1BA06D229015
:10CF700070EE0BEA30BD32482B9070EE0BEA207E4B
:10CF8000340003BD23181D9070EE0BEA101A021A2C
:10CF90000074042F001478FB7E34FA327E24007E65
:10CFA0002F10801C9070EE0BEA301A261A247E1483
:10CFB00000309AFDCFD77E14F6927E04007E2F10AB
:10CFC0007E1BB030E0A76CAA6D229070EE0BEA30A9
:10CFD000BD32482B9070EE0BEA207E340003BD2357
:10CFE000181D9070EE0BEA101A021A0074042F003C
:10CFF0001478FB7E34FA317E24007E2F10801C9042
:10D0000070EE0BEA301A261A247E1400309AFDCFF7
:10D01000D77E14F6917E04007E2F107A1BA09070AC
:10D02000F40BEA206D33BD23680302CC75AA90800F
:10D03000FE1BEA00791E00029080FC1BEA30908003
:10D04000FE691E00020BEA009AFDFFEA9081021BB6
:10D05000EA309080FC0BEA309080FE691E00020BE3
:10D06000EA009081020BEA209AFCCC3EAA9083F65B
:10D07000F09083F41BEA309083F40BEA307E148343
:10D08000F67E0400017E2400019AFCCC3EAA908426
:10D09000241BEA306CAA6D229084240BEA30BD3246
:10D0A000482B9084240BEA207E340003BD23181DF6
:10D0B0009084240BEA101A021A0074042F001478CA
:10D0C000FB7E34FA3B7E24007E2F10801C9084244B
:10D0D0000BEA301A261A247E1400309AFDCFD77E30
:10D0E00014F6A57E04007E2F107A1BA0E46D22901A
:10D0F00084240BEA30BD32482A9084240BEA207E37
:10D10000340003BD23181C9084240BEA301A261A1D
:10D11000247F012F002F007E34FA8A7E24007E2F88
:10D1200010801C9084240BEA301A261A247E1400E6
:10D13000309AFDCFD77E14F6A47E04007E2F107A9D
:10D140001BB09084240BEA407E5475032D547CABB5
:10D150006D229084240BEA30BD32482B9084240B3E
:10D16000EA207E340003BD23181D9084240BEA10AE
:10D170001A021A0074042F001478FB7E34FA3E7EE3
:10D1800024007E2F10801C9084240BEA301A261A6B
:10D19000247E1400309AFDCFD77E14F6A97E0400B9
:10D1A0007E2F107A1BA09084240BEA207E34750316
:10D1B0002D327D530A5A7CAB6D229084240BEA30C9
:10D1C000BD32482B9084240BEA207E340003BD231B
:10D1D000181D9084240BEA101A021A0074042F0000
:10D1E0001478FB7E34FA3D7E24007E2F10801C9044
:10D1F00084240BEA301A261A247E1400309AFDCFBC
:10D20000D77E14F6A87E04007E2F107A1BA07EA085
:10D21000A16D229084240BEA30BD32482B908424E7
:10D220000BEA207E340003BD23181D9084240BEAF2
:10D23000101A021A0074042F001478FB7E34FA3995
:10D240007E24007E2F10801C9084240BEA301A2646
:10D250001A247E1400309AFDCFD77E14F6A17E04E6
:10D26000007E2F107A1BA0AA9081951BEA00791EE0
:10D270000002908194F09081921BEA30908194E0BA
:10D28000BEB00068607EA0806D229081920BEA3073
:10D29000BD32482B9081920BEA207E340003BD23DF
:10D2A000181D9081920BEA301A261A2474042F114B
:10D2B0001478FB7E14FA387E04007E2F01801C90C7
:10D2C00081920BEA301A261A247E1400309AFDCF80
:10D2D000D77E14F6A07E04007E2F017E0B704C7A60
:10D2E0007A0B70805E7EA07F6D229081920BEA3077
:10D2F000BD32482B9081920BEA207E340003BD237F
:10D30000181D9081920BEA301A261A2474042F11EA
:10D310001478FB7E14FA387E04007E2F01801C9066
:10D3200081920BEA301A261A247E1400309AFDCF1F
:10D33000D77E14F6A07E04007E2F017E0B705C7AEF
:10D340007A0B70908195691E00020BEA0090819221
:10D350000BEA203E243E247E34750B2D327A7182F6
:10D360007A6183791E00021BEA00AA9083F71BEA08
:10D37000306D229083F70BEA30BD32482B9083F753
:10D380000BEA207E340003BD23181D9083F70BEABF
:10D39000101A021A0074042F001478FB7E34FA3A33
:10D3A0007E24007E2F10801C9083F70BEA301A2613
:10D3B0001A247E1400309AFDCFD77E14F6A27E0484
:10D3C000007E2F107E1BA074035CBABEB00068A163
:10D3D0009083F70BEA207E3475032D327A71827ABE
:10D3E0006183E09083F9F06CAA6D229083F70BEAD9
:10D3F00030BD32482B9083F70BEA207E340003BD0A
:10D4000023181D9083F70BEA101A021A0074042FD8
:10D41000001478FB7E34FA3A7E24007E2F10801CA4
:10D420009083F70BEA301A261A247E1400309AFDF6
:10D43000CFD77E14F6A27E04007E2F107A1BA09018
:10D4400083F70BEA309AFCD08E9083F9E0AA9081A2
:10D450009B1BEA00791E00029081991BEA30E49040
:10D46000819FF09081990BEA207E3475032D327AEA
:10D4700071827A6183E090819B693E00020BEA2011
:10D480007A1BB06D229081990BEA30BD32482B9007
:10D4900081990BEA207E340003BD23181D908199E9
:10D4A0000BEA101A021A0074042F001478FB7E3461
:10D4B000FA3A7E24007E2F10801C9081990BEA306E
:10D4C0001A261A247E1400309AFDCFD77E14F6A2B5
:10D4D0007E04007E2F107E1BA074035CBABEB000D9
:10D4E0006866740190819FF07EA0FC6D2290819906
:10D4F0000BEA30BD32482B9081990BEA207E340034
:10D5000003BD23181D9081990BEA301A261A247442
:10D51000042F111478FB7E14FA3A7E04007E2F014A
:10D52000801C9081990BEA301A261A247E14003050
:10D530009AFDCFD77E14F6A27E04007E2F017E0BCB
:10D54000705C7A7A0B708005E490819FF0908199ED
:10D550000BEA309AFCD08E90819FE0AA9084261B23
:10D56000EA306CAA6D229084260BEA30BD32482B3B
:10D570009084260BEA207E340003BD23181D90847E
:10D58000260BEA101A021A0074042F001478FB7E8E
:10D5900034FA307E24007E2F10801C9084260BEA03
:10D5A000301A261A247E1400309AFDCFD77E14F646
:10D5B000907E04007E2F107A1BA06CAA6D229084AE
:10D5C000260BEA30BD32482B9084260BEA207E34AD
:10D5D0000003BD23181D9084260BEA101A021A00BE
:10D5E00074042F001478FB7E34FA327E24007E2FE0
:10D5F00010801C9084260BEA301A261A247E140010
:10D60000309AFDCFD77E14F6927E04007E2F107ADA
:10D610001BA06CAA6D229084260BEA30BD32482BE9
:10D620009084260BEA207E340003BD23181D9084CD
:10D63000260BEA101A021A0074042F001478FB7EDD
:10D6400034FA317E24007E2F10801C9084260BEA51
:10D65000301A261A247E1400309AFDCFD77E14F695
:10D66000917E04007E2F107A1BA06CAA6D229084FC
:10D67000260BEA30BD32482B9084260BEA207E34FC
:10D680000003BD23181D9084260BEA101A021A000D
:10D6900074042F001478FB7E34FA387E24007E2F29
:10D6A00010801C9084260BEA301A261A247E14005F
:10D6B000309AFDCFD77E14F6A07E04007E2F107A1C
:10D6C0001BA06CAA6D229084260BEA30BD32482B39
:10D6D0009084260BEA207E340003BD23181D90841D
:10D6E000260BEA101A021A0074042F001478FB7E2D
:10D6F00034FA3A7E24007E2F10801C9084260BEA98
:10D70000301A261A247E1400309AFDCFD77E14F6E4
:10D71000A27E04007E2F107A1BA06CAA6D2290843A
:10D72000260BEA30BD32482B9084260BEA207E344B
:10D730000003BD23181D9084260BEA101A021A005C
:10D7400074042F001478FB7E34FA397E24007E2F77
:10D7500010801C9084260BEA301A261A247E1400AE
:10D76000309AFDCFD77E14F6A17E04007E2F107A6A
:10D770001BA06CAA6D229084260BEA30BD32482B88
:10D780009084260BEA207E340003BD23181D90846C
:10D79000260BEA101A021A0074042F001478FB7E7C
:10D7A00034FA3B7E24007E2F10801C9084260BEAE6
:10D7B000301A261A247E1400309AFDCFD77E14F634
:10D7C000A57E04007E2F107A1BA0E46D2290842693
:10D7D0000BEA30BD32482A9084260BEA207E3400C2
:10D7E00003BD23181C9084260BEA301A261A247FC6
:10D7F000012F002F007E34FA8A7E24007E2F1080B5
:10D800001C9084260BEA301A261A247E1400309AC3
:10D81000FDCFD77E14F6A47E04007E2F107A1BB0B5
:10D820009084260BEA407E5475032D547CAB6D2208
:10D830009084260BEA30BD32482B9084260BEA20D8
:10D840007E340003BD23181D9084260BEA101A02B3
:10D850001A0074042F001478FB7E34FA3E7E2400F4
:10D860007E2F10801C9084260BEA301A261A247E04
:10D870001400309AFDCFD77E14F6A97E04007E2FC7
:10D88000107A1BA09084260BEA207E3475032D327B
:10D890007D530A5A7CAB6D229084260BEA30BD3250
:10D8A000482B9084260BEA207E340003BD23181DEC
:10D8B0009084260BEA101A021A0074042F001478C0
:10D8C000FB7E34FA3D7E24007E2F10801C9084263F
:10D8D0000BEA301A261A247E1400309AFDCFD77E28
:10D8E00014F6A87E04007E2F107A1BA07EA00F6D78
:10D8F000229084260BEA30BD32482B9084260BEA16
:10D90000207E340003BD23181D9084260BEA101AD4
:10D91000021A0074042F001478FB7E34FA387E2437
:10D92000007E2F10801C9084260BEA301A261A24C1
:10D930007E1400309AFDCFD77E14F6A07E04007EC0
:10D940002F107A1BA07EA0A16D229084260BEA30B6
:10D95000BD32482B9084260BEA207E340003BD2381
:10D96000181D9084260BEA101A021A0074042F0066
:10D970001478FB7E34FA397E24007E2F10801C90B0
:10D9800084260BEA301A261A247E1400309AFDCF22
:10D99000D77E14F6A17E04007E2F107A1BA0AA90D9
:10D9A0007CB31BEA20907CAF1BEA00791E0002903A
:10D9B0007CAD1BEA30907CB70BEA307E2400049AE1
:10D9C000FDFF697E145D1D7E0400FE7E34017A9A9F
:10D9D000FDFE98907CB50BEA301A367E24000F5D70
:10D9E00023907CB30BEA307D131A127E34000F5D56
:10D9F00031BD32780474018001E47E145D1D7E0423
:10DA000000FE7E34017F9AFDFE98907CB30BEA30D5
:10DA10007D231A240E240E240E240E24907CAD0B9C
:10DA2000EA30BD3278057EA00180026CAA740F5CDA
:10DA3000BA7E145D1D7E0400FE7E3401849AFDFED4
:10DA400098907CB30BEA307D231A240E240E240E0A
:10DA5000240E24907CAD0BEA30BD3278057EA00107
:10DA600080026CAA740F5CBA7E145D1D7E0400FEF9
:10DA70007E3401859AFDFE98907CB30BEA207E34BB
:10DA800000FF5D327E24000174017E1400109AFDB7
:10DA900040E7907CB50BEA207E3400FF5D326D22BA
:10DAA00074017E1400039AFD40E7907CAF691E006C
:10DAB000020BEA00908336693E00020BEA209AFDD1
:10DAC000CFE274027F011E141E0450034E20801406
:10DAD00078F46D337E2400019F10907CB91BEA30EE
:10DAE000907CAD0BEA50BE540008400302E5737E03
:10DAF000A003A490DAF77302DB0F02DBF902DD0664
:10DB000002DE3A02DF9202E10D02E28802E40390B3
:10DB10007CB70BEA207E340001BD23782243985065
:10DB20005389F0907CB90BEA50F58B907CB90BEAE5
:10DB3000307D530A5AF58D438E40D3D28E80289083
:10DB40007CB70BEA207E340002BD23781A4398503C
:10DB5000907CB90BEA50F5D7907CB90BEA307D5335
:10DB60000A5AF5D6438E1553A23F907CB50BEA2096
:10DB70007E340040BD237815907CB30BEA207E34C0
:10DB80000041BD237807E5A2F5A202E573907CB5BC
:10DB90000BEA207E340146BD237814907CB30BEA57
:10DBA000207E340147BD23780643A24002E57390EE
:10DBB0007CB50BEA207E340226BD237814907CB31A
:10DBC0000BEA207E340227BD23780643A28002E5BB
:10DBD00073907CB50BEA207E340353BD23680302A7
:10DBE000E573907CB30BEA207E340354BD236803B5
:10DBF00002E57343A2C002E573907CB70BEA207E76
:10DC0000340002BD23781A439A50907CB90BEA5035
:10DC1000F5D7907CB90BEA307D530A5AF5D6438E7E
:10DC20001453BAFE74DF7E14FD697E04007E7E0B01
:10DC3000705C7B7A0B70907CB50BEA207E341020F0
:10DC4000BD237823907CB30BEA207E341021BD23C2
:10DC50007815E5BAF5BA7E14FD697E04007E7E0B68
:10DC6000707A0B7002E573907CB50BEA207E34115C
:10DC700056BD237822907CB30BEA207E341157BD29
:10DC800023781443BA017E14FD697E04007E7E0B66
:10DC9000707A0B7002E573907CB50BEA207E34112C
:10DCA00056BD237827907CB30BEA207E341157BDF4
:10DCB000237819E5BAF5BA74207E14FD697E040054
:10DCC0007E7E0B704C7B7A0B7002E573907CB50BFB
:10DCD000EA207E341156BD23680302E573907CB3BD
:10DCE0000BEA207E341157BD23680302E57343BA63
:10DCF0000174207E14FD697E04007E7E0B704C7BD7
:10DD00007A0B7002E573907CB70BEA207E34000238
:10DD1000BD237819907CB90BEA50F5D7907CB90BEC
:10DD2000EA307D530A5AF5D6438E148025907CB78D
:10DD30000BEA207E340003BD237817907CB90BEAF0
:10DD400050F5D5907CB90BEA307D530A5AF5D4438F
:10DD5000DD0A43AC5053BAFD74BF7E14FD697E04E6
:10DD6000007E7E0B705C7B7A0B70907CB50BEA209A
:10DD70007E342010BD237823907CB30BEA207E34C0
:10DD80002011BD237815E5BAF5BA7E14FD697E042D
:10DD9000007E7E0B707A0B7002E573907CB50BEA07
:10DDA000207E342160BD237822907CB30BEA207E54
:10DDB000342161BD23781443BA027E14FD697E04C8
:10DDC000007E7E0B707A0B7002E573907CB50BEAD7
:10DDD000207E342296BD237827907CB30BEA207EE8
:10DDE000342297BD237819E5BAF5BA74407E14FD44
:10DDF000697E04007E7E0B704C7B7A0B7002E573AB
:10DE0000907CB50BEA207E342360BD23680302E5D5
:10DE100073907CB30BEA207E3423C7BD23680302D2
:10DE2000E57343BA0274407E14FD697E04007E7E71
:10DE30000B704C7B7A0B7002E573907CB70BEA2079
:10DE40007E340002BD23782B907CB90BEA50F5D7C5
:10DE5000907CB90BEA307D530A5AF5D6438E147480
:10DE6000FE7E14FDBC7E04007E7E0B705C7B7A0B14
:10DE7000708037907CB70BEA207E340004BD237895
:10DE800029907CB90BEA50F5D3907CB90BEA307D30
:10DE9000530A5AF5D243DDA074017E14FDBC7E0402
:10DEA000007E7E0B704C7B7A0B7043FD5053BAFBA7
:10DEB000747F7E14FD697E04007E7E0B705C7B7A2D
:10DEC0000B70907CB50BEA207E343012BD23782392
:10DED000907CB30BEA207E343013BD237815E5BA6D
:10DEE000F5BA7E14FD697E04007E7E0B707A0B709D
:10DEF00002E573907CB50BEA207E343162BD237855
:10DF000022907CB30BEA207E343163BD2378144326
:10DF1000BA047E14FD697E04007E7E0B707A0B705D
:10DF200002E573907CB50BEA207E3432B2BD2378D3
:10DF300027907CB30BEA207E3432B3BD237819E5F9
:10DF4000BAF5BA74807E14FD697E04007E7E0B7083
:10DF50004C7B7A0B7002E573907CB50BEA207E3423
:10DF60003362BD23680302E573907CB30BEA207E25
:10DF70003433D1BD23680302E57343BA0474807E51
:10DF800014FD697E04007E7E0B704C7B7A0B700260
:10DF9000E573907CB70BEA207E340002BD23782B1A
:10DFA000907CB90BEA50F5D7907CB90BEA307D53E1
:10DFB0000A5AF5D6438E1474FE7E14F76D7E040063
:10DFC0007E7E0B705C7B7A0B708058907CB70BEA7E
:10DFD000207E340005BD23784A907CB90BEA107E80
:10DFE00034FBB77E24007E7A1B30907CB90BEA307C
:10DFF0007D130A127E34FBB67E24007E7A1B3074B9
:10E000000A7E14FBB37E04007E7E0B704C7B7A0B81
:10E010007074017E14F76D7E04007E7E0B704C7B65
:10E020007A0B7074507E14F7407E04007E7E0B7075
:10E030004C7B7A0B7074FC7E14FD6A7E04007E7E3D
:10E040000B705C7B7A0B70907CB50BEA207E3440C1
:10E0500014BD23781F907CB30BEA207E344015BD9D
:10E060002378117E14FD6A7E04007E7E0B707A0B8D
:10E070007002E573907CB50BEA207E344150BD23DD
:10E080007823907CB30BEA207E344151BD23781570
:10E0900074017E14FD6A7E04007E7E0B704C7B7AD8
:10E0A0000B7002E573907CB50BEA207E344224BDF0
:10E0B000237823907CB30BEA207E344225BD23785D
:10E0C0001574027E14FD6A7E04007E7E0B704C7B0C
:10E0D0007A0B7002E573907CB50BEA207E344330F6
:10E0E000BD23680302E573907CB30BEA207E3443C2
:10E0F00031BD23680302E57374037E14FD6A7E0458
:10E10000007E7E0B704C7B7A0B7002E573907CB7BF
:10E110000BEA207E340002BD23782B907CB90BEAF9
:10E1200050F5D7907CB90BEA307D530A5AF5D643A7
:10E130008E1474FE7E14F79D7E04007E7E0B705C50
:10E140007B7A0B708058907CB70BEA207E340006F7
:10E15000BD23784A907CB90BEA107E34FBB57E244F
:10E16000007E7A1B30907CB90BEA307D130A127E58
:10E1700034FBB47E24007E7A1B3074A07E14FBB383
:10E180007E04007E7E0B704C7B7A0B7074017E14D3
:10E19000F79D7E04007E7E0B704C7B7A0B70745072
:10E1A0007E14F7707E04007E7E0B704C7B7A0B70C1
:10E1B00074F37E14FD6A7E04007E7E0B705C7B7AB5
:10E1C0000B70907CB50BEA207E345016BD23781F6F
:10E1D000907CB30BEA207E345017BD2378117E1457
:10E1E000FD6A7E04007E7E0B707A0B7002E57390F0
:10E1F0007CB50BEA207E345172BD237823907CB32A
:10E200000BEA207E345173BD23781574047E14FD0F
:10E210006A7E04007E7E0B704C7B7A0B7002E57385
:10E22000907CB50BEA207E345242BD237823907C4B
:10E23000B30BEA207E345243BD23781574087E1454
:10E24000FD6A7E04007E7E0B704C7B7A0B7002E5CB
:10E2500073907CB50BEA207E345336BD23680302ED
:10E26000E573907CB30BEA207E345337BD236803FB
:10E2700002E573740C7E14FD6A7E04007E7E0B70D2
:10E280004C7B7A0B7002E573907CB70BEA207E34EE
:10E290000002BD23782B907CB90BEA50F5D7907C17
:10E2A000B90BEA307D530A5AF5D6438E1474FE7EBC
:10E2B00014F7CD7E04007E7E0B705C7B7A0B708041
:10E2C00058907CB70BEA207E340007BD23784A9033
:10E2D0007CB90BEA107E34FBBF7E24007E7A1B30B3
:10E2E000907CB90BEA307D130A127E34FBBE7E248B
:10E2F000007E7A1B30740A7E14FBBB7E04007E7E97
:10E300000B704C7B7A0B7074017E14F7CD7E040089
:10E310007E7E0B704C7B7A0B7074507E14F7A07E5F
:10E3200004007E7E0B704C7B7A0B7074CF7E14FDE4
:10E330006D7E04007E7E0B705C7B7A0B70907CB5EA
:10E340000BEA207E346060BD23781F907CB30BEA1B
:10E35000207E346061BD2378117E14FD6D7E040043
:10E360007E7E0B707A0B7002E573907CB50BEA2011
:10E370007E3461B4BD237823907CB30BEA207E34D5
:10E3800061B5BD23781574107E14FD6D7E04007E8A
:10E390007E0B704C7B7A0B7002E573907CB50BEAB8
:10E3A000207E3462A0BD237823907CB30BEA207ECC
:10E3B0003462A1BD23781574207E14FD6D7E0400A7
:10E3C0007E7E0B704C7B7A0B7002E573907CB50BF4
:10E3D000EA207E346322BD23680302E573907CB398
:10E3E0000BEA207E346323BD23680302E573743097
:10E3F0007E14FD6D7E04007E7E0B704C7B7A0B706C
:10E4000002E573907CB70BEA207E340002BD2378CE
:10E410002B907CB90BEA50F5D7907CB90BEA307D94
:10E42000530A5AF5D6438E1474FE7E14F7CD7E043B
:10E43000007E7E0B705C7B7A0B708058907CB70BF3
:10E44000EA207E340008BD23784A907CB90BEA109C
:10E450007E34FBBD7E24007E7A1B30907CB90BEAB3
:10E46000307D130A127E34FBBC7E24007E7A1B3082
:10E4700074A07E14FBBB7E04007E7E0B704C7B7A06
:10E480000B7074017E14F7FD7E04007E7E0B704CD1
:10E490007B7A0B7074507E14F7D07E04007E7E0B66
:10E4A000704C7B7A0B70743F7E14FD6D7E04007E91
:10E4B0007E0B705C7B7A0B70907CB50BEA207E340F
:10E4C0007062BD23781F907CB30BEA207E347063AA
:10E4D000BD2378117E14FD6D7E04007E7E0B707A64
:10E4E0000B7002E573907CB50BEA207E3471B6BDEB
:10E4F000237822907CB30BEA207E3471B7BD237859
:10E500001474407E14FD6D7E04007E7E0B704C7B87
:10E510007A0B70805E907CB50BEA207E3472A2BDCF
:10E52000237822907CB30BEA207E3472A3BD23783B
:10E530001474807E14FD6D7E04007E7E0B704C7B17
:10E540007A0B70802E907CB50BEA207E347370BD00
:10E55000237820907CB30BEA207E347371BD23783E
:10E560001274C07E14FD6D7E04007E7E0B704C7BA9
:10E570007A0B70907CAD0BEA309AFCD55CAA90794E
:10E58000F41BEA209079F01BEA00791E00029079D2
:10E59000EE1BEA307E345D887E2400FE7E1479F81E
:10E5A0007E04000174089AFDD0699079EE0BEA2090
:10E5B0007E3479F82D327A71827A6183E0907A0024
:10E5C000F06D229079EE0BEA30BD3248129079EE70
:10E5D0000BEA207E340007BD23180474018001E497
:10E5E0007E145D1D7E0400FE7E3402E39AFDFE98DB
:10E5F0009079F60BEA30907CB51BEA30907A00E017
:10E600000A3B907CB71BEA309079EE0BEA309079A8
:10E61000F0691E00020BEA009079F40BEA209AFCE4
:10E62000D99FAA908453F0D3D2B5C3C2B5C3C2F95F
:10E630007E340001908453E09AFC79B4D3D2F9D3AC
:10E64000D2B5C3C2B52290811A1BEA009081181B73
:10E65000EA109081161BEA209081141BEA30908109
:10E6600012E00A2B9081140BEA30BD325004740181
:10E670008001E47E145E8B7E0400FE7E34006A9A84
:10E68000FDFE98908113E00A2B9081160BEA30BDB5
:10E6900032500474018001E47E145E8B7E0400FE1F
:10E6A0007E34006B9AFDFE98908112E00A2B9081D7
:10E6B000180BEA30BD32500474018001E47E145E10
:10E6C0008B7E0400FE7E34006C9AFDFE98908113D0
:10E6D000E00A2B90811A0BEA30BD3250047401809D
:10E6E00001E47E145E8B7E0400FE7E34006D9AFD94
:10E6F000FE986D229081100BEA30BD327862742A48
:10E7000012E6237E3400019081140BEA107E24006F
:10E71000342D219AFC7A187E3400019081180BEA7E
:10E72000107E2400342D219AFC7A18742B12E623D3
:10E730007E3400019081160BEA107E2400282D21E2
:10E740009AFC7A187E34000190811A0BEA107E241C
:10E7500000282D219AFC7A18742C12E62302E89ED8
:10E760009081100BEA207E340001BD237862742A68
:10E7700012E6237E3400019081140BEA107E2400FF
:10E78000352D219AFC7A187E3400019081180BEA0D
:10E79000107E2400352D219AFC7A18742B12E62362
:10E7A0007E3400019081160BEA107E2400282D2172
:10E7B0009AFC7A187E34000190811A0BEA107E24AC
:10E7C00000282D219AFC7A18742C12E62302E89E68
:10E7D0009081100BEA207E340002BD237861742AF8
:10E7E00012E6237E3400019081140BEA107E24008F
:10E7F000282D219AFC7A187E3400019081180BEAAA
:10E80000107E2400282D219AFC7A18742B12E623FE
:10E810007E3400019081160BEA107E2400352D21F4
:10E820009AFC7A187E34000190811A0BEA107E243B
:10E8300000352D219AFC7A18742C12E623805F741F
:10E840002A12E6237E3400019081140BEA107E2404
:10E8500000282D219AFC7A187E3400019081180B33
:10E86000EA107E2400282D219AFC7A18742B12E6D7
:10E87000237E3400019081160BEA107E2400342D93
:10E88000219AFC7A187E34000190811A0BEA107EDE
:10E890002400342D219AFC7A18742C12E62322903D
:10E8A00063661BEA306D336D22908112E00A1B7E95
:10E8B0000400019D10908113E00A0B7E5400019D1D
:10E8C0000512E6466D339063681BEA30802C906336
:10E8D000660BEA209063680BEA103E147E34636A8C
:10E8E0002D317A71827A61831BEA209063680BEA8A
:10E8F000207E3400012D321BEA309063680BEA2041
:10E900007E3400F0BD2340C66D339063681BEA304F
:10E91000802D7E1800F0907F33793E00021BEA20A4
:10E920007E3400017E14636A7E0400019AFC7A45FD
:10E930009063680BEA207E3400012D321BEA309090
:10E9400063680BEA207E340087BD2340C5AA90840B
:10E950002A1BEA3090842A0BEA309081101BEA309F
:10E960009081100BEA301B34680E1B3468181B347E
:10E9700068142E340003781A7487908112F074F0B2
:10E98000908113F0800C74F0908112F07487908164
:10E9900013F0AA9083AC1BEA209083AA1BEA309064
:10E9A00083AA0BEA3090810C1BEA309083AC0BEA0F
:10E9B0003090810E1BEA30AA9082471BEA109082A9
:10E9C000451BEA209082431BEA30908112E00A2B1B
:10E9D0009082430BEA30BD32500474018001E47E22
:10E9E000145E8B7E0400FE7E3400E19AFDFE98905A
:10E9F0008113E00A2B9082450BEA30BD325004743B
:10EA0000018001E47E145E8B7E0400FE7E3400E211
:10EA10009AFDFE989082430BEA309082450BEA20E3
:10EA20009082430BEA109082450BEA0012E6467E84
:10EA30003400019082470BEA209AFC7A18AA908150
:10EA400020F090811E1BEA2090811C1BEA309081EF
:10EA500012E00A2B90811C0BEA30BD325004740185
:10EA60008001E47E145E8B7E0400FE7E3400F59A05
:10EA7000FDFE98908113E00A2B90811E0BEA30BDB9
:10EA800032500474018001E47E145E8B7E0400FE2B
:10EA90007E3400F69AFDFE98E4908121F002EB4D61
:10EAA00090811C0BEA30908121E00A1B90811E0BA3
:10EAB000EA202D2190811C0BEA007E1400072D1006
:10EAC000908121E00A5B90811E0BEA002D0512E681
:10EAD00046908120E01A3B3E343E343E343E349032
:10EAE0008121E00A2B2D237E34011F2D327E24004C
:10EAF000FF7E1BB0908123F0E4908122F08037905C
:10EB00008123E030E0107E34000190810C0BEA207C
:10EB10009AFC7A18800E7E34000190810E0BEA2058
:10EB20009AFC7A18908123E01EB0F09081227EEB4F
:10EB3000A074012CBAF09081227EEBA07408BCABCB
:10EB400040BD9081217EEBA074012CBAF090812110
:10EB50007EEBA07410BCAB500302EAA0AA907F81A8
:10EB60001BEA00791E0002907F7F1BEA20907F7DC8
:10EB70001BEA306D33907F851BEA30908112E00AEA
:10EB80002B907F7D0BEA30BD32500474018001E48C
:10EB90007E145E8B7E0400FE7E3401139AFDFE9887
:10EBA000908113E00A2B907F7F0BEA30BD32500436
:10EBB00074018001E47E145E8B7E0400FE7E3401CD
:10EBC000149AFDFE988042907F850BEA203E243EF9
:10EBD000243E24907F7D0BEA302D32907F7F0BEA1C
:10EBE00020907F850BEA50907F81691E00020BEA1E
:10EBF000002D157E0BB09AFCEA3E907F850BEA2033
:10EC00007E3400012D321BEA30907F850BEA109094
:10EC10007F81693E00020BEA202D317E1BB0BEB021
:10EC20000078A4AA907FCFF0907FCD1BEA20907F40
:10EC3000CB1BEA30908112E00A2B907FCB0BEA309D
:10EC4000BD32500474018001E47E145E8B7E0400AA
:10EC5000FE7E34012A9AFDFE98908113E00A2B90E3
:10EC60007FCD0BEA30BD32500474018001E47E1484
:10EC70005E8B7E0400FE7E34012B9AFDFE986CAA0A
:10EC8000907FCFE0BCBA581F907FCB0BEA30907FCB
:10EC9000CD0BEA20742D9AFCEA3E907FCFE064FF12
:10ECA00004907FCFF08012907FCB0BEA30907FCD25
:10ECB0000BEA2074209AFCEA3E907FCFE01A3B7E5C
:10ECC0002400649AFDCF947CB7907FD0F0907FCFE2
:10ECD000E01A3B7E24000A9AFDCF947E24000A9A13
:10ECE000FDCF947CB5907FD1F0907FCFE01A3B7E32
:10ECF00024000A9AFDCF947CB5907FD2F0E4907FF7
:10ED0000D3F0804A907FD3E00A3B7E2400012D237C
:10ED10003E243E243E24907FCB0BEA302D32907F60
:10ED2000CD0BEA20907FD3E00A0B7E147FD02D100C
:10ED30007A31827A2183E00A4B7E5400302D549A36
:10ED4000FCEA3E907FD37EEBA074012CBAF0907F5A
:10ED5000D37EEBA07403BCAB40AAAA907FD8F090FE
:10ED60007FD61BEA20907FD41BEA30908112E00A04
:10ED70002B907FD40BEA30BD32500474018001E443
:10ED80007E145E8B7E0400FE7E34014D9AFDFE985B
:10ED9000908113E00A2B907FD60BEA30BD325004ED
:10EDA00074018001E47E145E8B7E0400FE7E3401DB
:10EDB0004E9AFDFE98907FD8E00A5B7E4400648DF9
:10EDC00054907FD9F0907FD8E00A3B7E24000A8DD2
:10EDD000327E24000A9AFDCF947CB5907FDAF090C1
:10EDE0007FD8E00A3B7E24000A9AFDCF947CB59040
:10EDF0007FDBF0E4907FDCF08042907FDC7EEB7084
:10EE00007408ACB7907FD40BEA302D35907FD60BC9
:10EE1000EA20907FDCE00A0B7E147FD92D107A3136
:10EE2000827A2183E00A4B7E5400302D549AFCEA0A
:10EE30003E907FDC7EEBA074012CBAF0907FDC7EEC
:10EE4000EBA07403BCAB40B2AA907DE51BEA109026
:10EE50007DE31BEA20907DE11BEA30908112E00AFD
:10EE60002B907DE10BEA30BD32500474018001E447
:10EE70007E145E8B7E0400FE7E3401699AFDFE984E
:10EE8000908113E00A2B907DE30BEA30BD325004F1
:10EE900074018001E47E145E8B7E0400FE7E3401EA
:10EEA0006A9AFDFE986D22907DE50BEA30BD3258DE
:10EEB00026907DE10BEA30907DE30BEA20742D9AD9
:10EEC000FCEA3E907DE50BEA306E34FFFF0B349098
:10EED0007DE51BEA308012907DE10BEA30907DE306
:10EEE0000BEA2074209AFCEA3E907DE50BEA307E26
:10EEF0002427109AFDCF947CB7907DE7F0907DE5B4
:10EF00000BEA307E2403E89AFDCF947E24000A9A0F
:10EF1000FDCF947CB5907DE8F0907DE50BEA307EE6
:10EF20002400649AFDCF947E24000A9AFDCF947C3D
:10EF3000B5907DE9F0907DE50BEA307E24000A9AD9
:10EF4000FDCF947E24000A9AFDCF947CB5907DEA93
:10EF5000F0907DE50BEA307E24000A9AFDCF947C88
:10EF6000B5907DEBF0E4907DECF0804A907DECE094
:10EF70000A3B7E2400012D233E243E243E24907D26
:10EF8000E10BEA302D32907DE30BEA20907DECE03E
:10EF90000A0B7E147DE72D107A31827A2183E00AF4
:10EFA0004B7E5400302D549AFCEA3E907DEC7EEB73
:10EFB000A074012CBAF0907DEC7EEBA07405BCAB84
:10EFC00040AAAA907DF11BEA10907DEF1BEA2090E9
:10EFD0007DED1BEA30908112E00A2B907DED0BEA6B
:10EFE00030BD32500474018001E47E145E8B7E04D7
:10EFF00000FE7E34018E9AFDFE98908113E00A2B6C
:10F00000907DEF0BEA30BD32500474018001E47E44
:10F01000145E8B7E0400FE7E34018F9AFDFE989074
:10F020007DF10BEA507E4427108D54907DF3F090D3
:10F030007DF10BEA307E2403E88D327E24000A8DB8
:10F04000327CB5907DF4F0907DF10BEA307E2400A7
:10F05000648D327E24000A8D327CB5907DF5F0906F
:10F060007DF10BEA307E24000A8D327E24000A8D69
:10F07000327CB5907DF6F0907DF10BEA307E240075
:10F080000A8D327CB5907DF7F0E4907DF8F08042F7
:10F09000907DF87EEB707408ACB7907DED0BEA3094
:10F0A0002D35907DEF0BEA20907DF8E00A0B7E1461
:10F0B0007DF32D107A31827A2183E00A4B7E540051
:10F0C000302D549AFCEA3E907DF87EEBA074012C22
:10F0D000BAF0907DF87EEBA07405BCAB40B2AA906C
:10F0E0007433F090742F1BEA00791E000290742D87
:10F0F0001BEA2090742B1BEA30908112E00A2B90BF
:10F10000742B0BEA30BD32500474018001E47E148C
:10F110005E8B7E0400FE7E3401AF9AFDFE989081E6
:10F1200013E00A2B90742D0BEA30BD3250047401A9
:10F130008001E47E145E8B7E0400FE7E3401B09A72
:10F14000FDFE989074337EEBA0740ABCAB28067465
:10F150000A907433F09074337EEBA074012CBAF0F3
:10F1600090742F693E00020BEA20BE180000583050
:10F1700090742F693E00020BEA20906E7C793E006D
:10F18000021BEA207E1474347E0400017E345E8803
:10F190007E2400FE9AFC67137CB7907456F0803F83
:10F1A0007420907434F090742F693E00020BEA20B2
:10F1B000906E7C793E00021BEA207E1474357E043A
:10F1C00000017E345E887E2400FE9AFC67137CB7C3
:10F1D000907456F09074567EEBA074012CBAF080B7
:10F1E000237EA020907456E00A2B7E3474342D3296
:10F1F0007A71827A61837AEBA09074567EEBA07468
:10F20000012CBAF09074337EEBA0907456E0BCBA37
:10F2100040CF6CAA907433E00A2B7E3474342D32C4
:10F220007A71827A61837AEBA090742B0BEA30902A
:10F23000742D0BEA207E1474347E0400019AFCEBDA
:10F240005DAA907318F09073141BEA00791E0002F7
:10F250009073121BEA209073101BEA30908112E029
:10F260000A2B9073100BEA30BD32500474018001F8
:10F27000E47E145E8B7E0400FE7E3401DA9AFDFE8D
:10F2800098908113E00A2B9073120BEA30BD325034
:10F290000474018001E47E145E8B7E0400FE7E34E3
:10F2A00001DB9AFDFE989073197EEBA07406BCAB4F
:10F2B00028067406907319F09073187EEBA0740AF8
:10F2C000BCAB2806740A907318F0907314691E0082
:10F2D000020BEA009F119AFDC697283090731469BB
:10F2E0003E00020BEA20906E7C793E00021BEA2071
:10F2F0007E14731B7E0400017E345E857E2400FE36
:10F300009AFC67137CB790731AF080399073146974
:10F310003E00020BEA20906E7C793E00021BEA2040
:10F320007E14731C7E0400017E345E857E2400FE04
:10F330009AFC67137CB790731AF090731A7EEBA057
:10F3400074012CBAF090731AE00A5B7E4400079DAA
:10F350005490733FF0907318E00A4B90733FE01A9B
:10F360005B9D547E4400019D5490733DF090731951
:10F37000E00A3B90733FE01A4B2D437E5400012D71
:10F380005490733EF0802E7EA02090733EE01A2BA6
:10F390007E34731B2D327A71827A61837AEBA0906E
:10F3A000733E7EEBA074012CBAF090733D7EEBA00F
:10F3B00074012CBAF090733D7EEBA0E4BCAB48C75F
:10F3C000907314691E00020BEA009F119AFDC69704
:10F3D000281A7EA02D90733DE01A2B7E34731B2DCE
:10F3E000327A71827A61837AEBA080187EA02090B5
:10F3F000733DE01A2B7E34731B2D327A71827A6151
:10F40000837AEBA06CAA90733EE01A2B7E34731BB8
:10F410002D327A71827A61837AEBA09073100BEAB5
:10F42000309073120BEA207E14731B7E0400019A45
:10F43000FCEB5DAA9076F41BEA00791E0002907640
:10F44000F21BEA209076F01BEA309F11907700794A
:10F450003E00021BEA209F11907704793E00021BB8
:10F46000EA20908112E00A2B9076F00BEA30BD3250
:10F47000500474018001E47E145E8B7E0400FE7EE5
:10F4800034020A9AFDFE98908113E00A2B9076F2DE
:10F490000BEA30BD32500474018001E47E145E8BAF
:10F4A0007E0400FE7E34020B9AFDFE989076F00BEF
:10F4B000EA309076F20BEA209076FC0BEA00907628
:10F4C000F00BEA102D107E0400019D109076FE0BCB
:10F4D000EA509076F20BEA002D057E5400019D055E
:10F4E00012E6469F11907700793E00021BEA2080C9
:10F4F000609F11907704793E00021BEA2080257EF0
:10F5000034000190810E0BEA209AFC7A189077045F
:10F51000691E00020BEA007E1800012F10793E00E0
:10F52000021BEA209076FC0BEA106D0090770469CC
:10F530003E00020BEA20BF1040C5907700691E0014
:10F54000020BEA007E1800012F10793E00021BEA30
:10F55000209076FE0BEA106D00907700693E000265
:10F560000BEA20BF10408A9F11907700793E00027D
:10F570001BEA2002F6349076F80BEA1090770069C7
:10F580003E00020BEA209AFDCFD79076FC0BEA10E2
:10F590009AFDCFE0907708793E00021BEA20907731
:10F5A00008693E00020BEA207D139076F4693E0064
:10F5B000020BEA202D317E1B700A279076FE0BEAA3
:10F5C000307E1400019D31AD329076FA0BEA208D29
:10F5D000326D2290770C793E00021BEA2090770072
:10F5E000693E00020BEA207D239076F00BEA302D75
:10F5F000329076FE0BEA107E2400019D126D009081
:10F60000770C695E00020BEA409F029076F20BEAEB
:10F61000202D2190810C0BEA109AFCE9B89077001C
:10F62000691E00020BEA007E1800012F10793E00CF
:10F63000021BEA209076FC0BEA106D0090770069BF
:10F640003E00020BEA20BF10500302F576AA905F3D
:10F6500074F0905F681BEA00791E0002905F661BE1
:10F66000EA20905F641BEA309F11905F75793E003D
:10F67000021BEA209F11905F79793E00021BEA206D
:10F68000908112E00A2B905F640BEA30BD32500487
:10F6900074018001E47E145E8B7E0400FE7E3402E1
:10F6A000389AFDFE98908113E00A2B905F660BEA72
:10F6B00030BD32500474018001E47E145E8B7E0400
:10F6C00000FE7E3402399AFDFE98905F68693E0024
:10F6D000020BEA204D23680474018001E47E145E6D
:10F6E0008B7E0400FE7E34023A9AFDFE98C3C2B5BA
:10F6F000905F640BEA30905F660BEA20905F700BBE
:10F70000EA00905F640BEA102D107E0400019D104A
:10F71000905F720BEA50905F660BEA002D057E54F5
:10F7200000019D0512E6469F11905F79793E000227
:10F730001BEA2002F903905F6E0BEA10905F796973
:10F740003E00020BEA209AFDCFD7905F720BEA10C1
:10F750009AFDCFE0905F6C0BEA109AFDCFD77D1336
:10F76000905F68693E00020BEA202D31906161795B
:10F770003E00021BEA209F11905F75793E00021B3C
:10F78000EA2002F8B1905F6C0BEA10905F75693E59
:10F7900000020BEA209AFDCFD7905F700BEA109A17
:10F7A000FDCFE07D13906161693E00020BEA202DE0
:10F7B000317E1B700A37905F7F1BEA30905F74E0E8
:10F7C000BEB000680302F84C905F7F0BEA201E2455
:10F7D0001E241E247E34001F5D327C676C773E340D
:10F7E0003E343E34905F7D1BEA30905F7F0BEA3001
:10F7F0001E341E347E24003F5D2374053E2414789D
:10F80000FB905F7D0BEA304D321BEA30905F7F0B3F
:10F81000EA301E341E341E347E24001F5D23905FA8
:10F820007D0BEA304D321BEA30905F7D0BEA209071
:10F830005F75691E00020BEA003E147E345F812D65
:10F84000317A71827A61831BEA20804E905F74E086
:10F850000A2B905F7F0BEA30BD32501F6D22905F04
:10F8600075691E00020BEA003E147E345F812D3163
:10F870007A71827A61831BEA20801F7E24FFFF90C9
:10F880005F75691E00020BEA003E147E345F812D15
:10F89000317A71827A61831BEA20905F75691E005C
:10F8A000020BEA007E1800012F10793E00021BEACD
:10F8B00020905F700BEA106D00905F75693E00024A
:10F8C0000BEA20BF10500302F785905F700BEA30FF
:10F8D0006D22907F33793E00021BEA207E340001C6
:10F8E0007E145F817E0400019AFC7A45905F7969FD
:10F8F0001E00020BEA007E1800012F10793E000264
:10F900001BEA20905F720BEA106D00905F79693EF0
:10F9100000020BEA20BF10500302F736D3D2B5AA7B
:10F920009078CA1BEA00791E00029078C9F090789E
:10F93000C71BEA209078C51BEA30908112E00A2BA1
:10F940009078C50BEA30BD32500474018001E47E2A
:10F95000145E8B7E0400FE7E34026D9AFDFE98904C
:10F960008113E00A2B9078C70BEA30BD3250047443
:10F97000018001E47E145E8B7E0400FE7E34026E04
:10F980009AFDFE989078C9E00A5B1E541E541E54DE
:10F990009078D9F09078C50BEA309078C70BEA20C0
:10F9A0009078C9E09078CE7EEB10AC1B7E140001FD
:10F9B0009D019078C50BEA102D109078C9E00A5B84
:10F9C0009078C70BEA002D057E5400019D0512E6D4
:10F9D000466D339078D11BEA3002FB109078CEE070
:10F9E0009078D8F09078D9E00A1B9078D10BEA0093
:10F9F000AD109078CA693E00020BEA202D31907854
:10FA0000DA793E00021BEA2002FAEB6D339078D5DA
:10FA10001BEA3002FAAE7E3400089078D31BEA303D
:10FA2000805E9078D30BEA507E4400019D5490781C
:10FA3000DA693E00020BEA207E1BA060051EA014BE
:10FA400078FB74015CBA9078D7F09078D7E0BEB0BC
:10FA50000068107E3400019078CF0BEA209AFC7A7F
:10FA600018800E7E34000190810E0BEA209AFC7AF9
:10FA7000189078D30BEA307E2400019D321BEA30C7
:10FA80006D229078D30BEA30BD3218969078DA69FF
:10FA90003E00020BEA200B34793E00021BEA209064
:10FAA00078D50BEA207E3400012D321BEA309078A5
:10FAB000D9E00A2B9078D50BEA30BD32580302FA10
:10FAC000169078C9E09078D97EEB30AC3B9078DA2C
:10FAD000693E00020BEA209078D9E00A0B9D302D98
:10FAE000319078DA793E00021BEA209078D87EEBDC
:10FAF000A07E70017CBA9CB7F0BEA000680302FA39
:10FB00000B9078D10BEA207E3400012D321BEA30B5
:10FB10009078C9E00A2B9078D10BEA30BD325803B7
:10FB200002F9DCAA7E3413939079BA1BEA307E3452
:10FB300013919079BC1BEA307E34FFFF9079BE1B95
:10FB4000EA307E34FFFF9079C01BEA307E3400013A
:10FB50006D227E146C007E0402DC9AFC7EB27E3440
:10FB600000817E240001E47E1400109AFD40E77EAF
:10FB70003400807E240001E47E1400109AFD40E7EA
:10FB80007E3400457E240001E47E1400109AFD407E
:10FB9000E77E3400927E24000174017E1400109AE6
:10FBA000FD40E79081100BEA309AFCE94E90810C01
:10FBB0000BEA3090810E0BEA209AFCE993C3C2F85D
:10FBC0007E1403E8908336693E00020BEA209AFD1A
:10FBD000CFE07E1400C89AFDCFD79AFCFECFD3D2D7
:10FBE000F87E1403E8908336693E00020BEA209AFF
:10FBF000FDCFE07E1400649AFDCFD79AFCFECF744F
:10FC00003612E6237E1403E8908336693E00020B29
:10FC1000EA209AFDCFE07E1400649AFDCFD79AFCCB
:10FC2000FECF6D229081100BEA30BD32780B7E340E
:10FC30000001E49AFC79B4803E9081100BEA207EAA
:10FC4000340001BD23780C7E34000174C09AFC7925
:10FC5000B480249081100BEA207E340002BD23780A
:10FC60000C7E34000174709AFC79B4800A7E3400F2
:10FC70000174A09AFC79B4743A12E6237E34000130
:10FC800074059AFC79B474B212E6237E34000174D0
:10FC90000C9AFC79B47E340001740C9AFC79B47E21
:10FCA000340001E49AFC79B47E34000174339AFC88
:10FCB00079B47E34000174339AFC79B474B712E6D7
:10FCC000237E34000174359AFC79B474BB12E623A8
:10FCD0007E34000174379AFC79B474C012E6237E36
:10FCE000340001742C9AFC79B474C212E6237E3479
:10FCF000000174019AFC79B474C312E6237E3400C7
:10FD00000174129AFC79B474C412E6237E340001A3
:10FD100074209AFC79B474C612E6237E3400017410
:10FD20000F9AFC79B474D012E6237E34000174A4D7
:10FD30009AFC79B47E34000174A19AFC79B474E021
:10FD400012E6237E34000174D09AFC79B47E34002C
:10FD50000174049AFC79B47E340001740D9AFC7924
:10FD6000B47E34000174119AFC79B47E34000174BD
:10FD7000139AFC79B47E340001742B9AFC79B47E1A
:10FD8000340001743F9AFC79B47E34000174549AB3
:10FD9000FC79B47E340001744C9AFC79B47E340052
:10FDA0000174189AFC79B47E340001740D9AFC79C0
:10FDB000B47E340001740B9AFC79B47E3400017473
:10FDC0001F9AFC79B47E34000174239AFC79B474D0
:10FDD000E112E6237E34000174D09AFC79B47E34BB
:10FDE000000174049AFC79B47E340001740C9AFC0E
:10FDF00079B47E34000174119AFC79B47E34000128
:10FE000074139AFC79B47E340001742C9AFC79B492
:10FE10007E340001743F9AFC79B47E34000174444E
:10FE20009AFC79B47E34000174519AFC79B47E3422
:10FE30000001742F9AFC79B47E340001741F9AFC7F
:10FE400079B47E340001741F9AFC79B47E340001C9
:10FE500074209AFC79B47E34000174239AFC79B43E
:10FE6000742112E623741112E6237E1403E89083B2
:10FE700036693E00020BEA209AFDCFE07E1400783E
:10FE80009AFDCFD79AFCFECF742912E62390810EFB
:10FE90000BEA309AFCE89FAA90834A1BEA20793E3D
:10FEA00000029F117A1F001090834A693E00020BE6
:10FEB000EA207A1F0010800E7E1F00107E080001CD
:10FEC0009F107A1F00107E1F00104D2378EAAA9021
:10FED0007FC21BEA20793E0002E47E34FE787E2455
:10FEE000007E7A1BB07E14FF017E0400FE907FC26C
:10FEF000693E00020BEA20BF1028367E08000590FC
:10FF00007FC2693E00020BEA202F107E14000C9A7B
:10FF1000FDCFE0907FC2793E00021BEA2074EF7EA5
:10FF200014FE787E04007E7E0B705C7B7A0B708002
:10FF30001274107E14FE787E04007E7E0B704C7B63
:10FF40007A0B70907FC2693E00020BEA207CB5906C
:10FF50007FC6F0907FC6E00A3B6D227E0800012F2D
:10FF600001907FC2693E00020BEA209AFDCFE29029
:10FF70007FC71BEA30907FC70BEA207E34FFFF9DCE
:10FF800032907FC91BEA30907FC6E07E34FE797ED6
:10FF900024007E7A1BB0907FC90BEA107E34FE7B72
:10FFA0007E24007E7A1B30907FC90BEA307D130AD5
:10FFB000127E34FE7A7E24007E7A1B3074807E149A
:10FFC000FE787E04007E7E0B704C7B7A0B707E3454
:10FFD000FE787E24007E7E1BB030E0F2AACAF87D57
:10FFE000F37CFB7F207F1080071BF47A2BF00B54EF
:10FFF0004DFF78F5DAF8AA9AFE02F7AA2830290010
:0200000400FDFD
:10000000908455F0D3D2B5C3C2B5C3C2F97E3400D3
:1000100001908455E09AFC79B4D3D2F9D3D2B5C318
:10002000C2B5229081421BEA009081401BEA1090E9
:10003000813E1BEA2090813C1BEA30907F970BEABF
:100040002090813C0BEA30BD32500474018001E401
:100050007E145EF17E0400FE7E34006B9AFDFE98F5
:10006000907F990BEA2090813E0BEA30BD3250041C
:1000700074018001E47E145EF17E0400FE7E340093
:100080006C9AFDFE98907F970BEA209081400BEAD6
:1000900030BD32500474018001E47E145EF17E04B0
:1000A00000FE7E34006D9AFDFE98907F990BEA2049
:1000B0009081420BEA30BD32500474018001E47E2D
:1000C000145EF17E0400FE7E34006E9AFDFE98748C
:1000D0002A1200007E34000190813C0BEA209AFC39
:1000E0007A187E3400019081400BEA209AFC7A183D
:1000F000742B1200007E34000190813E0BEA209A9E
:10010000FC7A187E3400019081420BEA209AFC7A36
:1001100018742C1200002290654A1BEA306D336D72
:1001200022907F970BEA107E0400019D10907F992A
:100130000BEA007E5400019D051200236D3390658B
:100140004C1BEA30802C90654A0BEA2090654C0BE2
:10015000EA103E147E34654E2D317A71827A6183C5
:100160001BEA2090654C0BEA207E3400012D321BE7
:10017000EA3090654C0BEA207E3400F0BD2340C687
:100180006D3390654C1BEA30802D7E1800F0907F17
:1001900033793E00021BEA207E3400017E14654E56
:1001A0007E0400019AFC7A4590654C0BEA207E346F
:1001B00000012D321BEA3090654C0BEA207E3401A1
:1001C00040BD2340C5AA90842E1BEA3090842E0B9C
:1001D000EA30907F951BEA30907F950BEA301B3414
:1001E000680E1B3468201B34681C2E340003782AE8
:1001F0007E3400F0907F971BEA307E340140907F80
:10020000991BEA3080147E340140907F971BEA30BE
:100210007E3400F0907F991BEA30AA9083B41BEAE9
:10022000209083B21BEA309083B20BEA30907F912A
:100230001BEA309083B40BEA30907F931BEA30AA1C
:100240009082531BEA109082511BEA2090824F1B30
:10025000EA30907F970BEA2090824F0BEA30BD3254
:10026000500474018001E47E145EF17E0400FE7E81
:100270003400C59AFDFE98907F990BEA2090825138
:100280000BEA30BD32500474018001E47E145EF14B
:100290007E0400FE7E3400C69AFDFE9890824F0BCD
:1002A000EA309082510BEA2090824F0BEA10908244
:1002B000510BEA001200237E3400019082530BEAB6
:1002C000209AFC7A18AA908148F09081461BEA2077
:1002D0009081441BEA30907F970BEA209081440B79
:1002E000EA30BD32500474018001E47E145EF17E78
:1002F0000400FE7E3400D99AFDFE98907F990BEAA7
:10030000209081460BEA30BD32500474018001E434
:100310007E145EF17E0400FE7E3400DA9AFDFE98C3
:10032000E4908149F00203D59081440BEA3090813A
:1003300049E00A1B9081460BEA202D219081440B55
:10034000EA007E1400072D10908149E00A5B90813D
:10035000460BEA002D05120023908148E01A3B3E2F
:10036000343E343E343E34908149E00A2B2D237EC6
:1003700034011F2D327E2400FF7E1BB090814BF094
:10038000E490814AF0803790814BE030E0107E3479
:100390000001907F910BEA209AFC7A18800E7E343F
:1003A0000001907F930BEA209AFC7A1890814BE031
:1003B0001EB0F090814A7EEBA074012CBAF09081BF
:1003C0004A7EEBA07408BCAB40BD9081497EEBA097
:1003D00074012CBAF09081497EEBA07410BCAB5034
:1003E00003020328AA907F9F1BEA00791E00029057
:1003F0007F9D1BEA20907F9B1BEA306D33907FA38B
:100400001BEA30907F970BEA20907F9B0BEA30BD70
:1004100032500474018001E47E145EF17E0400FE1B
:100420007E3400F79AFDFE98907F990BEA20907F2A
:100430009D0BEA30BD32500474018001E47E145EED
:10044000F17E0400FE7E3400F89AFDFE9880429012
:100450007FA30BEA203E243E243E24907F9B0BEAA0
:10046000302D32907F9D0BEA20907FA30BEA5090B5
:100470007F9F691E00020BEA002D157E0BB09AFDCE
:1004800002C6907FA30BEA207E3400012D321BEAC6
:1004900030907FA30BEA10907F9F693E00020BEA29
:1004A000202D317E1BB0BEB00078A4AA907FF3F05F
:1004B000907FF11BEA20907FEF1BEA30907F970B33
:1004C000EA20907FEF0BEA30BD32500474018001C6
:1004D000E47E145EF17E0400FE7E34010E9AFDFE81
:1004E00098907F990BEA20907FF10BEA30BD325053
:1004F0000474018001E47E145EF17E0400FE7E340B
:10050000010F9AFDFE986CAA907FF3E0BCBA581FC9
:10051000907FEF0BEA30907FF10BEA20742D9AFD6B
:1005200002C6907FF3E064FF04907FF3F0801290A6
:100530007FEF0BEA30907FF10BEA2074209AFD02E6
:10054000C6907FF3E01A3B7E2400649AFDCF947C32
:10055000B7907FF4F0907FF3E01A3B7E24000A9A74
:10056000FDCF947E24000A9AFDCF947CB5907FF550
:10057000F0907FF3E01A3B7E24000A9AFDCF947C32
:10058000B5907FF6F0E4907FF7F0804A907FF7E037
:100590000A3B7E2400012D233E243E243E24907FEE
:1005A000EF0BEA302D32907FF10BEA20907FF7E0DD
:1005B0000A0B7E147FF42D107A31827A2183E00AAF
:1005C0004B7E5400302D549AFD02C6907FF77EEB8F
:1005D000A074012CBAF0907FF77EEBA07403BCAB43
:1005E00040AAAA907FFCF0907FFA1BEA20907FF847
:1005F0001BEA30907F970BEA20907FF80BEA30BD22
:1006000032500474018001E47E145EF17E0400FE29
:100610007E3401329AFDFE98907F990BEA20907FFC
:10062000FA0BEA30BD32500474018001E47E145E9E
:10063000F17E0400FE7E3401339AFDFE98907FFC2B
:10064000E00A5B7E4400648D54907FFDF0907FFC57
:10065000E00A3B7E24000A8D327E24000A9AFDCFF8
:10066000947CB5907FFEF0907FFCE00A3B7E2400F6
:100670000A9AFDCF947CB5907FFFF0E4908000F063
:1006800080429080007EEB707408ACB7907FF80BCE
:10069000EA302D35907FFA0BEA20908000E00A0BBB
:1006A0007E147FFD2D107A31827A2183E00A4B7E01
:1006B0005400302D549AFD02C69080007EEBA07449
:1006C000012CBAF09080007EEBA07403BCAB40B26A
:1006D000AA907E151BEA10907E131BEA20907E11D3
:1006E0001BEA30907F970BEA20907E110BEA30BD19
:1006F00032500474018001E47E145EF17E0400FE39
:100700007E34014E9AFDFE98907F990BEA20907EF0
:10071000130BEA30BD32500474018001E47E145E94
:10072000F17E0400FE7E34014F9AFDFE986D22900A
:100730007E150BEA30BD325826907E110BEA3090C0
:100740007E130BEA20742D9AFD02C6907E150BEAEB
:10075000306E34FFFF0B34907E151BEA3080129010
:100760007E110BEA30907E130BEA2074209AFD0272
:10077000C6907E150BEA307E2427109AFDCF947C1C
:10078000B7907E17F0907E150BEA307E2403E89A2E
:10079000FDCF947E24000A9AFDCF947CB5907E18FC
:1007A000F0907E150BEA307E2400649AFDCF947E93
:1007B00024000A9AFDCF947CB5907E19F0907E15A6
:1007C0000BEA307E24000A9AFDCF947E24000A9A18
:1007D000FDCF947CB5907E1AF0907E150BEA307EAA
:1007E00024000A9AFDCF947CB5907E1BF0E4907EA5
:1007F0001CF0804A907E1CE00A3B7E2400012D23E1
:100800003E243E243E24907E110BEA302D32907E11
:10081000130BEA20907E1CE00A0B7E147E172D102D
:100820007A31827A2183E00A4B7E5400302D549A2B
:10083000FD02C6907E1C7EEBA074012CBAF0907E67
:100840001C7EEBA07405BCAB40AAAA907E211BEADB
:1008500010907E1F1BEA20907E1D1BEA30907F9730
:100860000BEA20907E1D0BEA30BD325004740180EB
:1008700001E47E145EF17E0400FE7E3401739AFD75
:10088000FE98907F990BEA20907E1F0BEA30BD32D4
:10089000500474018001E47E145EF17E0400FE7E4B
:1008A0003401749AFDFE98907E210BEA507E442715
:1008B000108D54907E23F0907E210BEA307E24032D
:1008C000E88D327E24000A8D327CB5907E24F09033
:1008D0007E210BEA307E2400648D327E24000A8D56
:1008E000327CB5907E25F0907E210BEA307E24008C
:1008F0000A8D327E24000A8D327CB5907E26F090DF
:100900007E210BEA307E24000A8D327CB5907E2752
:10091000F0E4907E28F08042907E287EEB70740890
:10092000ACB7907E1D0BEA302D35907E1F0BEA2070
:10093000907E28E00A0B7E147E232D107A31827A75
:100940002183E00A4B7E5400302D549AFD02C6905C
:100950007E287EEBA074012CBAF0907E287EEBA05E
:100960007405BCAB40B2AA90748BF09074871BEAFC
:1009700000791E00029074851BEA209074831BEAA4
:1009800030907F970BEA209074830BEA30BD325091
:100990000474018001E47E145EF17E0400FE7E3466
:1009A00001939AFDFE98907F990BEA209074850B35
:1009B000EA30BD32500474018001E47E145EF17EA1
:1009C0000400FE7E3401949AFDFE9890748B7EEBB9
:1009D000A0740ABCAB2806740A90748BF090748BD8
:1009E0007EEBA074012CBAF0907487693E00020B74
:1009F000EA20BE1800005830907487693E00020B50
:100A0000EA20906E7C793E00021BEA207E14748CF2
:100A10007E0400017E345EEE7E2400FE9AFC6713A5
:100A20007CB79074AEF0803F742090748CF090741A
:100A300087693E00020BEA20906E7C793E00021B23
:100A4000EA207E14748D7E0400017E345EEE7E24E6
:100A500000FE9AFC67137CB79074AEF09074AE7E83
:100A6000EBA074012CBAF080237EA0209074AEE03D
:100A70000A2B7E34748C2D327A71827A61837AEB00
:100A8000A09074AE7EEBA074012CBAF090748B7EB3
:100A9000EBA09074AEE0BCBA40CF6CAA90748BE02F
:100AA0000A2B7E34748C2D327A71827A61837AEBD0
:100AB000A09074830BEA309074850BEA207E147446
:100AC0008C7E0400019AFD03E5AA907378F0907380
:100AD000741BEA00791E00029073721BEA20907367
:100AE000701BEA30907F970BEA209073700BEA300E
:100AF000BD32500474018001E47E145EF17E040076
:100B0000FE7E3401BE9AFDFE98907F990BEA2090FC
:100B100073720BEA30BD32500474018001E47E141C
:100B20005EF17E0400FE7E3401BF9AFDFE98907354
:100B3000797EEBA07406BCAB28067406907379F03E
:100B40009073787EEBA0740ABCAB2806740A90738D
:100B500078F0907374691E00020BEA009F119AFDF1
:100B6000C6972830907374693E00020BEA20906E9D
:100B70007C793E00021BEA207E14737B7E04000118
:100B80007E345EEB7E2400FE9AFC67137CB7907384
:100B90007AF08039907374693E00020BEA20906EFF
:100BA0007C793E00021BEA207E14737C7E040001E7
:100BB0007E345EEB7E2400FE9AFC67137CB7907354
:100BC0007AF090737A7EEBA074012CBAF090737A6D
:100BD000E00A5B7E4400079D5490739FF090737809
:100BE000E00A4B90739FE01A5B9D547E4400019D88
:100BF0005490739DF0907379E00A3B90739FE01AD4
:100C00004B2D437E5400012D5490739EF0802E7E18
:100C1000A02090739EE01A2B7E34737B2D327A7164
:100C2000827A61837AEBA090739E7EEBA074012C94
:100C3000BAF090739D7EEBA074012CBAF090739D76
:100C40007EEBA0E4BCAB48C7907374691E00020B36
:100C5000EA009F119AFDC697281A7EA02D90739DD9
:100C6000E01A2B7E34737B2D327A71827A61837A1B
:100C7000EBA080187EA02090739DE01A2B7E347329
:100C80007B2D327A71827A61837AEBA06CAA9073A1
:100C90009EE01A2B7E34737B2D327A71827A6183C7
:100CA0007AEBA09073700BEA309073720BEA207E9F
:100CB00014737B7E0400019AFD03E5AA9077341B30
:100CC000EA00791E00029077321BEA209077301BF1
:100CD000EA309F11907740793E00021BEA209F1175
:100CE000907744793E00021BEA20907F970BEA2020
:100CF0009077300BEA30BD32500474018001E47EFD
:100D0000145EF17E0400FE7E3401EE9AFDFE9890A2
:100D10007F990BEA209077320BEA30BD3250047491
:100D2000018001E47E145EF17E0400FE7E3401EF5A
:100D30009AFDFE989077300BEA309077320BEA20DC
:100D400090773C0BEA009077300BEA102D107E0470
:100D500000019D1090773E0BEA509077320BEA002D
:100D60002D057E5400019D051200239F11907740B0
:100D7000793E00021BEA2080609F11907744793E03
:100D800000021BEA2080257E340001907F930BEA4D
:100D9000209AFC7A18907744691E00020BEA007EC4
:100DA0001800012F10793E00021BEA2090773C0BBF
:100DB000EA106D00907744693E00020BEA20BF10F4
:100DC00040C5907740691E00020BEA007E180001C2
:100DD0002F10793E00021BEA2090773E0BEA106D3F
:100DE00000907740693E00020BEA20BF10408A9FC6
:100DF00011907740793E00021BEA20020EBC9077EA
:100E0000380BEA10907740693E00020BEA209AFD09
:100E1000CFD790773C0BEA109AFDCFE090774879D6
:100E20003E00021BEA20907748693E00020BEA2050
:100E30007D13907734693E00020BEA202D317E1B32
:100E4000700A2790773E0BEA307E1400019D31AD89
:100E50003290773A0BEA208D326D2290774C793EB2
:100E600000021BEA20907740693E00020BEA207DD9
:100E7000239077300BEA302D3290773E0BEA107ECC
:100E80002400019D126D0090774C695E00020BEA10
:100E9000409F029077320BEA202D21907F910BEA40
:100EA000109AFD0240907740691E00020BEA007E16
:100EB0001800012F10793E00021BEA2090773C0BAE
:100EC000EA106D00907740693E00020BEA20BF10E7
:100ED0005003020DFEAA9078E31BEA00791E00027F
:100EE0009078E2F09078E01BEA209078DE1BEA3000
:100EF000907F970BEA209078DE0BEA30BD325004E9
:100F000074018001E47E145EF17E0400FE7E3402F2
:100F1000149AFDFE98907F990BEA209078E00BEAF6
:100F200030BD32500474018001E47E145EF17E0411
:100F300000FE7E3402159AFDFE989078E2E00A5B8E
:100F40001E541E541E549078F2F09078DE0BEA3056
:100F50009078E00BEA209078E2E09078E77EEB1062
:100F6000AC1B7E1400019D019078DE0BEA102D1061
:100F70009078E2E00A5B9078E00BEA002D057E5461
:100F800000019D051200236D339078EA1BEA3002C0
:100F900010C69078E7E09078F1F09078F2E00A1BC4
:100FA0009078EA0BEA00AD109078E3693E00020BFE
:100FB000EA202D319078F3793E00021BEA200210DE
:100FC000A16D339078EE1BEA300210647E34000885
:100FD0009078EC1BEA30805E9078EC0BEA507E440F
:100FE00000019D549078F3693E00020BEA207E1BBD
:100FF000A060051EA01478FB74015CBA9078F0F034
:101000009078F0E0BEB00068107E3400019078E87F
:101010000BEA209AFC7A18800E7E340001907F93B0
:101020000BEA209AFC7A189078EC0BEA307E2400C8
:10103000019D321BEA306D229078EC0BEA30BD3214
:1010400018969078F3693E00020BEA200B34793E43
:1010500000021BEA209078EE0BEA207E3400012D7E
:10106000321BEA309078F2E00A2B9078EE0BEA30EF
:10107000BD325803020FCC9078E2E09078F27EEB1C
:1010800030AC3B9078F3693E00020BEA209078F296
:10109000E00A0B9D302D319078F3793E00021BEA77
:1010A000209078F17EEBA07E70017CBA9CB7F0BEF8
:1010B000A0006803020FC19078EA0BEA207E34009A
:1010C000012D321BEA309078E2E00A2B9078EA0B8F
:1010D000EA30BD325803020F92AA906175F0906118
:1010E000691BEA00791E00029061671BEA2090618B
:1010F000651BEA309F11906176793E00021BEA2061
:101100009F1190617A793E00021BEA20907F970B35
:10111000EA209061650BEA30BD3250047401800111
:10112000E47E145EF17E0400FE7E34024B9AFDFEE6
:1011300098907F990BEA209061670BEA30BD32509E
:101140000474018001E47E145EF17E0400FE7E34AE
:10115000024C9AFDFE98906169693E00020BEA20FC
:101160004D23680474018001E47E145EF17E040066
:10117000FE7E34024D9AFDFE98C3C2B59061650BA8
:10118000EA309061670BEA209061710BEA00906190
:10119000650BEA102D107E0400019D109061730B09
:1011A000EA509061670BEA002D057E5400019D0511
:1011B0001200239F1190617A793E00021BEA2002FF
:1011C000138F90616F0BEA1090617A693E00020BF9
:1011D000EA209AFDCFD79061730BEA109AFDCFE019
:1011E00090616D0BEA109AFDCFD77D13906169690C
:1011F0003E00020BEA202D31906362793E00021B13
:10120000EA209F11906176793E00021BEA200213CA
:101210003D90616D0BEA10906176693E00020BEA29
:10122000209AFDCFD79061710BEA109AFDCFE07D37
:1012300013906362693E00020BEA202D317E1B7021
:101240000A379061801BEA30906175E0BEB000689B
:10125000030212D89061800BEA201E241E241E2453
:101260007E34001F5D327C676C773E343E343E3402
:1012700090617E1BEA309061800BEA301E341E3490
:101280007E24003F5D2374053E241478FB90617E2C
:101290000BEA304D321BEA309061800BEA301E348D
:1012A0001E341E347E24001F5D2390617E0BEA30C5
:1012B0004D321BEA3090617E0BEA20906176691E08
:1012C00000020BEA003E147E3461822D317A718275
:1012D0007A61831BEA20804E906175E00A2B906151
:1012E000800BEA30BD32501F6D22906176691E007E
:1012F000020BEA003E147E3461822D317A71827ACB
:1013000061831BEA20801F7E24FFFF906176691EA7
:1013100000020BEA003E147E3461822D317A718224
:101320007A61831BEA20906176691E00020BEA0055
:101330007E1800012F10793E00021BEA2090617197
:101340000BEA106D00906176693E00020BEA20BF47
:101350001050030212119061710BEA306D22907FE0
:1013600033793E00021BEA207E3400017E14618244
:101370007E0400019AFC7A4590617A691E00020B96
:10138000EA007E1800012F10793E00021BEA20902F
:1013900061730BEA106D0090617A693E00020BEAFE
:1013A00020BF1050030211C2D3D2B5AA7E341393CA
:1013B0009079BA1BEA307E3413919079BC1BEA30E5
:1013C0007E34FFFF9079BE1BEA307E34FFFF9079B8
:1013D000C01BEA307E3400016D227E146C007E0456
:1013E00002DC9AFC7EB27E3400817E240001E47E21
:1013F0001400109AFD40E77E3400807E240001E452
:101400007E1400109AFD40E77E3400457E240001E2
:10141000E47E1400109AFD40E77E3400927E2400A2
:101420000174017E1400109AFD40E7907F950BEA4D
:10143000309AFD01C6907F910BEA30907F930BEAC2
:10144000209AFD021BC3C2F87E1403E8908336691C
:101450003E00020BEA209AFDCFE07E1400C89AFD00
:10146000CFD79AFCFECFD3D2F87E1403E890833610
:10147000693E00020BEA209AFDCFE07E1400649AD8
:10148000FDCFD79AFCFECF74361200007E1403E81D
:10149000908336693E00020BEA209AFDCFE07E146D
:1014A00000649AFDCFD79AFCFECF6D22907F950BFA
:1014B000EA30BD32780B7E340001E49AFC79B480C6
:1014C0003E907F950BEA207E340001BD23780C7E90
:1014D00034000174C09AFC79B48024907F950BEAA3
:1014E000207E340002BD23780C7E34000174709A93
:1014F000FC79B4800A7E34000174A09AFC79B4743B
:101500003A1200007E34000174059AFC79B474B27A
:101510001200007E340001740C9AFC79B47E340011
:1015200001740C9AFC79B47E340001E49AFC79B41D
:101530007E34000174339AFC79B47E340001743334
:101540009AFC79B474B71200007E34000174359AA5
:10155000FC79B474BB1200007E34000174379AFC2D
:1015600079B474C01200007E340001742C9AFC79A6
:10157000B474C21200007E34000174019AFC79B484
:1015800074C31200007E34000174129AFC79B474A2
:10159000C41200007E34000174209AFC79B474C631
:1015A0001200007E340001740F9AFC79B474D012DA
:1015B00000007E34000174A49AFC79B47E340001EA
:1015C00074A19AFC79B474E01200007E34000174B6
:1015D000D09AFC79B47E34000174049AFC79B47E0C
:1015E000340001740D9AFC79B47E34000174119AB0
:1015F000FC79B47E34000174139AFC79B47E340013
:1016000001742B9AFC79B47E340001743F9AFC7902
:10161000B47E34000174549AFC79B47E34000174B1
:101620004C9AFC79B47E34000174189AFC79B47E2B
:10163000340001740D9AFC79B47E340001740B9A65
:10164000FC79B47E340001741F9AFC79B47E3400B6
:101650000174239AFC79B474E11200007E34000115
:1016600074D09AFC79B47E34000174049AFC79B485
:101670007E340001740C9AFC79B47E34000174113C
:101680009AFC79B47E34000174139AFC79B47E34E8
:101690000001742C9AFC79B47E340001743F9AFCEA
:1016A00079B47E34000174449AFC79B47E3400012C
:1016B00074519AFC79B47E340001742F9AFC79B489
:1016C0007E340001741F9AFC79B47E340001741FCB
:1016D0009AFC79B47E34000174209AFC79B47E348B
:1016E000000174239AFC79B4742112000074111261
:1016F00000007E1403E8908336693E00020BEA2066
:101700009AFDCFE07E1400789AFDCFD79AFCFECFE9
:101710007429120000907F930BEA309AFD0117AAFA
:10172000908454F0D3D2B5C3C2B5C3C2F97E34009D
:1017300001908454E09AFC79B4D3D2B5D3D2F9C3E2
:10174000C2B5229081321BEA009081301BEA1090D2
:10175000812E1BEA2090812C1BEA3090812AE00A1E
:101760002B90812C0BEA30BD32500474018001E4CF
:101770007E145EBE7E0400FE7E34006A9AFDFE98F2
:1017800090812BE00A2B90812E0BEA30BD32500461
:1017900074018001E47E145EBE7E0400FE7E34008F
:1017A0006B9AFDFE9890812AE00A2B9081300BEA1B
:1017B00030BD32500474018001E47E145EBE7E04AC
:1017C00000FE7E34006C9AFDFE9890812BE00A2B7F
:1017D0009081320BEA30BD32500474018001E47E06
:1017E000145EBE7E0400FE7E34006D9AFDFE986D90
:1017F000229081280BEA30BD32680E9081280BEAD6
:10180000207E340001BD23785C742A1217207E34B8
:10181000000190812C0BEA107E2400022D219AFCFD
:101820007A187E3400019081300BEA107E24000289
:101830002D219AFC7A18742B1217207E3400019007
:10184000812E0BEA107E2400012D219AFC7A187E4D
:101850003400019081320BEA107E2400012D219A80
:10186000FC7A18805A742A1217207E340001908165
:101870002C0BEA107E2400012D219AFC7A187E346C
:1018800000019081300BEA107E2400012D219AFC8A
:101890007A18742B1217207E34000190812E0BEAE7
:1018A000107E2400022D219AFC7A187E34000190CB
:1018B00081320BEA107E2400022D219AFC7A1874E2
:1018C0002C12172022906A231BEA306D336D229070
:1018D000812AE00A1B7E0400019D1090812BE00A02
:1018E0000B7E5400019D051217436D33906A251B32
:1018F000EA30802C906A230BEA20906A250BEA10CC
:101900003E147E346A272D317A71827A61831BEA14
:1019100020906A250BEA207E3400012D321BEA302C
:10192000906A250BEA207E3400A0BD2340C66D33AB
:10193000906A251BEA30802D7E1800A0907F3379B5
:101940003E00021BEA207E3400017E146A277E04DA
:1019500000019AFC7A45906A250BEA207E3400014A
:101960002D321BEA30906A250BEA207E340080BDC0
:101970002340C5AA90842C1BEA3090842C0BEA30BB
:101980009081281BEA3090842C0BEA207E340002E0
:10199000BD23580E748090812AF074A090812BF0A2
:1019A000800C74A090812AF0748090812BF0AA9012
:1019B00083B01BEA209083AE1BEA309083AE0BEA23
:1019C000309081241BEA309083B00BEA309081265E
:1019D0001BEA30AA90824D1BEA1090824B1BEA2032
:1019E0009082491BEA3090812AE00A2B9082490BB1
:1019F000EA30BD32500474018001E47E145EBE7E84
:101A00000400FE7E3400CA9AFDFE9890812BE00A05
:101A10002B90824B0BEA30BD32500474018001E4FC
:101A20007E145EBE7E0400FE7E3400CB9AFDFE98DE
:101A30009082490BEA3090824B0BEA209082490B4E
:101A4000EA1090824B0BEA001217437E340001909B
:101A5000824D0BEA209AFC7A18AA908138F0908186
:101A6000361BEA209081341BEA3090812AE00A2B51
:101A70009081340BEA30BD32500474018001E47E61
:101A8000145EBE7E0400FE7E3400DE9AFDFE989059
:101A9000812BE00A2B9081360BEA30BD3250047462
:101AA000018001E47E145EBE7E0400FE7E3400DF11
:101AB0009AFDFE98E4908139F0021B699081340B05
:101AC000EA30908139E00A1B9081360BEA202D2103
:101AD0009081340BEA007E1400072D10908139E0CC
:101AE0000A5B9081360BEA002D051217439081386E
:101AF000E01A3B3E343E343E343E34908139E00AB5
:101B00002B2D237E34011F2D327E2400FF7E1BB03F
:101B100090813BF0E490813AF0803790813BE03057
:101B2000E0107E3400019081240BEA209AFC7A18A0
:101B3000800E7E3400019081260BEA209AFC7A18F0
:101B400090813BE01EB0F090813A7EEBA074012CB6
:101B5000BAF090813A7EEBA07408BCAB40BD908196
:101B6000397EEBA074012CBAF09081397EEBA07421
:101B700010BCAB5003021ABCAA907F8B1BEA007901
:101B80001E0002907F891BEA20907F871BEA306D40
:101B900033907F8F1BEA3090812AE00A2B907F8759
:101BA0000BEA30BD32500474018001E47E145EBE45
:101BB0007E0400FE7E3400FC9AFDFE9890812BE0AE
:101BC0000A2B907F890BEA30BD32500474018001EA
:101BD000E47E145EBE7E0400FE7E3400FD9AFDFEAF
:101BE000988042907F8F0BEA203E243E243E249032
:101BF0007F870BEA302D32907F890BEA20907F8F10
:101C00000BEA50907F8B691E00020BEA002D157EB7
:101C10000BB09AFD1A5A907F8F0BEA207E34000198
:101C20002D321BEA30907F8F0BEA10907F8B693E3C
:101C300000020BEA202D317E1BB0BEB00078A4AAB2
:101C4000907FE1F0907FDF1BEA20907FDD1BEA3080
:101C500090812AE00A2B907FDD0BEA30BD325004E0
:101C600074018001E47E145EBE7E0400FE7E3401B9
:101C7000149AFDFE9890812BE00A2B907FDF0BEAEF
:101C800030BD32500474018001E47E145EBE7E04D7
:101C900000FE7E3401159AFDFE986CAA907FE1E06B
:101CA000BCBA581F907FDD0BEA30907FDF0BEA2033
:101CB000742D9AFD1A5A907FE1E064FF04907FE151
:101CC000F08012907FDD0BEA30907FDF0BEA20740A
:101CD000209AFD1A5A907FE1E01A3B7E2400649A14
:101CE000FDCF947CB7907FE2F0907FE1E01A3B7EDD
:101CF00024000A9AFDCF947E24000A9AFDCF947C9A
:101D0000B5907FE3F0907FE1E01A3B7E24000A9AD1
:101D1000FDCF947CB5907FE4F0E4907FE5F0804ABD
:101D2000907FE5E00A3B7E2400012D233E243E24E3
:101D30003E24907FDD0BEA302D32907FDF0BEA20CE
:101D4000907FE5E00A0B7E147FE22D107A31827AD3
:101D50002183E00A4B7E5400302D549AFD1A5A908C
:101D60007FE57EEBA074012CBAF0907FE57EEBA0BE
:101D70007403BCAB40AAAA907FEAF0907FE81BEA0C
:101D800020907FE61BEA3090812AE00A2B907FE6C4
:101D90000BEA30BD32500474018001E47E145EBE53
:101DA0007E0400FE7E3401389AFDFE9890812BE07F
:101DB0000A2B907FE80BEA30BD3250047401800199
:101DC000E47E145EBE7E0400FE7E3401399AFDFE80
:101DD00098907FEAE00A5B7E4400648D54907FEB2C
:101DE000F0907FEAE00A3B7E24000A8D327E2400D8
:101DF0000A9AFDCF947CB5907FECF0907FEAE00AE0
:101E00003B7E24000A9AFDCF947CB5907FEDF0E4F0
:101E1000907FEEF08042907FEE7EEB707408ACB75E
:101E2000907FE60BEA302D35907FE80BEA20907F1B
:101E3000EEE00A0B7E147FEB2D107A31827A21833B
:101E4000E00A4B7E5400302D549AFD1A5A907FEED2
:101E50007EEBA074012CBAF0907FEE7EEBA07403B1
:101E6000BCAB40B2AA907DFD1BEA10907DFB1BEA43
:101E700020907DF91BEA3090812AE00A2B907DF9B1
:101E80000BEA30BD32500474018001E47E145EBE62
:101E90007E0400FE7E3401549AFDFE9890812BE072
:101EA0000A2B907DFB0BEA30BD3250047401800197
:101EB000E47E145EBE7E0400FE7E3401559AFDFE73
:101EC000986D22907DFD0BEA30BD325826907DF949
:101ED0000BEA30907DFB0BEA20742D9AFD1A5A9084
:101EE0007DFD0BEA306E34FFFF0B34907DFD1BEA65
:101EF000308012907DF90BEA30907DFB0BEA207464
:101F0000209AFD1A5A907DFD0BEA307E2427109A04
:101F1000FDCF947CB7907DFFF0907DFD0BEA307E85
:101F20002403E89AFDCF947E24000A9AFDCF947C86
:101F3000B5907E00F0907DFD0BEA307E2400649A1F
:101F4000FDCF947E24000A9AFDCF947CB5907E014B
:101F5000F0907DFD0BEA307E24000A9AFDCF947E3E
:101F600024000A9AFDCF947CB5907E02F0907DFD0E
:101F70000BEA307E24000A9AFDCF947CB5907E0354
:101F8000F0E4907E04F0804A907E04E00A3B7E24D8
:101F900000012D233E243E243E24907DF90BEA309F
:101FA0002D32907DFB0BEA20907E04E00A0B7E141C
:101FB0007DFF2D107A31827A2183E00A4B7E540016
:101FC000302D549AFD1A5A907E047EEBA074012C99
:101FD000BAF0907E047EEBA07405BCAB40AAAA9038
:101FE0007E091BEA10907E071BEA20907E051BEA03
:101FF0003090812AE00A2B907E050BEA30BD3250EA
:102000000474018001E47E145EBE7E0400FE7E3412
:1020100001799AFDFE9890812BE00A2B907E070BA8
:10202000EA30BD32500474018001E47E145EBE7E4D
:102030000400FE7E34017A9AFDFE98907E090BEA38
:10204000507E4427108D54907E0BF0907E090BEA51
:10205000307E2403E88D327E24000A8D327CB590D8
:102060007E0CF0907E090BEA307E2400648D327E77
:1020700024000A8D327CB5907E0DF0907E090BEA2B
:10208000307E24000A8D327E24000A8D327CB59089
:102090007E0EF0907E090BEA307E24000A8D327CA1
:1020A000B5907E0FF0E4907E10F08042907E107E1E
:1020B000EB707408ACB7907E050BEA302D35907E3E
:1020C000070BEA20907E10E00A0B7E147E0B2D1089
:1020D0007A31827A2183E00A4B7E5400302D549A63
:1020E000FD1A5A907E107EEBA074012CBAF0907EFF
:1020F000107EEBA07405BCAB40B2AA90745FF09068
:10210000745B1BEA00791E00029074591BEA209050
:1021100074571BEA3090812AE00A2B9074570BEA1F
:1021200030BD32500474018001E47E145EBE7E0432
:1021300000FE7E3401999AFDFE9890812BE00A2BD7
:102140009074590BEA30BD32500474018001E47E72
:10215000145EBE7E0400FE7E34019A9AFDFE9890C5
:10216000745F7EEBA0740ABCAB2806740A90745F9F
:10217000F090745F7EEBA074012CBAF090745B69F0
:102180003E00020BEA20BE180000583090745B69D4
:102190003E00020BEA20906E7C793E00021BEA2092
:1021A0007E1474607E0400017E345EBB7E2400FEDB
:1021B0009AFC67137CB7907482F0803F742090740F
:1021C00060F090745B693E00020BEA20906E7C79AF
:1021D0003E00021BEA207E1474617E0400017E34FE
:1021E0005EBB7E2400FE9AFC67137CB7907482F07D
:1021F0009074827EEBA074012CBAF080237EA02024
:10220000907482E00A2B7E3474602D327A71827A67
:1022100061837AEBA09074827EEBA074012CBAF0FB
:1022200090745F7EEBA0907482E0BCBA40CF6CAA41
:1022300090745FE00A2B7E3474602D327A71827A5A
:1022400061837AEBA09074570BEA309074590BEAD3
:10225000207E1474607E0400019AFD1B79AA90739D
:1022600048F09073441BEA00791E00029073421BF1
:10227000EA209073401BEA3090812AE00A2B907389
:10228000400BEA30BD32500474018001E47E145EDC
:10229000BE7E0400FE7E3401C49AFDFE9890812B20
:1022A000E00A2B9073420BEA30BD32500474018077
:1022B00001E47E145EBE7E0400FE7E3401C59AFDFC
:1022C000FE989073497EEBA07406BCAB280674069A
:1022D000907349F09073487EEBA0740ABCAB28065B
:1022E000740A907348F0907344691E00020BEA0070
:1022F0009F119AFDC6972830907344693E00020BE7
:10230000EA20906E7C793E00021BEA207E14734B1B
:102310007E0400017E345EB87E2400FE9AFC6713C2
:102320007CB790734AF08039907344693E00020B89
:10233000EA20906E7C793E00021BEA207E14734CEA
:102340007E0400017E345EB87E2400FE9AFC671392
:102350007CB790734AF090734A7EEBA074012CBA5C
:10236000F090734AE00A5B7E4400079D5490736FBF
:10237000F0907348E00A4B90736FE01A5B9D547EB7
:102380004400019D5490736DF0907349E00A3B90B6
:10239000736FE01A4B2D437E5400012D5490736EE1
:1023A000F0802E7EA02090736EE01A2B7E34734B4B
:1023B0002D327A71827A61837AEBA090736E7EEB14
:1023C000A074012CBAF090736D7EEBA074012CBA4E
:1023D000F090736D7EEBA0E4BCAB48C7907344698A
:1023E0001E00020BEA009F119AFDC697281A7EA0D4
:1023F0002D90736DE01A2B7E34734B2D327A7182DF
:102400007A61837AEBA080187EA02090736DE01A29
:102410002B7E34734B2D327A71827A61837AEBA0F2
:102420006CAA90736EE01A2B7E34734B2D327A7146
:10243000827A61837AEBA09073400BEA309073420A
:102440000BEA207E14734B7E0400019AFD1B79AACF
:102450009068D2F09068C61BEA00791E000290686E
:10246000C41BEA209068C21BEA309F119068D379A0
:102470003E00021BEA209F119068D7793E00021BA4
:10248000EA2090812AE00A2B9068C20BEA30BD3224
:10249000500474018001E47E145EBE7E0400FE7E62
:1024A0003401FC9AFDFE9890812BE00A2B9068C4C1
:1024B0000BEA30BD32500474018001E47E145EBE2C
:1024C0007E0400FE7E3401FD9AFDFE989068C66988
:1024D0003E00020BEA204D23680474018001E47E73
:1024E000145EBE7E0400FE7E3401FE9AFDFE98C39B
:1024F000C2B59068C20BEA309068C40BEA209068BD
:10250000CE0BEA009068C20BEA102D107E04000189
:102510009D109068D00BEA509068C40BEA002D051E
:102520007E5400019D051217439F119068D7793E94
:1025300000021BEA200227059068CC0BEA10906885
:10254000D7693E00020BEA209AFDCFD79068D00BE6
:10255000EA109AFDCFE09068CA0BEA109AFDCFD737
:102560007D139068C6693E00020BEA202D31906A07
:102570001F793E00021BEA209F119068D3793E002C
:10258000021BEA200226B39068CA0BEA109068D3B7
:10259000693E00020BEA209AFDCFD79068CE0BEA85
:1025A000109AFDCFE07D13906A1F693E00020BEA8E
:1025B000202D317E1B700A379068DD1BEA30906851
:1025C000D2E0BEB000680302264E9068DD0BEA2020
:1025D0001E241E241E247E34001F5D327C676C770F
:1025E0003E343E343E349068DB1BEA309068DD0BAD
:1025F000EA301E341E347E24003F5D2374053E24E1
:102600001478FB9068DB0BEA304D321BEA3090689F
:10261000DD0BEA301E341E341E347E24001F5D2381
:102620009068DB0BEA304D321BEA309068DB0BEA36
:10263000209068D3691E00020BEA003E147E3468C5
:10264000DF2D317A71827A61831BEA20804E906897
:10265000D2E00A2B9068DD0BEA30BD32501F6D22AC
:102660009068D3691E00020BEA003E147E3468DFD6
:102670002D317A71827A61831BEA20801F7E24FFCC
:10268000FF9068D3691E00020BEA003E147E346896
:10269000DF2D317A71827A61831BEA209068D369D9
:1026A0001E00020BEA007E1800012F10793E000286
:1026B0001BEA209068CE0BEA106D009068D3693E4B
:1026C00000020BEA20BF1050030225879068CE0B52
:1026D000EA306D22907F33793E00021BEA207E347F
:1026E00000017E1468DF7E0400019AFC7A45906840
:1026F000D7691E00020BEA007E1800012F10793EF8
:1027000000021BEA209068D00BEA106D009068D799
:10271000693E00020BEA20BF105003022538D3D2D5
:10272000B5AA9077141BEA00791E00029077121B5D
:10273000EA209077101BEA309F11907720793E00B5
:10274000021BEA209F11907724793E00021BEA20A9
:1027500090812AE00A2B9077100BEA30BD325004AA
:1027600074018001E47E145EBE7E0400FE7E3402AD
:10277000309AFDFE9890812BE00A2B9077120BEA9D
:1027800030BD32500474018001E47E145EBE7E04CC
:1027900000FE7E3402319AFDFE989077100BEA30ED
:1027A0009077120BEA2090771C0BEA009077100BC1
:1027B000EA102D107E0400019D1090771E0BEA5048
:1027C0009077120BEA002D057E5400019D0512172B
:1027D000439F11907720793E00021BEA2080609F82
:1027E00011907724793E00021BEA2080257E340078
:1027F000019081260BEA209AFC7A18907724691EB2
:1028000000020BEA007E1800012F10793E00021B27
:10281000EA2090771C0BEA106D00907724693E0047
:10282000020BEA20BF1040C5907720691E00020B02
:10283000EA007E1800012F10793E00021BEA20906A
:10284000771E0BEA106D00907720693E00020BEABC
:1028500020BF10408A9F11907720793E00021BEA2A
:10286000200229229077180BEA10907720693E0009
:10287000020BEA209AFDCFD790771C0BEA109AFD45
:10288000CFE0907728793E00021BEA2090772869F4
:102890003E00020BEA207D13907714693E00020B84
:1028A000EA202D317E1B700A2790771E0BEA307EBE
:1028B0001400019D31AD3290771A0BEA208D326DF4
:1028C0002290772C793E00021BEA20907720693E07
:1028D00000020BEA207D239077100BEA302D329016
:1028E000771E0BEA107E2400019D126D0090772C5C
:1028F000695E00020BEA409F029077120BEA202DDE
:10290000219081240BEA109AFD19D4907720691E3A
:1029100000020BEA007E1800012F10793E00021B16
:10292000EA2090771C0BEA106D00907720693E003A
:10293000020BEA20BF105003022864AA7E341393CE
:102940009079BA1BEA307E3413919079BC1BEA303F
:102950007E34FFFF9079BE1BEA307E34FFFF907912
:10296000C01BEA307E3400016D227E146C007E04B0
:1029700002DC9AFC7EB27E3400817E240001E47E7B
:102980001400109AFD40E77E3400807E240001E4AC
:102990007E1400109AFD40E77E3400457E2400013D
:1029A000E47E1400109AFD40E77E3400927E2400FD
:1029B0000174017E1400109AFD40E79081280BEA13
:1029C000309AFD19749081240BEA309081260BEA2D
:1029D000209AFD19AFC3C2F87E1403E890833669CC
:1029E0003E00020BEA209AFDCFE07E14000A9AFD19
:1029F000CFD79AFCFECFD3D2F87E1403E89083366B
:102A0000693E00020BEA209AFDCFE07E1400789A1E
:102A1000FDCFD79AFCFECF74111217207E1403E865
:102A2000908336693E00020BEA209AFDCFE07E14C7
:102A300000789AFDCFD79AFCFECF74B11217207E92
:102A400034000174019AFC79B47E340001742C9A2C
:102A5000FC79B47E340001742D9AFC79B474B212FE
:102A600017207E34000174019AFC79B47E34000191
:102A7000742C9AFC79B47E340001742D9AFC79B4DC
:102A800074B31217207E34000174019AFC79B47E6D
:102A9000340001742C9AFC79B47E340001742D9AB0
:102AA000FC79B47E34000174019AFC79B47E340060
:102AB00001742C9AFC79B47E340001742D9AFC794F
:102AC000B474B41217207E34000174079AFC79B4F0
:102AD00074C01217207E34000174A29AFC79B47E6F
:102AE00034000174029AFC79B47E34000174849A33
:102AF000FC79B474C11217207E34000174C59AFCAD
:102B000079B474C21217207E340001740A9AFC79D9
:102B1000B47E340001E49AFC79B474C31217207EA9
:102B2000340001748A9AFC79B47E340001742A9AC4
:102B3000FC79B474C41217207E340001748A9AFCA4
:102B400079B47E34000174EE9AFC79B474C512171E
:102B5000207E340001740E9AFC79B474361217206A
:102B60009081280BEA301B34681A1B3468211B340F
:102B700068292E340003782D7E34000174C09AFC3D
:102B800079B480217E340001E49AFC79B480167E09
:102B900034000174A09AFC79B4800A7E3400017478
:102BA000609AFC79B474E01217207E340001740F2F
:102BB0009AFC79B47E340001741A9AFC79B47E349C
:102BC0000001740F9AFC79B47E34000174189AFCE9
:102BD00079B47E340001742F9AFC79B47E340001FC
:102BE00074289AFC79B47E34000174209AFC79B47C
:102BF0007E34000174229AFC79B47E340001741F83
:102C00009AFC79B47E340001741B9AFC79B47E344A
:102C1000000174239AFC79B47E34000174379AFC65
:102C200079B47E340001E49AFC79B47E34000174F6
:102C3000079AFC79B47E34000174029AFC79B47E60
:102C400034000174109AFC79B474E11217207E34B8
:102C50000001740F9AFC79B47E340001741B9AFC55
:102C600079B47E340001740F9AFC79B47E3400018B
:102C700074179AFC79B47E34000174339AFC79B4E9
:102C80007E340001742C9AFC79B47E3400017429DE
:102C90009AFC79B47E340001742E9AFC79B47E34A7
:102CA000000174309AFC79B47E34000174309AFCCF
:102CB00079B47E34000174399AFC79B47E34000111
:102CC000743F9AFC79B47E340001E49AFC79B47EB6
:102CD00034000174079AFC79B47E34000174039ABD
:102CE000FC79B47E34000174109AFC79B4742A1211
:102CF00017207E340001E49AFC79B47E340001741C
:102D0000029AFC79B47E340001E49AFC79B47E34F2
:102D1000000174829AFC79B4742B1217207E34005F
:102D200001E49AFC79B47E34000174039AFC79B40E
:102D30007E340001E49AFC79B47E34000174839AF5
:102D4000FC79B474F01217207E34000174019AFCEF
:102D500079B474F61217207E340001E49AFC79B439
:102D6000743A1217207E34000174059AFC79B47409
:102D7000291217209081260BEA309AFD18C5AA90D7
:102D8000835A1BEA3090835A0BEA507CAB740F5C79
:102D9000BA90835CF090835A0BEA507CAB74F05C81
:102DA000BA90835DF090835DE024E0687824F07849
:102DB00003022E5024F07803022E7B24F0780302C5
:102DC0002EA624F07803022ED124F07803022EFCE4
:102DD00024F07803022F2724F07803022F5224F0E6
:102DE0007803022F9924F07803022FE024F078036F
:102DF00002302624B0680302306A90835CE07E349F
:102E0000000160053E341478FB7CB764FF52939058
:102E1000835CE07E34000160053E341478FB7CB7AF
:102E2000429402306A90835CE07E34000160053E8B
:102E3000341478FB7CB764FF529190835CE07E345D
:102E4000000160053E341478FB7CB7429202306A80
:102E500090835CE07E34000160053E341478FB7C96
:102E6000B764FF529590835CE07E34000160053EBC
:102E7000341478FB7CB7429602306A90835CE07E23
:102E800034000160053E341478FB7CB764FF52B116
:102E900090835CE07E34000160053E341478FB7C56
:102EA000B742B202306A90835CE07E340001600574
:102EB0003E341478FB7CB764FF52B390835CE07EB1
:102EC00034000160053E341478FB7CB742B4023014
:102ED0006A90835CE07E34000160053E341478FB28
:102EE0007CB764FF52C990835CE07E3400016005CA
:102EF0003E341478FB7CB742CA02306A90835CE0AF
:102F00007E34000160053E341478FB7CB764FF52C8
:102F1000CB90835CE07E34000160053E341478FB86
:102F20007CB742CC02306A90835CE07E3400016062
:102F3000053E341478FB7CB764FF52E190835CE07B
:102F40007E34000160053E341478FB7CB742E20217
:102F5000306A90835CE07E34000160053E34147872
:102F6000FB7CB764FF7E14F7187E04007E7E0B7036
:102F70005C7B7A0B7090835CE07E34000160053EE0
:102F8000341478FB7C677E14F7107E04007E7E0B81
:102F9000704C767A0B7002306A90835CE07E34006D
:102FA0000160053E341478FB7CB764FF7E14F7198A
:102FB0007E04007E7E0B705C7B7A0B7090835CE0FD
:102FC0007E34000160053E341478FB7C677E14F784
:102FD000117E04007E7E0B704C767A0B7002306A94
:102FE00090835CE07E34000160053E341478FB7C05
:102FF000B764FF7E14F71A7E04007E7E0B705C7B44
:103000007A0B7090835CE07E34000160053E3414DE
:1030100078FB7C677E14F7127E04007E7E0B704C7A
:10302000767A0B70804490835CE07E34000160050A
:103030003E341478FB7CB764FF7E14F71B7E0400DB
:103040007E7E0B705C7B7A0B7090835CE07E34003C
:103050000160053E341478FB7C677E14F7137E0410
:10306000007E7E0B704C767A0B702290835E1BEA9A
:103070003090835E0BEA507CAB740F5CBA90836037
:10308000F090835E0BEA507CAB74F05CBA90836185
:10309000F0908361E024E0687624F0780302313810
:1030A00024F0780302316124F0780302318A24F09D
:1030B00078030231B324F078030231DC24F0780382
:1030C00002320524F0780302322E24F07803023213
:1030D0007324F078030232B824F078030232FC241F
:1030E000B0680302333E908360E07E3400016005E7
:1030F0003E341478FB7CB74293908360E07E3400CA
:103100000160053E341478FB7CB7429402333E9054
:103110008360E07E34000160053E341478FB7CB7A8
:103120004291908360E07E34000160053E34147863
:10313000FB7CB7429202333E908360E07E34000114
:1031400060053E341478FB7CB74295908360E07E46
:1031500034000160053E341478FB7CB7429602339C
:103160003E908360E07E34000160053E341478FBBD
:103170007CB742B1908360E07E34000160053E344C
:103180001478FB7CB742B202333E908360E07E3419
:10319000000160053E341478FB7CB742B390836035
:1031A000E07E34000160053E341478FB7CB742B405
:1031B00002333E908360E07E34000160053E3414AB
:1031C00078FB7CB742C9908360E07E3400016005E3
:1031D0003E341478FB7CB742CA02333E908360E0F1
:1031E0007E34000160053E341478FB7CB742CB90FE
:1031F0008360E07E34000160053E341478FB7CB7C8
:1032000042CC02333E908360E07E34000160053E94
:10321000341478FB7CB742E1908360E07E34000197
:1032200060053E341478FB7CB742E202333E908363
:1032300060E07E34000160053E341478FB7C677EDC
:1032400014F7187E04007E7E0B704C767A0B70901B
:103250008360E07E34000160053E341478FB7C67B7
:103260007E14F7107E04007E7E0B704C767A0B7015
:1032700002333E908360E07E34000160053E3414EA
:1032800078FB7C677E14F7197E04007E7E0B704C01
:10329000767A0B70908360E07E34000160053E34E6
:1032A0001478FB7C677E14F7117E04007E7E0B7021
:1032B0004C767A0B7002333E908360E07E340001DE
:1032C00060053E341478FB7C677E14F71A7E040098
:1032D0007E7E0B704C767A0B70908360E07E3400BB
:1032E0000160053E341478FB7C677E14F7127E047F
:1032F000007E7E0B704C767A0B708042908360E08B
:103300007E34000160053E341478FB7C677E14F740
:103310001B7E04007E7E0B704C767A0B709083606F
:10332000E07E34000160053E341478FB7C677E1437
:10333000F7137E04007E7E0B704C767A0B70229021
:1033400083621BEA309083620BEA507CAB740F5CA3
:10335000BA908364F09083620BEA507CAB74F05CAB
:10336000BA908365F0908365E024E0687824F07873
:103370000302341024F0780302343B24F078030273
:10338000346624F0780302349124F078030234BCCC
:1033900024F078030234E724F0780302351224F095
:1033A000780302355924F078030235A024F078031D
:1033B0000235E624B0680302362A908364E07E3446
:1033C000000160053E341478FB7CB742939083641F
:1033D000E07E34000160053E341478FB7CB764FF66
:1033E000529402362A908364E07E34000160053EE8
:1033F000341478FB7CB74291908364E07E34000102
:1034000060053E341478FB7CB764FF529202362A82
:10341000908364E07E34000160053E341478FB7CC8
:10342000B74295908364E07E34000160053E341419
:1034300078FB7CB764FF529602362A908364E07E64
:1034400034000160053E341478FB7CB742B19083B0
:1034500064E07E34000160053E341478FB7CB76480
:10346000FF52B202362A908364E07E340001600588
:103470003E341478FB7CB742B3908364E07E340022
:103480000160053E341478FB7CB764FF52B4023609
:103490002A908364E07E34000160053E341478FB9A
:1034A0007CB742C9908364E07E34000160053E34FD
:1034B0001478FB7CB764FF52CA02362A908364E01A
:1034C0007E34000160053E341478FB7CB742CB901B
:1034D0008364E07E34000160053E341478FB7CB7E1
:1034E00064FF52CC02362A908364E07E340001608F
:1034F000053E341478FB7CB742E1908364E07E346F
:10350000000160053E341478FB7CB764FF52E20290
:10351000362A908364E07E34000160053E341478DE
:10352000FB7C677E14F7187E04007E7E0B704C7661
:103530007A0B70908364E07E34000160053E3414A1
:1035400078FB7CB764FF7E14F7107E04007E7E0B50
:10355000705C7B7A0B7002362A908364E07E3400C4
:103560000160053E341478FB7C677E14F7197E04F5
:10357000007E7E0B704C767A0B70908364E07E3414
:10358000000160053E341478FB7CB764FF7E14F7BD
:10359000117E04007E7E0B705C7B7A0B7002362AF3
:1035A000908364E07E34000160053E341478FB7C37
:1035B000677E14F71A7E04007E7E0B704C767A0BC1
:1035C00070908364E07E34000160053E341478FB23
:1035D0007CB764FF7E14F7127E04007E7E0B705C65
:1035E0007B7A0B708044908364E07E340001600538
:1035F0003E341478FB7C677E14F71B7E04007E7ECD
:103600000B704C767A0B70908364E07E340001601E
:10361000053E341478FB7CB764FF7E14F7137E04F8
:10362000007E7E0B705C7B7A0B70AA90841C1BEA78
:103630003090841C0BEA207E340090BD23583F90CC
:10364000841C0BEA507CAB740F5CBA7E34000160C2
:10365000053E341478FB7C6790841C0BEA500E54B2
:103660000E540E540E541A4A1A487E14FE0F7E044D
:10367000007E2F027E0B704C767A0B70803D90841A
:103680001C0BEA507CAB740F5CBA7E340001600501
:103690003E341478FB7C6790841C0BEA500E540E69
:1036A000540E540E541A4A1A487E14F9B77E040078
:1036B0007E2F027E0B704C767A0B702290841E1B3C
:1036C000EA3090841E0BEA207E340090BD23583FE0
:1036D00090841E0BEA507CAB740F5CBA7E34000100
:1036E00060053E341478FB7C6790841E0BEA500E14
:1036F000540E540E540E541A4A1A487E14FE3F7E3D
:1037000004007E2F027E0B704C767A0B70803D9009
:10371000841E0BEA507CAB740F5CBA7E34000160EF
:10372000053E341478FB7C6790841E0BEA500E54DF
:103730000E540E540E541A4A1A487E14F9E77E04A9
:10374000007E2F027E0B704C767A0B70229083687D
:103750001BEA209083661BEA309083680BEA301BDB
:103760003478030237FF0B34680302388B9083668A
:103770000BEA207E340090BD2358429083660BEA0A
:10378000507CAB740F5CBA7E34000160053E34148B
:1037900078FB7CB764FF9083660BEA300E340E34FE
:1037A0000E340E341A261A247E14FE277E04007E60
:1037B0002F017E0B705C7B7A0B7002389C908366C5
:1037C0000BEA507CAB740F5CBA7E34000160053E9E
:1037D000341478FB7CB764FF9083660BEA300E34B8
:1037E0000E340E340E341A261A247E14F9CF7E04B9
:1037F000007E2F017E0B705C7B7A0B7002389C90F0
:1038000083660BEA207E340090BD23583F90836688
:103810000BEA507CAB740F5CBA7E34000160053E4D
:10382000341478FB7C679083660BEA500E540E5478
:103830000E540E541A4A1A487E14FE277E04007E47
:103840002F027E0B704C767A0B7080509083660B43
:10385000EA507CAB740F5CBA7E34000160053E34E4
:103860001478FB7C679083660BEA500E540E540E5E
:10387000540E541A4A1A487E14F9CF7E04007E2F43
:10388000027E0B704C767A0B708011E47E14602CF3
:103890007E0400FE7E3400C69AFDFE982290836C62
:1038A0001BEA2090836A1BEA3090836C0BEA301B82
:1038B00034780302394F0B3468030239DB90836A92
:1038C0000BEA207E340090BD23584290836A0BEAB5
:1038D000507CAB740F5CBA7E34000160053E34143A
:1038E00078FB7CB764FF90836A0BEA300E340E34A9
:1038F0000E340E341A261A247E14FE2F7E04007E07
:103900002F017E0B705C7B7A0B700239EC90836A1E
:103910000BEA507CAB740F5CBA7E34000160053E4C
:10392000341478FB7CB764FF90836A0BEA300E3462
:103930000E340E340E341A261A247E14F9D77E045F
:10394000007E2F017E0B705C7B7A0B700239EC904D
:10395000836A0BEA207E340090BD23583F90836A2F
:103960000BEA507CAB740F5CBA7E34000160053EFC
:10397000341478FB7C6790836A0BEA500E540E5423
:103980000E540E541A4A1A487E14FE2F7E04007EEE
:103990002F027E0B704C767A0B70805090836A0BEE
:1039A000EA507CAB740F5CBA7E34000160053E3493
:1039B0001478FB7C6790836A0BEA500E540E540E09
:1039C000540E541A4A1A487E14F9D77E04007E2FEA
:1039D000027E0B704C767A0B708011E47E14602CA2
:1039E0007E0400FE7E3400F39AFDFE9822908370E0
:1039F0001BEA2090836E1BEA3090836E0BEA207ED8
:103A0000340010BD235811E47E14602C7E0400FEA7
:103A10007E3401009AFDFE986D229083700BEA308F
:103A2000BD326803023AB990836E0BEA207E3400FF
:103A300090BD23584290836E0BEA507CAB740F5CB0
:103A4000BA7E34000160053E341478FB7CB764FF15
:103A500090836E0BEA300E340E340E340E341A2678
:103A60001A247E14FE1F7E04007E2F017E0B705CE4
:103A70007B7A0B70023B4390836E0BEA507CAB74F5
:103A80000F5CBA7E34000160053E341478FB7CB7CD
:103A900064FF90836E0BEA300E340E340E340E3415
:103AA0001A261A247E14F9C77E04007E2F017E0B8D
:103AB000705C7B7A0B70023B4390836E0BEA207E36
:103AC000340090BD23583F90836E0BEA507CAB745A
:103AD0000F5CBA7E34000160053E341478FB7C67CD
:103AE00090836E0BEA500E540E540E540E541A4A24
:103AF0001A487E14FE1F7E04007E2F027E0B704C3F
:103B0000767A0B70803D90836E0BEA507CAB740F1D
:103B10005CBA7E34000160053E341478FB7C67900B
:103B2000836E0BEA500E540E540E540E541A4A1A59
:103B3000487E14F9C77E04007E2F027E0B704C76FF
:103B40007A0B70AA9082FA1BEA309082FA0BEA5044
:103B50007CAB740F5CBA9082FCF09082FA0BEA5056
:103B60007CAB74F05CBA9082FDF0E49082FEF09041
:103B700082FDE024E0686924F07803023BFC24F035
:103B80007803023C1824F07803023C3424F07803D4
:103B9000023C5024F07803023C6C24F07803023C91
:103BA0008824F07803023CA424F07803023CC82463
:103BB000F07803023CEC24F07803023D1024B06856
:103BC00003023D329082FCE07E34000160053E3409
:103BD0001478FB7CA7E5805CBA9082FEF0023D324F
:103BE0009082FCE07E34000160053E341478FB7C5A
:103BF000A7E5905CBA9082FEF0023D329082FCE034
:103C00007E34000160053E341478FB7CA7E5A05C9F
:103C1000BA9082FEF0023D329082FCE07E340001D8
:103C200060053E341478FB7CA7E5B05CBA9082FE58
:103C3000F0023D329082FCE07E34000160053E34AB
:103C40001478FB7CA7E5C05CBA9082FEF0023D329E
:103C50009082FCE07E34000160053E341478FB7CE9
:103C6000A7E5C85CBA9082FEF0023D329082FCE08B
:103C70007E34000160053E341478FB7CA7E5E85CE7
:103C8000BA9082FEF0023D329082FCE07E34000168
:103C900060053E341478FB7CA7E5F85CBA9082FEA0
:103CA000F0023D329082FCE07E34000160053E343B
:103CB0001478FB7CA77E34F7087E24007E7E1BB040
:103CC0005CBA9082FEF0806A9082FCE07E34000153
:103CD00060053E341478FB7CA77E34F7097E24000F
:103CE0007E7E1BB05CBA9082FEF080469082FCE043
:103CF0007E34000160053E341478FB7CA77E34F7E7
:103D00000A7E24007E7E1BB05CBA9082FEF0802288
:103D10009082FCE07E34000160053E341478FB7C28
:103D2000A77E34F70B7E24007E7E1BB05CBA9082A7
:103D3000FEF09082FEE0BEB000680474018001E4F1
:103D4000AA908301F09082FF1BEA309082FF0BEA79
:103D5000507CAB740F5CBA908302F09082FF0BEA48
:103D6000507CAB74F05CBA908303F0908303E02442
:103D7000E07803023DFA24F07803023E3124F07823
:103D800003023E6824F07803023E9F24F078030289
:103D90003ED624F07803023F0D24F07803023F441E
:103DA00024F07803023F7B24F07803023FCE24F016
:103DB000780302402124F0780302407224B06803A3
:103DC0000240C1908301E0BEB0006816908302E01B
:103DD0007E34000160053E341478FB7CB7428002DB
:103DE00040C1908302E07E34000160053E341478C7
:103DF000FB7CB764FF52800240C1908301E0BEB0FB
:103E0000006816908302E07E34000160053E3414A1
:103E100078FB7CB742900240C1908302E07E340080
:103E20000160053E341478FB7CB764FF5290024079
:103E3000C1908301E0BEB0006816908302E07E343A
:103E4000000160053E341478FB7CB742A00240C1FB
:103E5000908302E07E34000160053E341478FB7CE0
:103E6000B764FF52A00240C1908301E0BEB0006879
:103E700016908302E07E34000160053E341478FB26
:103E80007CB742B00240C1908302E07E3400016002
:103E9000053E341478FB7CB764FF52B00240C190F9
:103EA0008301E0BEB0006816908302E07E3400011A
:103EB00060053E341478FB7CB742C00240C1908359
:103EC00002E07E34000160053E341478FB7CB76468
:103ED000FF52C00240C1908301E0BEB0006816905E
:103EE0008302E07E34000160053E341478FB7CB729
:103EF00042C80240C1908302E07E34000160053E6A
:103F0000341478FB7CB764FF52C80240C19083012F
:103F1000E0BEB0006816908302E07E3400016005C8
:103F20003E341478FB7CB742E80240C1908302E043
:103F30007E34000160053E341478FB7CB764FF5288
:103F4000E80240C1908301E0BEB000681690830291
:103F5000E07E34000160053E341478FB7CB742F803
:103F60000240C1908302E07E34000160053E3414BB
:103F700078FB7CB764FF52F80240C1908301E0BE39
:103F8000B0006824908302E07E34000160053E3476
:103F90001478FB7C677E14F7007E04007E7E0B7035
:103FA0004C767A0B700240C1908302E07E340001AF
:103FB00060053E341478FB7CB764FF7E14F7007E06
:103FC00004007E7E0B705C7B7A0B700240C1908394
:103FD00001E0BEB0006824908302E07E34000160FE
:103FE000053E341478FB7C677E14F7017E04007E66
:103FF0007E0B704C767A0B700240C1908302E07E9B
:1040000034000160053E341478FB7CB764FF7E14F5
:10401000F7017E04007E7E0B705C7B7A0B700240A1
:10402000C1908301E0BEB0006823908302E07E343B
:10403000000160053E341478FB7C677E14F7027E35
:1040400004007E7E0B704C767A0B70807490830235
:10405000E07E34000160053E341478FB7CB764FFD9
:104060007E14F7027E04007E7E0B705C7B7A0B7000
:10407000804F908301E0BEB0006823908302E07E11
:1040800034000160053E341478FB7C677E14F7032E
:104090007E04007E7E0B704C767A0B7080239083BA
:1040A00002E07E34000160053E341478FB7CB76486
:1040B000FF7E14F7037E04007E7E0B705C7B7A0B20
:1040C00070AA9084201BEA309084200BEA309AFD7D
:1040D0003B44BEB000780474018001E49084200B5E
:1040E000EA309AFD3D41AA9081891BEA10908188AF
:1040F000F09081861BEA209081841BEA30908189B0
:104100000BEA50C4540F0A2B9081860BEA30BD3263
:10411000780474018001E47E14602C7E0400FE7E2D
:1041200034017B9AFDFE986D229081860BEA30BDAA
:104130003268030241D66D229081890BEA30BD328C
:10414000781A9081840BEA309AFD333F9081840B7A
:10415000EA307E24000112389D02422D9081890BA5
:10416000EA207E340003BD2378239081840BEA305B
:104170009AFD333F9081840BEA3012362B90818474
:104180000BEA307E24000112389D02422D90818975
:104190000BEA207E340001BD2378189081840BEA5D
:1041A000309AFD333F9081840BEA306D2212389DA6
:1041B00002422D9081890BEA207E340002BD2378D3
:1041C0006C9081840BEA309AFD333F9081840BEA36
:1041D000301236BC80579081860BEA207E34000175
:1041E000BD2378499081890BEA207E340010BD23DD
:1041F00078169081840BEA30122D7F9081840BEA2F
:10420000306D2212374D80179081890BEA207E3461
:104210000011BD2378099081840BEA3012306B9035
:1042200081840BEA30908188E09AFD3D41AACA7BE7
:10423000CA6BCA5BCA4BCA2BCA1BCA0BC0D0C0838D
:10424000C0827E34FD107E24007E9082A4793E00E0
:10425000021BEA209082A4693E00020BEA207E1B2A
:10426000B09082A8F09082A8E064FF9082A4691EBA
:1042700000020BEA007E0B705C7B7A0B70E490828C
:10428000A3F080479082A3E07E34000160053E34B5
:104290001478FB9082A8E00A2B5D236D33BD236860
:1042A0001F9082A37EEB707404ACB77E1467622DFE
:1042B000157A31827A2183693E00020BEA2099182F
:1042C0009082A37EEBA074012CBAF09082A37EEBC7
:1042D000A07408BCAB40ADD082D083D0D0DA0BDA6A
:1042E0001BDA2BDA4BDA5BDA6BDA7B32CA7BCA6B0E
:1042F000CA5BCA4BCA2BCA1BCA0BC0D0C083C082C0
:104300007E34FD117E24007E9082AA793E00021B3D
:10431000EA209082AA693E00020BEA207E1BB09040
:1043200082AEF09082AEE064FF9082AA691E000225
:104330000BEA007E0B705C7B7A0B70E49082A9F034
:1043400080479082A9E07E34000160053E341478F5
:10435000FB9082AEE00A2B5D236D33BD23681F9076
:1043600082A97EEB707404ACB77E1467622D157A57
:1043700031827A2183693E00020BEA2099189082EB
:10438000A97EEBA074012CBAF09082A97EEBA074F8
:1043900008BCAB40ADD082D083D0D0DA0BDA1BDAC8
:1043A0002BDA4BDA5BDA6BDA7B32CA7BCA6BCA5B1D
:1043B000CA4BCA2BCA1BCA0BC0D0C083C0827E3472
:1043C000FD127E24007E9082B0793E00021BEA201E
:1043D0009082B0693E00020BEA207E1BB09082B44E
:1043E000F09082B4E064FF9082B0691E00020BEA94
:1043F000007E0B705C7B7A0B70E49082AFF080479C
:104400009082AFE07E34000160053E341478FB906A
:1044100082B4E00A2B5D236D33BD23681F9082AF09
:104420007EEB707404ACB77E1467822D157A3182EE
:104430007A2183693E00020BEA2099189082AF7EB0
:10444000EBA074012CBAF09082AF7EEBA07408BC94
:10445000AB40ADD082D083D0D0DA0BDA1BDA2BDAC6
:104460004BDA5BDA6BDA7B32CA7BCA6BCA5BCA4B4C
:10447000CA2BCA1BCA0BC0D0C083C0827E34FD13B6
:104480007E24007E9082B6793E00021BEA20908254
:10449000B6693E00020BEA207E1BB09082BAF09013
:1044A00082BAE064FF9082B6691E00020BEA007EC9
:1044B0000B705C7B7A0B70E49082B5F08047908241
:1044C000B5E07E34000160053E341478FB9082BA7A
:1044D000E00A2B5D236D33BD23681F9082B57EEB10
:1044E000707404ACB77E1467A22D157A31827A21DC
:1044F00083693E00020BEA2099189082B57EEBA0FA
:1045000074012CBAF09082B57EEBA07408BCAB406D
:10451000ADD082D083D0D0DA0BDA1BDA2BDA4BDACB
:104520005BDA6BDA7B32CA7BCA6BCA5BCA4BCA2BBB
:10453000CA1BCA0BC0D0C083C0827E34FD147E2447
:10454000007E9082BC793E00021BEA209082BC690A
:104550003E00020BEA207E1BB09082C0F09082C029
:10456000E064FF9082BC691E00020BEA007E0B70C3
:104570005C7B7A0B70E49082BBF080479082BBE05A
:104580007E34000160053E341478FB9082C0E00A5E
:104590002B5D236D33BD23681F9082BB7EEB70744F
:1045A00004ACB77E1467C22D157A31827A218369F3
:1045B0003E00020BEA2099189082BB7EEBA07401AA
:1045C0002CBAF09082BB7EEBA07408BCAB40ADD09F
:1045D00082D083D0D0DA0BDA1BDA2BDA4BDA5BDA53
:1045E0006BDA7B32CA7BCA6BCA5BCA4BCA2BCA1B4B
:1045F000CA0BC0D0C083C0827E34FD157E24007EED
:104600009082C2793E00021BEA209082C2693E007D
:10461000020BEA207E1BB09082C6F09082C6E06456
:10462000FF9082C2691E00020BEA007E0B705C7B69
:104630007A0B70E49082C1F080479082C1E07E34B2
:10464000000160053E341478FB9082C6E00A2B5DC1
:10465000236D33BD23681F9082C17EEB707404AC60
:10466000B77E1467E22D157A31827A2183693E0084
:10467000020BEA2099189082C17EEBA074012CBA3B
:10468000F09082C17EEBA07408BCAB40ADD082D06C
:1046900083D0D0DA0BDA1BDA2BDA4BDA5BDA6BDA9F
:1046A0007B32CA7BCA6BCA5BCA4BCA2BCA1BCA0BFA
:1046B000C0D0C083C0827E34FD167E24007E9082EE
:1046C000C8793E00021BEA209082C8693E00020BB6
:1046D000EA207E1BB09082CCF09082CCE064FF9008
:1046E00082C8691E00020BEA007E0B705C7B7A0BAD
:1046F00070E49082C7F080479082C7E07E3400016A
:1047000060053E341478FB9082CCE00A2B5D236D6B
:1047100033BD23681F9082C77EEB707404ACB77EF4
:104720001468022D157A31827A2183693E00020BCA
:10473000EA2099189082C77EEBA074012CBAF09001
:1047400082C77EEBA07408BCAB40ADD082D083D0D2
:10475000D0DA0BDA1BDA2BDA4BDA5BDA6BDA7B3284
:10476000CA7BCA6BCA5BCA4BCA2BCA1BCA0BC0D056
:10477000C083C0827E34FD177E24007E9082CE7975
:104780003E00021BEA209082CE693E00020BEA2026
:104790007E1BB09082D2F09082D2E064FF9082CEF5
:1047A000691E00020BEA007E0B705C7B7A0B70E4E2
:1047B0009082CDF080479082CDE07E34000160058C
:1047C0003E341478FB9082D2E00A2B5D236D33BD1A
:1047D00023681F9082CD7EEB707404ACB77E1468A2
:1047E000222D157A31827A2183693E00020BEA205C
:1047F00099189082CD7EEBA074012CBAF09082CDF6
:104800007EEBA07408BCAB40ADD082D083D0D0DAB0
:104810000BDA1BDA2BDA4BDA5BDA6BDA7B32CA7B28
:10482000CA6BCA5BCA4BCA2BCA1BCA0BC0D0C08397
:10483000C0827E34FD187E24007E9082D4793E00B2
:10484000021BEA209082D4693E00020BEA207E1B04
:10485000B09082D8F09082D8E064FF9082D4691E34
:1048600000020BEA007E0B705C7B7A0B70E4908296
:10487000D3F080479082D3E07E34000160053E345F
:104880001478FB9082D8E00A2B5D236D33BD23683A
:104890001F9082D37EEB707404ACB77E1468422DF7
:1048A000157A31827A2183693E00020BEA20991839
:1048B0009082D37EEBA074012CBAF09082D37EEB71
:1048C000A07408BCAB40ADD082D083D0D0DA0BDA74
:1048D0001BDA2BDA4BDA5BDA6BDA7B32CA7BCA6B18
:1048E000CA5BCA4BCA2BCA1BCA0BC0D0C083C082CA
:1048F0007E34FD197E24007E9082DA793E00021B10
:10490000EA209082DA693E00020BEA207E1BB0901A
:1049100082DEF09082DEE064FF9082DA691E00029F
:104920000BEA007E0B705C7B7A0B70E49082D9F00E
:1049300080479082D9E07E34000160053E341478CF
:10494000FB9082DEE00A2B5D236D33BD23681F9050
:1049500082D97EEB707404ACB77E1468622D157A30
:1049600031827A2183693E00020BEA2099189082F5
:10497000D97EEBA074012CBAF09082D97EEBA074A2
:1049800008BCAB40ADD082D083D0D0DA0BDA1BDAD2
:104990002BDA4BDA5BDA6BDA7B32CA7BCA6BCA5B27
:1049A000CA4BCA2BCA1BCA0BC0D0C083C0827E347C
:1049B000FD1A7E24007E9082E0793E00021BEA20F0
:1049C0009082E0693E00020BEA207E1BB09082E4F8
:1049D000F09082E4E064FF9082E0691E00020BEA3E
:1049E000007E0B705C7B7A0B70E49082DFF0804776
:1049F0009082DFE07E34000160053E341478FB9045
:104A000082E4E00A2B5D236D33BD23681F9082DFB3
:104A10007EEB707404ACB77E1468822D157A3182F7
:104A20007A2183693E00020BEA2099189082DF7E8A
:104A3000EBA074012CBAF09082DF7EEBA07408BC6E
:104A4000AB40ADD082D083D0D0DA0BDA1BDA2BDAD0
:104A50004BDA5BDA6BDA7B32CA7BCA6BCA5BCA4B56
:104A6000CA2BCA1BCA0BC0D0C083C0827E34FD1BB8
:104A70007E24007E9082E6793E00021BEA2090822E
:104A8000E6693E00020BEA207E1BB09082EAF090BD
:104A900082EAE064FF9082E6691E00020BEA007E73
:104AA0000B705C7B7A0B70E49082E5F0804790821B
:104AB000E5E07E34000160053E341478FB9082EA24
:104AC000E00A2B5D236D33BD23681F9082E57EEBEA
:104AD000707404ACB77E1468A22D157A31827A21E5
:104AE00083693E00020BEA2099189082E57EEBA0D4
:104AF00074012CBAF09082E57EEBA07408BCAB4048
:104B0000ADD082D083D0D0DA0BDA1BDA2BDA4BDAD5
:104B10005BDA6BDA7B32CA7BCA6BCA5BCA4BCA2BC5
:104B2000CA1BCA0BC0D0C083C08290672E693E00EA
:104B3000020BEA204D23680C90672E693E00020BA1
:104B4000EA209918D082D083D0D0DA0BDA1BDA2B86
:104B5000DA4BDA5BDA6BDA7B32CA7BCA6BCA5BCAC6
:104B60004BCA2BCA1BCA0BC0D0C083C08290673609
:104B7000693E00020BEA204D23680C906736693EBF
:104B800000020BEA209918D082D083D0D0DA0BDA59
:104B90001BDA2BDA4BDA5BDA6BDA7B32CA7BCA6B55
:104BA000CA5BCA4BCA2BCA1BCA0BC0D0C083C08207
:104BB00090673A693E00020BEA204D23680C90672B
:104BC0003A693E00020BEA209918D082D083D0D0F7
:104BD000DA0BDA1BDA2BDA4BDA5BDA6BDA7B32CA06
:104BE0007BCA6BCA5BCA4BCA2BCA1BCA0BC0D0C0DC
:104BF00083C08290673E693E00020BEA204D236825
:104C00000C90673E693E00020BEA209918D082D0D2
:104C100083D0D0DA0BDA1BDA2BDA4BDA5BDA6BDA19
:104C20007B32CA7BCA6BCA5BCA4BCA2BCA1BCA0B74
:104C3000C0D0C083C0827E34FA3A7E24007E7E1BC0
:104C4000B030E05B74FE7E14FA3A7E04007E7E0B88
:104C5000705C7B7A0B706D339AFCD08E907503E09C
:104C6000BEB07F78179084647EEBA074012CBAF0FC
:104C70007414BCAB280B7460F5C78005E4908464A1
:104C8000F090750B693E00020BEA204D23681090EE
:104C90007503E090750B693E00020BEA2099187EBF
:104CA00034FA3A7E24007E7E1BB030E11874FD7E1B
:104CB00014FA3A7E04007E7E0B705C7B7A0B706D7A
:104CC000339AFCD08ED082D083D0D0DA0BDA1BDAC4
:104CD0002BDA4BDA5BDA6BDA7B32CA7BCA6BCA5BE4
:104CE000CA4BCA2BCA1BCA0BC0D0C083C0827E3439
:104CF000FA4A7E24007E7E1BB030E03874FE7E14BB
:104D0000FA4A7E04007E7E0B705C7B7A0B707E34E8
:104D100000019AFCD08E90750F693E00020BEA20CC
:104D20004D236810907504E090750F693E00020BEA
:104D3000EA2099187E34FA4A7E24007E7E1BB03029
:104D4000E11A74FD7E14FA4A7E04007E7E0B705CCC
:104D50007B7A0B707E3400019AFCD08ED082D08397
:104D6000D0D0DA0BDA1BDA2BDA4BDA5BDA6BDA7BD0
:104D700032CA7BCA6BCA5BCA4BCA2BCA1BCA0BC0DE
:104D8000D0C083C0827E34FA5A7E24007E7E1BB05F
:104D900030E03874FE7E14FA5A7E04007E7E0B707A
:104DA0005C7B7A0B707E3400029AFCD08E90751377
:104DB000693E00020BEA204D236810907505E090D3
:104DC0007513693E00020BEA2099187E34FA5A7E68
:104DD00024007E7E1BB030E11A74FD7E14FA5A7EE8
:104DE00004007E7E0B705C7B7A0B707E3400029A2E
:104DF000FCD08ED082D083D0D0DA0BDA1BDA2BDA5B
:104E00004BDA5BDA6BDA7B32CA7BCA6BCA5BCA4BA2
:104E1000CA2BCA1BCA0BC0D0C083C0827E34FA6AB8
:104E20007E24007E7E1BB030E03874FE7E14FA6A69
:104E30007E04007E7E0B705C7B7A0B707E340003F8
:104E40009AFCD08E907517693E00020BEA204D2324
:104E50006810907506E0907517693E00020BEA2015
:104E600099187E34FA6A7E24007E7E1BB030E11AE7
:104E700074FD7E14FA6A7E04007E7E0B705C7B7A81
:104E80000B707E3400039AFCD08ED082D083D0D0B9
:104E9000DA0BDA1BDA2BDA4BDA5BDA6BDA7B32CA43
:104EA0007BCA6BCA5BCA4BCA2BCA1BCA0BC0D0C019
:104EB00083C0827E34F7627E24007E7E1BB030E0A9
:104EC0003874FE7E14F7627E04007E7E0B705C7B7D
:104ED0007A0B707E3400049AFCD08E90751B693E6C
:104EE00000020BEA204D236810907507E090751BB7
:104EF000693E00020BEA2099187E34F7627E240096
:104F00007E7E1BB030E11A74FD7E14F7627E0400D1
:104F10007E7E0B705C7B7A0B707E3400049AFCD032
:104F20008ED082D083D0D0DA0BDA1BDA2BDA4BDAD0
:104F30005BDA6BDA7B32CA7BCA6BCA5BCA4BCA2BA1
:104F4000CA1BCA0BC0D0C083C0827E34F7927E24B5
:104F5000007E7E1BB030E03874FE7E14F7927E0433
:104F6000007E7E0B705C7B7A0B707E3400059AFCB1
:104F7000D08E90751F693E00020BEA204D23681009
:104F8000907508E090751F693E00020BEA209918A1
:104F90007E34F7927E24007E7E1BB030E11A74FDD1
:104FA0007E14F7927E04007E7E0B705C7B7A0B7021
:104FB0007E3400059AFCD08ED082D083D0D0DA0B1C
:104FC000DA1BDA2BDA4BDA5BDA6BDA7B32CA7BCAB2
:104FD0006BCA5BCA4BCA2BCA1BCA0BC0D0C083C0EA
:104FE000827E34F7C27E24007E7E1BB030E03874AF
:104FF000FE7E14F7C27E04007E7E0B705C7B7A0B13
:10500000707E3400069AFCD08E907523693E0002B3
:105010000BEA204D236810907509E0907523693ED6
:1050200000020BEA2099187E34F7C27E24007E7EAF
:105030001BB030E11A74FD7E14F7C27E04007E7E40
:105040000B705C7B7A0B707E3400069AFCD08ED09D
:1050500082D083D0D0DA0BDA1BDA2BDA4BDA5BDAC8
:105060006BDA7B32CA7BCA6BCA5BCA4BCA2BCA1BC0
:10507000CA0BC0D0C083C0827E34F7F27E24007E8B
:105080007E1BB030E03874FE7E14F7F27E04007EA2
:105090007E0B705C7B7A0B707E3400079AFCD08E9E
:1050A000907527693E00020BEA204D236810907529
:1050B0000AE0907527693E00020BEA2099187E34B9
:1050C000F7F27E24007E7E1BB030E11A74FD7E1460
:1050D000F7F27E04007E7E0B705C7B7A0B707E3470
:1050E00000079AFCD08ED082D083D0D0DA0BDA1BA6
:1050F000DA2BDA4BDA5BDA6BDA7B32CA7BCA6BCA41
:105100005BCA4BCA2BCA1BCA0BC0D0C083C0825318
:1051100088DF907273693E00020BEA204D23680C11
:10512000907273693E00020BEA209918D082D083F6
:10513000D0D0DA0BDA1BDA2BDA4BDA5BDA6BDA7BFC
:1051400032CA7BCA6BCA5BCA4BCA2BCA1BCA0BC00A
:10515000D0C083C08253887F907277693E00020B73
:10516000EA204D23680C907277693E00020BEA201A
:105170009918D082D083D0D0DA0BDA1BDA2BDA4B35
:10518000DA5BDA6BDA7B32CA7BCA6BCA5BCA4BCAA0
:105190002BCA1BCA0BC0D0C083C08253EFFE9072D3
:1051A0007B693E00020BEA204D23680C90727B69FC
:1051B0003E00020BEA209918D082D083D0D0DA0BBF
:1051C000DA1BDA2BDA4BDA5BDA6BDA7B32CA7BCAB0
:1051D0006BCA5BCA4BCA2BCA1BCA0BC0D0C083C0E8
:1051E0008253EFFD90727F693E00020BEA204D234F
:1051F000680C90727F693E00020BEA209918D082F9
:10520000D083D0D0DA0BDA1BDA2BDA4BDA5BDA6B2D
:10521000DA7B32CA7BCA6BCA5BCA4BCA2BCA1BCAAF
:105220000BC0D0C083C08253EFFB907283693E00F5
:10523000020BEA204D23680C907283693E00020B3A
:10524000EA209918D082D083D0D0DA0BDA1BDA2B7F
:10525000DA4BDA5BDA6BDA7B32CA7BCA6BCA5BCABF
:105260004BCA2BCA1BCA0BC0D0C083C0827E34FB82
:10527000B27E24007E7E1B700A377E2400085D23E8
:105280006D33BD23682C74F77E14FBB27E04007E60
:105290007E0B705C7B7A0B70907287693E00020B0C
:1052A000EA204D23680C907287693E00020BEA20C9
:1052B00099187E34FBB27E24007E7E1B700A377EF6
:1052C0002400805D236D33BD23682C747F7E14FB26
:1052D000B27E04007E7E0B705C7B7A0B7090728BCA
:1052E000693E00020BEA204D23680C90728B693EE8
:1052F00000020BEA209918D082D083D0D0DA0BDAE2
:105300001BDA2BDA4BDA5BDA6BDA7B32CA7BCA6BDD
:10531000CA5BCA4BCA2BCA1BCA0BC0D0C083C0828F
:105320007E34FBBA7E24007E7E1B700A377E24000A
:10533000085D236D33BD23682C74F77E14FBBA7EA1
:1053400004007E7E0B705C7B7A0B7090728F693EDE
:1053500000020BEA204D23680C90728F693E000218
:105360000BEA2099187E34FBBA7E24007E7E1B70E7
:105370000A377E2400805D236D33BD23682C747F43
:105380007E14FBBA7E04007E7E0B705C7B7A0B7011
:10539000907293693E00020BEA204D23680C9072D4
:1053A00093693E00020BEA209918D082D083D0D0B6
:1053B000DA0BDA1BDA2BDA4BDA5BDA6BDA7B32CA1E
:1053C0007BCA6BCA5BCA4BCA2BCA1BCA0BC0D0C0F4
:1053D00083C0827E34FBC27E24007E7E1B700A372F
:1053E0007E2400085D236D33BD23682C74F77E1482
:1053F000FBC27E04007E7E0B705C7B7A0B70907229
:1054000097693E00020BEA204D23680C9072976961
:105410003E00020BEA2099187E34FBC27E24007EF7
:105420007E1B700A377E2400805D236D33BD2368A8
:105430002C747F7E14FBC27E04007E7E0B705C7B2E
:105440007A0B7090729B693E00020BEA204D236834
:105450000C90729B693E00020BEA209918D082D012
:1054600083D0D0DA0BDA1BDA2BDA4BDA5BDA6BDAC1
:105470007B32CA7BCA6BCA5BCA4BCA2BCA1BCA0B1C
:10548000C0D0C083C08274FE7E14FE787E04007E8D
:105490007E0B705C7B7A0B7090729F693E00020BF2
:1054A000EA204D23680C90729F693E00020BEA20AF
:1054B0009918D082D083D0D0DA0BDA1BDA2BDA4BF2
:1054C000DA5BDA6BDA7B32CA7BCA6BCA5BCA4BCA5D
:1054D0002BCA1BCA0BC0D0C083C0827E34FBCA7EDD
:1054E00024007E7E1B700A377E2400085D236D3306
:1054F000BD23682C74F77E14FBCA7E04007E7E0BED
:10550000705C7B7A0B709072A3693E00020BEA20FC
:105510004D23680C9072A3693E00020BEA20991893
:105520007E34FBCA7E24007E7E1B700A377E2400F8
:10553000805D236D33BD23682C747F7E14FBCA7E8F
:1055400004007E7E0B705C7B7A0B709072A7693EC4
:1055500000020BEA204D23680C9072A7693E0002FE
:105560000BEA209918D082D083D0D0DA0BDA1BDA7C
:105570002BDA4BDA5BDA6BDA7B32CA7BCA6BCA5B3B
:10558000CA4BCA2BCA1BCA0BC0D0C083C0829AFDAB
:10559000B63CD082D083D0D0DA0BDA1BDA2BDA4BD0
:1055A000DA5BDA6BDA7B32CA7BCA6BCA5BCA4BCA7C
:1055B0002BCA1BCA0BC0D0C083C0829AFDB629D0AB
:1055C00082D083D0D0DA0BDA1BDA2BDA4BDA5BDA53
:1055D0006BDA7B32907E8D1BEA20793E0002907E52
:1055E000891BEA00791E0002E4907E91F0E4907E2F
:1055F00092F06D33907E931BEA307E147D5B7E04C7
:10560000000174807E70019AFCBA7A7E147D5B7E04
:1056100004000174FF7E70019AFCBA7A7E147D5BEF
:105620007E040001E46C779AFCBA7A7E147D5B7E7E
:1056300004000174FF7E70069AFCBA7A7E1800019D
:10564000907D16793E00021BEA207E147D5B7E046D
:10565000000174837E347E917E2400019AFCC2573F
:105660007E147D5B7E0400017483907E917EEB70DE
:105670007E60044C769AFCBA7A7E147D5B7E0400D0
:105680000174FF7E70079AFCBA7A7E147D5B7E04FB
:10569000000174817E70019AFCBA7A7E147D5B7E73
:1056A00004000174807E70019AFCBA7A7E147D5BDE
:1056B0007E04000174947E706B9AFCBA7A7E147D2D
:1056C0005B7E04000174836C779AFCBA7AE4907E66
:1056D00091F080597E1403E8908336693E00020BF6
:1056E000EA209AFDCFE09AFCFECF7E180001907D63
:1056F00016793E00021BEA207E147D5B7E040001C9
:1057000074837E347E917E2400019AFCC257907E81
:10571000930BEA207E3400012D321BEA307E3400E8
:10572000FFBD3250087401907E92F08012907E91FD
:10573000E0BEB000689E907E91E0BEB0FF6895909C
:105740007E92E0BEB000680302584D7E147D5B7E01
:1057500004000174837E70019AFCBA7A7E180001FD
:10576000907D16793E00021BEA207E147D5B7E044C
:10577000000174927E347E917E2400019AFCC2570F
:10578000907E917EEB30747F5C3B907E89693E0019
:10579000020BEA207A1B30907E917EEB307CB323A3
:1057A0007C3B74015C3B907E8D693E00020BEA20DD
:1057B0007A1B307E147D5B7E04000174816C779AC5
:1057C000FCBA7A7E147D5B7E04000174FF7E700655
:1057D0009AFCBA7A7E180001907D16793E00021B71
:1057E000EA207E147D5B7E04000174837E347E910A
:1057F0007E2400019AFCC2577E147D5B7E0400016A
:105800007483907E917EEB709AFCBA7A7E147D5BF5
:105810007E04000174FF7E70019AFCBA7A7E147DCA
:105820005B7E040001E47E70019AFCBA7A7E147DEE
:105830005B7E04000174FF6C779AFCBA7A7E147D5B
:105840005B7E04000174806C779AFCBA7A907E9239
:10585000E0229081B0F09081AE1BEA309081B0E000
:105860000A3B6D227E1409009AFDCFD77E1406777D
:105870009AFDCFD77E0801F42F107E1403E89AFD1D
:10588000CFE09081B1793E00021BEA209081AE0BFF
:10589000EA306D229081B1691E00020BEA009AFD88
:1058A000CFC69081B1691E00020BEA001E141E04CF
:1058B00050034E20802F107E1403E89AFDCFE02283
:1058C000908068F09080641BEA20793E000290800E
:1058D00068E00A3B6D227E1409009AFDCFD77E1442
:1058E00006779AFDCFD77E0801F42F107E1403E8C7
:1058F0009AFDCFE0908069793E00021BEA207E1479
:1059000003E8908064693E00020BEA209AFDCFD73D
:10591000908069691E00020BEA001E141E045003E9
:105920004E20802F10908069691E00020BEA009AB9
:10593000FDCFE2229084301BEA309084300BEA20C5
:105940007E34FF005D327D530A5A9084300BEA307A
:105950007E2400FF5D2360053E241478FB7E340026
:10596000012D32229084321BEA309F117A1F0008E9
:105970006D337A37000C6D337A37000E6D229084C8
:10598000320BEA30BD32285C9084320BEA307E2440
:1059900000019D326D227A1F0008801F7E1F0008C3
:1059A0001E341E2450034E60807A1F00087E27009C
:1059B0000C7E3400012D327A37000C7E0CFF007E05
:1059C0001F00085E7000BE18000038D07E27000C53
:1059D0007C456C557E0F00087E3400FF5D314D32F2
:1059E0007A37000E7E37000E229083271BEA00795B
:1059F0001E0002E490832BF07E180001907D167942
:105A00003E00021BEA207E147D5B7E0400017401CF
:105A10007E34832B7E2400019AFCC25790832B7E18
:105A2000EB307CB3C47C3B74015C3B908327693EC4
:105A300000020BEA207A1B3090832B7EEB307CB384
:105A4000C4237C3B74015C3B908327693E00020BBE
:105A5000EA200B357A1B3090832B7EEB201E201E14
:105A6000207E30015C32908327693E00020BEA20E1
:105A70000B347A1B3090832B7EEB307CB323237C5A
:105A80003B74015C3B908327693E00020BEA202EA9
:105A90003400037A1B3090832B7EEB307CB3237C65
:105AA0003B74015C3B908327693E00020BEA200BAC
:105AB000367A1B302290840C1BEA30E490840EF07E
:105AC0006D2290840C0BEA30BD3278387E180001CC
:105AD000907D16793E00021BEA207E147D5B7E04D9
:105AE000000174507E34840E7E2400019AFCC2575B
:105AF00090840EE00A4B7E5400012D543E54908455
:105B00000EF0804C90840C0BEA207E340001BD2303
:105B100078387E180001907D16793E00021BEA203D
:105B20007E147D5B7E04000174707E34840E7E24BE
:105B300000019AFCC25790840EE00A4B7E5400018B
:105B40002D543E5490840EF0800674FF90840EF025
:105B500090840EE022907E991BEA20793E0002900C
:105B60007E951BEA00791E00026D33907E9F1BEA32
:105B7000306D33125AB50A1B907E99693E00020BB4
:105B8000EA201B1A107E180001907D16793E000253
:105B90001BEA207E147D5B7E04000174467E347E09
:105BA0009D7E2400019AFCC257907E9DE00A0B7EE8
:105BB0001400012D10907E99693E00020BEA200B23
:105BC000361B1A10907E99693E00020BEA200B36B4
:105BD0000B1A30907E99691E00020BEA000B0A50E6
:105BE0001258527F01907E99693E00020BEA202EE6
:105BF00034000A791100021B1A007E180002907D01
:105C000016793E00021BEA207E147D5B7E040001B3
:105C100074517E347E9D7E2400019AFCC257907E92
:105C20009DE00A2B7C456C55907E9EE00A3B4D32F0
:105C3000907E9F1BEA30907E9F0BEA301259347D94
:105C400013907E99693E00020BEA202E3400061B59
:105C50001A10907E99693E00020BEA202E3400064D
:105C60000B1A30907E99691E00020BEA000B0A5055
:105C70001258527F01907E99693E00020BEA202E55
:105C800034000E791100021B1A007E340001125AF2
:105C9000B50A1B907E99693E00020BEA200B351B6A
:105CA0001A107E180002907D16793E00021BEA2031
:105CB0007E147D5B7E04000174717E347E9D7E24A3
:105CC00000019AFCC257907E9DE00A2B7C456C55E2
:105CD000907E9EE00A3B4D32907E9F1BEA30907E84
:105CE0009F0BEA301259347D13907E99693E000271
:105CF0000BEA202E3400081B1A10907E95693E0096
:105D0000020BEA202E3400037E1BB0BEB0006827D1
:105D1000907E99693E00020BEA202E3400060B1A91
:105D200020907E99691E00020BEA002E1400080BD9
:105D30000A309D321B0A30907E99693E00020BEAC0
:105D4000202E3400080B1A30907E99691E00020B39
:105D5000EA000B150B0A501258527F01907E996988
:105D60003E00020BEA202E340012791100021B1AA9
:105D7000002290832CF0E490832DF0E490832EF0A9
:105D80006D3390832F1BEA307E147D5B7E0400010F
:105D9000E490832C7EEB707E60014C769AFCBA7A9C
:105DA0007E180001907D16793E00021BEA207E14C9
:105DB0007D5B7E04000174467E34832E7E240001C8
:105DC0009AFCC25780597E1403E8908336693E00DE
:105DD000020BEA209AFDCFE09AFCFECF7E1800016C
:105DE000907D16793E00021BEA207E147D5B7E04C6
:105DF000000174467E34832E7E2400019AFCC25733
:105E000090832F0BEA207E3400012D321BEA307E76
:105E10003400FFBD325008740190832DF0800F9044
:105E2000832E7EEBA074075CBABEB00068989083A6
:105E30002DE0BEB00078207E147D5B7E04000174EE
:105E40000B7E70019AFCBA7A7E147D5B7E040001A1
:105E5000E46C779AFCBA7A90832DE0229073A01BB1
:105E6000EA20793E0002E49073A4F06D339073A8A9
:105E70001BEA309F119073AA793E00021BEA206D45
:105E8000339073AE1BEA307E1808E89073CB793EEE
:105E900000021BEA209073A0693E00020BEA20BEBC
:105EA000184E20500974019073A4F00260687E14AB
:105EB00073B07E0400011259E97E1473B07E0400B1
:105EC000017E3473B57E240001125B559073B0E0FF
:105ED000BEB00068237E18024E9073BF691E000298
:105EE0000BEA002F019073CB693E00020BEA202FD2
:105EF00010793E00021BEA209073B2E0BEB0006849
:105F0000297E0802B29073BF693E00020BEA202F7F
:105F1000107F012F009073CB693E00020BEA202F07
:105F200010793E00021BEA20802C9073B1E0BEB0D5
:105F30000068237E1802949073BF691E00020BEA6A
:105F4000002F019073CB693E00020BEA202F1079DD
:105F50003E00021BEA209073B3E0BEB00068237ECF
:105F60001802949073C3691E00020BEA002F01907F
:105F700073CB693E00020BEA202F10793E00021B12
:105F8000EA209073B4E0BEB00078030260687E0837
:105F900002269073CB693E00020BEA202F10793E57
:105FA00000021BEA209073A0691E00020BEA009019
:105FB00073CB693E00020BEA20BF102809740190E0
:105FC00073A4F00260689073CB691E00020BEA00B4
:105FD0009073A0693E00020BEA209F109073AA798B
:105FE0003E00021BEA209073AA693E00020BEA20E1
:105FF0009073B70BEA501258C09073AE1BEA309002
:1060000073B3E0BEB00068119073BB0BEA209073CD
:10601000AE0BEA302D321BEA309073AE0BEA301231
:1060200059649073A81BEA3074719073A5F0907353
:10603000A80BEA307D530A5A9073A6F09073A80B10
:10604000EA509073A7F07E180003907D7D793E00A2
:10605000021BEA207E147D5B7E0400017E3473A562
:106060007E2400019AFCB7F69073A4E0227E180B00
:10607000369077A9793E00021BEA207E14778E7E47
:106080000400011259E97E14778E7E0400017E34EB
:1060900077937E240001125B5590778EE0BEB000AE
:1060A00068237E18024E90779D691E00020BEA005D
:1060B0002F019077A9693E00020BEA202F10793E4C
:1060C00000021BEA20907790E0BEB00068297E08AD
:1060D00002B290779D693E00020BEA202F107F01EB
:1060E0002F009077A9693E00020BEA202F10793E1D
:1060F00000021BEA20802C90778FE0BEB00068235E
:106100007E18029490779D691E00020BEA002F0111
:106110009077A9693E00020BEA202F10793E000219
:106120001BEA20907791E0BEB00068237E180294AD
:106130009077A1691E00020BEA002F019077A969F0
:106140003E00020BEA202F10793E00021BEA20904D
:106150007792E0BEB00068237E1802269077A5698A
:106160001E00020BEA002F019077A9693E00020B86
:10617000EA202F10793E00021BEA209077A9693EA1
:1061800000020BEA202290806D1BEA20793E00027B
:106190006D117E04430090806D693E00020BEA2081
:1061A0009AFDC5769AFDC7289080741BEA309080CE
:1061B0006D691E00020BEA009F119AFDC697281810
:1061C00090806D691E00020BEA007E34FEB87E24CA
:1061D00043FF9AFDC697400474018001E47E145C7D
:1061E000F27E0400FE7E3402069AFDFE987444900E
:1061F0008071F09080740BEA307D530A5A9080725F
:10620000F09080740BEA50908073F07E1800039039
:106210007D7D793E00021BEA207E147D5B7E0400BA
:10622000017E3480717E2400019AFCB7F622907DB5
:1062300067E0BEB00078030263057E180001907D20
:1062400016793E00021BEA207E147D5B7E0400016D
:1062500074137E34840F7E2400019AFCC25790840C
:106260000F7EEBA074075CBABEB000685C7E1800BD
:1062700002907D16793E00021BEA207E147D5B7E33
:10628000040001741E7E34840F7E2400019AFCC237
:106290005790840FE00A3B7C676C77907D641BEA23
:1062A00030908410E00A2B907D640BEA304D321B55
:1062B000EA307E147D5B7E040001740B7E70019ACF
:1062C000FCBA7A7401907D66F090840FE030E4357A
:1062D0007E180002907D16793E00021BEA207E1493
:1062E0007D5B7E040001741E7E34840F7E240001D9
:1062F0009AFCC2577E147D5B7E040001740B7E7095
:10630000019AFCBA7AAAAAE4907913F0E49079147D
:10631000F0E4907915F06D339079231BEA307E1408
:1063200079167E0400017E340006E49AFCFFDD7ECF
:1063300014791C7E0400017E340007E49AFCFFDD22
:106340007E340071907D231BEA307E340073907D93
:10635000251BEA307E147D5B7E04000174297E18C3
:1063600000019AFCCB5B7E3400747E240001740132
:106370007E1400109AFD40E77E1403E8908336698E
:106380003E00020BEA209AFDCFE07E1400649AFDE5
:10639000CFD79AFCFECF7E340074E49AFD3D417E57
:1063A0001403E8908336693E00020BEA209AFDCF81
:1063B000E07E1400329AFDCFD79AFCFECF7E3400E7
:1063C0007474019AFD3D417E1403E8908336693E62
:1063D00000020BEA209AFDCFE07E1400649AFDCF04
:1063E000D79AFCFECF7E147D5B7E04000174899AEF
:1063F000FCC18A907915F07E147D5B7E04000174E7
:10640000899079157EEB707E60014C769AFCBA7AA1
:106410006D339079231BEA3080457E147D5B7E04CA
:1064200000019079230BEA203E247E34090F2D329F
:106430007E2400FF7E1BB09079230BEA203E247E51
:106440003409102D327E2400FF7E1B709AFCBA7A2C
:106450009079230BEA207E3400012D321BEA309024
:1064600079230BEA207E340004BD2340AD7E180062
:1064700001907D16793E00021BEA207E147D5B7E32
:1064800004000174917E3479137E2400019AFCC2C9
:10649000576D339079231BEA3080457E147D5B7EF7
:1064A0000400019079230BEA203E247E3409172D45
:1064B000327E2400FF7E1BB09079230BEA203E241D
:1064C0007E3409182D327E2400FF7E1B709AFCBAA0
:1064D0007A9079230BEA207E3400012D321BEA30BA
:1064E0009079230BEA207E340003BD2340AD7E1457
:1064F0007D5B7E04000174609AFCC18A907915F07E
:106500007E147D5B7E04000174609079157EEB70D3
:106510007E60124C769AFCBA7A6D337E243E8012ED
:1065200061867E147D5B7E04000174017E70FF9A9B
:10653000FCBA7A7E14791C7E0400017E34791D7EBB
:106540002400011255D4BEB000681574019079146E
:10655000F07E145CD97E0400FE9AFDC76502691ABC
:106560007E180006907D16793E00021BEA207E14FC
:106570007D5B7E04000174B07E3479167E240001B8
:106580009AFCC2576D339079231BEA3080457E1404
:106590007D5B7E0400019079230BEA203E247E344B
:1065A000091D2D327E2400FF7E1BB09079230BEA5B
:1065B000203E247E34091E2D327E2400FF7E1B7077
:1065C0009AFCBA7A9079230BEA207E3400012D32AE
:1065D0001BEA309079230BEA207E340005BD23406E
:1065E000AD90791DE0BEB0006804740C8001E490A9
:1065F000791EF06D339079231BEA300266AD9079F5
:106600001EE00A2B9079230BEA30BD32400E9079C0
:106610001C7EEBA090791FE0BCBA78429079230BE6
:10662000EA507CAB74075CBA7E34000160053E34EE
:106630001478FB7CB77CAB6EA0FF9079230BEA202B
:106640001E241E241E247E3479162D327A71827AFD
:106650006183E05CBA7A71827A6183F080409079DC
:10666000230BEA201E241E241E247E3479162D328C
:106670007A71827A61837EEBA09079230BEA207E87
:106680003400075D327CB760051EA01478FB7CBA2D
:1066900030E00B90791F7EEBA074012CBAF090795A
:1066A000230BEA207E3400012D321BEA309079233F
:1066B0000BEA207E340030BD3228030265FE74B040
:1066C00090791CF07E3400019079231BEA30802CF5
:1066D0009079230BEA207E3400019D237E347916C5
:1066E0002D327A71827A6183E090791DF09079235E
:1066F0000BEA207E3400012D321BEA309079230B07
:10670000EA207E340007BD3238C67E180007907D2F
:106710007D793E00021BEA207E147D5B7E04000131
:106720007E34791C7E2400019AFCB7F66D33907993
:10673000231BEA3080457E147D5B7E040001907946
:10674000230BEA203E247E3409272D327E2400FFCD
:106750007E1BB09079230BEA203E247E3409282D3D
:10676000327E2400FF7E1B709AFCBA7A9079230B4C
:10677000EA207E3400012D321BEA309079230BEAA7
:10678000207E340050BD2340AD7E147D5B7E04002E
:1067900001740A7E70049AFCBA7A7E147D5B7E04D2
:1067A000000174849AFCC18A907915F07E147D5B97
:1067B0007E04000174849079157EEB707E60EF5C3E
:1067C000769AFCBA7A7E147D5B7E040001740B7E9F
:1067D00070019AFCBA7A12606D90790F793E0002CE
:1067E0001BEA207E147D5B7E04000174017E70E84C
:1067F0009AFCBA7A90790F693E00020BEA20125E89
:106800005C7E147D5B7E04000174017E70019AFC45
:10681000BA7A7440125D72BEB00068157401907946
:1068200014F07E145CA67E0400FE9AFDC765026922
:106830001A7E147D5B7E04000174017E70029AFC56
:10684000BA7AE4125D72BEB00068157401907914D2
:10685000F07E145CA67E0400FE9AFDC76502691AEC
:106860007E147D5B7E04000174017E70E89AFCBAA0
:106870007A7E1403E8908336693E00020BEA209A80
:10688000FDCFE07E1400649AFDCFD79AFCFECF7E48
:10689000147D5B7E04000174807E70019AFCBA7ADC
:1068A0007E147D5B7E04000174FF7E70019AFCBA49
:1068B0007A7E147D5B7E040001E46C779AFCBA7AE0
:1068C0007E147D5B7E04000174919079137EEB70E1
:1068D0009AFCBA7A7E147D5B7E040001E47E70012E
:1068E0009AFCBA7A7E147D5B7E04000174FF6C779B
:1068F0009AFCBA7A7E147D5B7E04000174806C770A
:106900009AFCBA7A7E147D5B7E040001E47E7002FC
:106910009AFCBA7A7401907D67F0907914E0AA909D
:1069200083521BEA306D339083541BEA30908352BC
:106930000BEA207E341000BD235803026C2F908395
:10694000520BEA509E541000BE54000E4003026BDE
:10695000E27EA003A4906959730269830269A302CD
:1069600069C30269E3026A03026A23026A55026A82
:1069700087026AB9026AEB026B1D026B4F026B80E1
:10698000026BB1E58C0A3B7C676C779083541BEA01
:1069900030E58A0A2B9083540BEA304D321BEA30E3
:1069A000026BF3E58D0A3B7C676C779083541BEA9E
:1069B00030E58B0A2B9083540BEA304D321BEA30C2
:1069C000026BF3E5D60A3B7C676C779083541BEA35
:1069D00030E5D70A2B9083540BEA304D321BEA3056
:1069E000026BF3E5D40A3B7C676C779083541BEA17
:1069F00030E5D50A2B9083540BEA304D321BEA3038
:106A0000026BF3E5D20A3B7C676C779083541BEAF8
:106A100030E5D30A2B9083540BEA304D321BEA3019
:106A2000026BF37E34FBB67E24007E7E1B700A3739
:106A30007C676C779083541BEA307E34FBB77E24EE
:106A4000007E7E1B700A279083540BEA304D321B68
:106A5000EA30026BF37E34FBB47E24007E7E1B7032
:106A60000A377C676C779083541BEA307E34FBB521
:106A70007E24007E7E1B700A279083540BEA304DE3
:106A8000321BEA30026BF37E34FBBE7E24007E7E36
:106A90001B700A377C676C779083541BEA307E3416
:106AA000FBBF7E24007E7E1B700A279083540BEA76
:106AB000304D321BEA30026BF37E34FBBC7E240087
:106AC0007E7E1B700A377C676C779083541BEA309C
:106AD0007E34FBBD7E24007E7E1B700A279083548B
:106AE0000BEA304D321BEA30026BF37E34FBC67E7C
:106AF00024007E7E1B700A377C676C779083541B62
:106B0000EA307E34FBC77E24007E7E1B700A27900D
:106B100083540BEA304D321BEA30026BF37E34FBB8
:106B2000C47E24007E7E1B700A377C676C7790835E
:106B3000541BEA307E34FBC57E24007E7E1B700A27
:106B4000279083540BEA304D321BEA30026BF37E00
:106B500034FE7A7E24007E7E1B700A377C676C7759
:106B60009083541BEA307E34FE7B7E24007E7E1BA5
:106B7000700A279083540BEA304D321BEA30807341
:106B80007E34FBCE7E24007E7E1B700A377C676CD1
:106B9000779083541BEA307E34FBCF7E24007E7EC8
:106BA0001B700A279083540BEA304D321BEA308069
:106BB000427E34FBCC7E24007E7E1B700A377C67CD
:106BC0006C779083541BEA307E34FBCD7E24007EAC
:106BD0007E1B700A279083540BEA304D321BEA303B
:106BE0008011E47E145F4D7E0400FE7E3400519AD5
:106BF000FDFE989083520BEA307E2400155D237EC3
:106C00003479622D327A71827A6183E00A3B9AFD8F
:106C10003B44BEB0006803026CF79083540BEA302B
:106C20006E34FFFF0B349083541BEA30026CF790F4
:106C300083520BEA301A261A242F112F117E145872
:106C4000217E0400FE2F01693000020B0A207E1B0A
:106C5000700A377C676C779083541BEA30908352BC
:106C60000BEA301A261A247F012F002F007E345899
:106C7000217E2400FE2F10691100020B1A007E18DD
:106C800000012F107E1B700A279083540BEA304DB1
:106C9000321BEA309083520BEA307E24000F5D23D2
:106CA0007E3479622D327A71827A6183E0BEB0FFE0
:106CB00068389083520BEA307E24000F5D237E34C7
:106CC00079622D327A71827A6183E00A3B9AFD3BC8
:106CD00044BEB00078219083540BEA306E34FFFF3D
:106CE0000B349083541BEA30800D9083540BEA30B0
:106CF0000E340E341BEA309083540BEA30AA908491
:106D00001A1BEA3090841A0BEA207E341000BD234F
:106D10005803026FEE90841A0BEA509E541000BE86
:106D200054000E4003026FDB7EA003A4906D30730D
:106D3000026D5A026D69026D78026D87026D9602CE
:106D40006DA5026DE4026E23026E62026EA1026EF8
:106D5000E0026F1F026F5E026F9DC3C28CE4F58C70
:106D6000E4F58AD3D28C02703CC3C28EE4F58DE484
:106D7000F58BD3D28E02703C538EEFE4F5D6E4F55A
:106D8000D7438E1002703C53DDF7E4F5D4E4F5D51B
:106D900043DD0802703C53DD7FE4F5D2E4F5D343D4
:106DA000DD8002703C74F77E14FBB37E04007E7EAF
:106DB0000B705C7B7A0B70E47E34FBB67E24007E25
:106DC0007A1BB0E47E34FBB77E24007E7A1BB0745D
:106DD000087E14FBB37E04007E7E0B704C7B7A0B26
:106DE0007002703C747F7E14FBB37E04007E7E0BC9
:106DF000705C7B7A0B70E47E34FBB47E24007E7A78
:106E00001BB0E47E34FBB57E24007E7A1BB0740890
:106E10007E14FBB37E04007E7E0B704C7B7A0B707D
:106E200002703C74F77E14FBBB7E04007E7E0B7008
:106E30005C7B7A0B70E47E34FBBE7E24007E7A1B82
:106E4000B0E47E34FBBF7E24007E7A1BB074087EE3
:106E500014FBBB7E04007E7E0B704C7B7A0B7002B1
:106E6000703C747F7E14FBBB7E04007E7E0B705CE6
:106E70007B7A0B70E47E34FBBC7E24007E7A1BB0F0
:106E8000E47E34FBBD7E24007E7A1BB074087E1441
:106E9000FBBB7E04007E7E0B704C7B7A0B70027015
:106EA0003C74F77E14FBC37E04007E7E0B705C7B1B
:106EB0007A0B70E47E34FBC67E24007E7A1BB0E43D
:106EC0007E34FBC77E24007E7A1BB074087E14FBE0
:106ED000C37E04007E7E0B704C7B7A0B7002703C8C
:106EE000747F7E14FBC37E04007E7E0B705C7B7A15
:106EF0000B70E47E34FBC47E24007E7A1BB0E47EFB
:106F000034FBC57E24007E7A1BB074087E14FBC35C
:106F10007E04007E7E0B704C7B7A0B7002703C749A
:106F20007F7E14FE787E04007E7E0B705C7B7A0B85
:106F300070E47E34FE7A7E24007E7A1BB0E47E34D8
:106F4000FE7B7E24007E7A1BB074807E14FE787EE9
:106F500004007E7E0B704C7B7A0B7002703C74F7E1
:106F60007E14FBCB7E04007E7E0B705C7B7A0B7004
:106F7000E47E34FBCE7E24007E7A1BB0E47E34FBBC
:106F8000CF7E24007E7A1BB074087E14FBCB7E0477
:106F9000007E7E0B704C7B7A0B7002703C747F7E9F
:106FA00014FBCB7E04007E7E0B705C7B7A0B70E45E
:106FB0007E34FBCC7E24007E7A1BB0E47E34FBCD95
:106FC0007E24007E7A1BB074807E14FBCB7E04008E
:106FD0007E7E0B704C7B7A0B708061E47E145F4D7B
:106FE0007E0400FE7E3400899AFDFE98804EE49077
:106FF000841A0BEA301A261A242F112F117E1458E6
:10700000217E0400FE2F01693000020B0A207A1B4A
:10701000B0E490841A0BEA301A261A247F012F005C
:107020002F007E3458217E2400FE2F1069110002AB
:107030000B1A007E1800012F107A1BB0AA9081DB7A
:107040001BEA109081D91BEA209081D71BEA30906F
:1070500081D70BEA207E3400FF5D327E2400039A44
:10706000FDFF697E145F4D7E0400FE7E3400A69A0B
:10707000FDFE989081D90BEA500A5AC40354077E4A
:10708000440006BD54780474018001E47E145F4D11
:107090007E0400FE7E3400A99AFDFE989081DB0BF1
:1070A000EA207E3400FF5D326D22E47E1400039AF4
:1070B000FD40E79081D90BEA207E3400FF5D326D00
:1070C00022E47E1400039AFD40E79081DB0BEA4046
:1070D0007E5400FF5D549081D70BEA307E2400156A
:1070E0005D237E3479622D327A71827A6183F090E9
:1070F00081D70BEA509E541000BE54000E4003028C
:1071000073087EA003A490710A7302713402714364
:1071100002715202715E02716A0271760271A302FB
:1071200071D00271FD02722A0272570272840272D9
:10713000B00272DCE4F58AE4F58C438904D3D28C86
:10714000027319E4F58BE4F58D438940D3D28E02A6
:107150007319E4F5D7E4F5D6438E18027319E4F5F4
:10716000D5E4F5D443DD0C027319E4F5D3E4F5D28C
:1071700043DDC0027319E47E34FBB77E24007E7ABF
:107180001BB0E47E34FBB67E24007E7A1BB0740C08
:107190007E14FBB37E04007E7E0B704C7B7A0B70FA
:1071A000027319E47E34FBB57E24007E7A1BB0E4C2
:1071B0007E34FBB47E24007E7A1BB074C07E14FB48
:1071C000B37E04007E7E0B704C7B7A0B70027319C9
:1071D000E47E34FBBF7E24007E7A1BB0E47E34FB69
:1071E000BE7E24007E7A1BB0740C7E14FBBB7E0432
:1071F000007E7E0B704C7B7A0B70027319E47E3438
:10720000FBBD7E24007E7A1BB0E47E34FBBC7E2472
:10721000007E7A1BB074C07E14FBBB7E04007E7EB1
:107220000B704C7B7A0B70027319E47E34FBC77EC3
:1072300024007E7A1BB0E47E34FBC67E24007E7A76
:107240001BB0740C7E14FBC37E04007E7E0B704C5E
:107250007B7A0B70027319E47E34FBC57E24007EBA
:107260007A1BB0E47E34FBC47E24007E7A1BB074AB
:10727000C07E14FBC37E04007E7E0B704C7B7A0BB9
:1072800070027319E47E34FE7B7E24007E7A1BB08C
:10729000E47E34FE7A7E24007E7A1BB074C07E14B5
:1072A000FE787E04007E7E0B704C7B7A0B708069CA
:1072B000E47E34FBCF7E24007E7A1BB0E47E34FB78
:1072C000CE7E24007E7A1BB0740C7E14FBCB7E0431
:1072D000007E7E0B704C7B7A0B70803DE47E34FB2D
:1072E000CD7E24007E7A1BB0E47E34FBCC7E24006D
:1072F0007E7A1BB074C07E14FBCB7E04007E7E0BB6
:10730000704C7B7A0B708011E47E145F4D7E04001C
:10731000FE7E3400BD9AFDFE98229081E11BEA10AA
:107320009081DF1BEA209081DD1BEA309081DF0B2A
:10733000EA207E3400FF5D326D22E47E1400039A61
:10734000FD40E79081E10BEA207E3400FF5D326D65
:1073500022E47E1400039AFD40E79081E10BEA40AD
:107360007E5400FF5D549081DD0BEA307E24000FD7
:107370005D237E3479622D327A71827A6183F07E68
:1073800060FE9081DF0BEA00740D0E041478FB7E22
:107390001400075D101A021A002F002F007E5458A7
:1073A000697E4400FE2F20691200020B2A007E0B2A
:1073B000705C767A0B709081DF0BEA307D431A485F
:1073C0000E440E440E447E5400035D543E5490819E
:1073D000DF0BEA307D231A247E3400035D32600522
:1073E0003E341478FB7C679081DF0BEA00740D0E4D
:1073F000041478FB7E1400075D101A021A002F0097
:107400002F007E5457F17E4400FE2F2069120002A7
:107410000B2A007E0B704C767A0B707EA0FF908159
:10742000DF0BEA20740D0E241478FB7E3400075D18
:10743000321A261A242F112F117E1457D97E0400D8
:10744000FE2F01693000020B0A207A1BA07EA0FFEC
:107450009081DF0BEA20740D0E241478FB7E34003B
:10746000075D321A261A247F012F002F007E345721
:10747000D97E2400FE2F10691100020B1A007E181D
:1074800000012F107A1BA06CAA9081DF0BEA2074F8
:107490000D0E241478FB7E3400075D321A261A2460
:1074A0002F112F117E1457497E0400FE2F016930E1
:1074B00000020B0A207A1BA06CAA9081DF0BEA2045
:1074C000740D0E241478FB7E3400075D321A261AE0
:1074D000247F012F002F007E3457497E2400FE2F89
:1074E00010691100020B1A007E1800012F107A1B80
:1074F000A07EA0579081DF0BEA20740D0E24147833
:10750000FB7E3400075D321A261A242F112F117EBC
:107510001458097E0400FE2F01693000020B0A2076
:107520007A1BA06CAA9081DF0BEA20740D0E241444
:1075300078FB7E3400075D321A261A247F012F0063
:107540009081DF0BEA307D231A240E240E240E24B2
:107550007E3400035D320E341A261A242F102F11A8
:107560002F117E1458397E0400FE2F01693000026D
:107570000B0A207A1BA06CAA9081E10BEA20740D03
:107580000E241478FB7E3400075D321A261A247FFD
:10759000012F009081E10BEA307D231A240E240E86
:1075A000240E247E3400035D320E341A261A242F52
:1075B000102F112F117E1458397E0400FE2F0169FF
:1075C0003000020B0A207A1BA07E60019081DF0B45
:1075D000EA00740D0E041478FB7E1400075D101A87
:1075E000021A007F202F222F229081DF0BEA207DBC
:1075F000021A000E040E040E047E1400035D101A1D
:10760000021A002F022F002F007E5458817E440062
:10761000FE2F20691200020B2A007E0B704C767A36
:107620000B707E60019081DF0BEA00740D0E041474
:1076300078FB7E1400075D101A021A002F002F003D
:107640007E5458697E4400FE2F20691200020B2AE6
:10765000007E0B704C767A0B70229081E71BEA104B
:107660009081E51BEA209081E31BEA309081E30BD7
:10767000EA300A479081E50BEA500A5AC4035407DE
:10768000BD54780474018001E47E145F4D7E0400D3
:10769000FE7E3400F39AFDFE989081E30BEA300AF7
:1076A000479081E70BEA500A5AC4035407BD547847
:1076B0000474018001E47E145F4D7E0400FE7E347C
:1076C00000F49AFDFE989081E50BEA207E3400FFDD
:1076D0005D326D2274016D119AFD40E79081E70BD8
:1076E000EA207E3400FF5D326D2274016D119AFD37
:1076F00040E77E60FE9081E50BEA00740D0E0414F5
:1077000078FB7E1400075D101A021A002F002F006C
:107710007E5458697E4400FE2F20691200020B2A15
:10772000007E0B705C767A0B709081E50BEA307D01
:10773000431A480E440E440E447E5400035D543EEA
:10774000549081E50BEA307D231A247E3400035DDA
:107750003260053E341478FB7C679081E50BEA00CB
:10776000740D0E041478FB7E1400075D101A021AC3
:10777000002F002F007E5457F17E4400FE2F206919
:107780001200020B2A007E0B704C767A0B709081EF
:10779000E70BEA307D431A480E440E440E447E54F3
:1077A00000035D543E549081E70BEA307D231A2498
:1077B0007E3400035D3260053E341478FB7C6790B4
:1077C00081E70BEA00740D0E041478FB7E140007A9
:1077D0005D101A021A002F002F007E5457F17E44CC
:1077E00000FE2F20691200020B2A007E0B704C76DF
:1077F0007A0B707EA0FF9081E50BEA20740D0E24B9
:107800001478FB7E3400075D321A261A242F112FBC
:10781000117E1457D97E0400FE2F01693000020B3F
:107820000A207A1BA07EA0FF9081E50BEA20740D50
:107830000E241478FB7E3400075D321A261A247F4A
:10784000012F002F007E3457D97E2400FE2F1069AF
:107850001100020B1A007E1800012F107A1BA06C79
:10786000AA9081E50BEA20740D0E241478FB7E3477
:1078700000075D321A261A242F112F117E14574942
:107880007E0400FE2F01693000020B0A207A1BA043
:107890006CAA9081E50BEA20740D0E241478FB7E0F
:1078A0003400075D321A261A247F012F002F007E34
:1078B0003457497E2400FE2F10691100020B1A0074
:1078C0007E1800012F107A1BA07EA0039081E50B8B
:1078D000EA20740D0E241478FB7E3400075D321A02
:1078E000261A242F112F117E1458097E0400FE2F12
:1078F00001693000020B0A207A1BA06CAA9081E576
:107900000BEA20740D0E241478FB7E3400075D32E0
:107910001A261A247F012F009081E50BEA307D237F
:107920001A240E240E240E247E3400035D320E34FD
:107930001A261A242F102F112F117E1458397E0465
:1079400000FE2F01693000020B0A207A1BA06CAAEE
:107950009081E70BEA20740D0E241478FB7E34002E
:10796000075D321A261A247F012F009081E70BEA67
:10797000307D231A240E240E240E247E3400035D51
:10798000320E341A261A242F102F112F117E14585C
:10799000397E0400FE2F01693000020B0A207A1B99
:1079A000A07E60019081E50BEA00740D0E0414784E
:1079B000FB7E1400075D101A021A007F202F222F71
:1079C000229081E50BEA207D021A000E040E040EBF
:1079D000047E1400035D101A021A002F022F002FDC
:1079E000007E5458817E4400FE2F20691200020B55
:1079F0002A007E0B704C767A0B707E60019081E7D6
:107A00000BEA00740D0E041478FB7E1400075D1061
:107A10001A021A007F202F222F229081E70BEA20E2
:107A20007D021A000E040E040E047E1400035D1085
:107A30001A021A002F022F002F007E5458817E4414
:107A400000FE2F20691200020B2A007E0B704C767C
:107A50007A0B707E60019081E50BEA00740D0E04D4
:107A60001478FB7E1400075D101A021A002F002FF5
:107A7000007E5458697E4400FE2F20691200020BDC
:107A80002A007E0B704C767A0B70AA9081ED1BEA6F
:107A9000109081EB1BEA209081E91BEA309081E98C
:107AA0000BEA207E341000BD23403E9081ED0BEAAE
:107AB000307E24FF005D236D33BD23780474018084
:107AC00001E47E145F4D7E0400FE7E3401329AFD97
:107AD000FE989081E90BEA309081EB0BEA209081CF
:107AE000ED0BEA1012703D80159081E90BEA3090A1
:107AF00081EB0BEA209081ED0BEA1012731AAA9029
:107B0000815C1BEA20793E00029F11908160793EE2
:107B100000021BEA207E14006490815C693E000232
:107B20000BEA209AFDCFD7793E00021BEA20805154
:107B30007E1442407E04000F908336693E00020BA3
:107B4000EA209AFDCFE27E14000A9AFDCFD79AFC74
:107B5000FECF908160691E00020BEA007E180001D2
:107B60002F10793E00021BEA20908160691E0002FE
:107B70000BEA0090815C693E00020BEA20BF1028EE
:107B80000D7E3400259AFD3B44BEB00068A2908172
:107B900060691E00020BEA0090815C693E00020BE6
:107BA000EA20BF10380474018001E422907E6F1B2C
:107BB000EA20907E691BEA30907E651BEA00791E00
:107BC0000002C3C2EC907E65693E00020BEA204DC4
:107BD000236824907E690BEA306D22907F29793EDC
:107BE00000021BEA207E340001907E65691E0002BF
:107BF0000BEA009AFC79DF907E6B693E00020BEA8B
:107C0000204D236824907E6F0BEA306D22907F29EF
:107C1000793E00021BEA207E340001907E6B691ED3
:107C200000020BEA009AFC79DFD3D2EC2290825951
:107C30001BEA309082551BEA00791E0002C3C2EC99
:107C4000908255693E00020BEA20907C7B793E00D1
:107C5000021BEA207E180004907C7F793E00021B04
:107C6000EA207E340001908255691E00020BEA0072
:107C70009AFC7E169082590BEA206D33BD23683C36
:107C8000908255693E00020BEA200B36907C7B798E
:107C90003E00021BEA209082590BEA306D22907C54
:107CA0007F793E00021BEA207E34000190825569F4
:107CB0001E00020BEA000B169AFC7E169082556994
:107CC0003E00020BEA200B350B1A107E0400FF5D0C
:107CD000017C016C11908255693E00020BEA200B79
:107CE000350B1A107D310A367E1400FF5D134D10DE
:107CF000908255693E00020BEA200B351B1A10D307
:107D0000D2EC22907FA91BEA20793E0002907FA549
:107D10001BEA00791E0002C3C2EC7402907FA969BD
:107D20003E00020BEA207A1BB0907FAD0BEA107E7A
:107D30000400FF5D017C016C11907FAD0BEA107DAA
:107D4000310A367E1400FF5D134D10907FA9693E05
:107D500000020BEA200B351B1A10907FA9693E0028
:107D6000020BEA20907C7B793E00021BEA207E1801
:107D70000004907C7F793E00021BEA207E340001E3
:107D8000907FA9691E00020BEA009AFC7E16907F84
:107D9000AD0BEA207E340020BD325066907FA96989
:107DA0003E00020BEA200B36907C7B793E00021BE2
:107DB000EA207E180020907C7F793E00021BEA209A
:107DC0007E340001907FA5691E00020BEA009AFC38
:107DD0007E16907FAD0BEA307E2400209D326D220E
:107DE000907F29793E00021BEA207E340001907FBB
:107DF000A5691E00020BEA002E1400209AFC79DF10
:107E0000805C907FAD0BEA30CA39907FA5693E0057
:107E1000020BEA20907FA9691E00020BEA000B16F4
:107E20009AFE29DD1BFD907FA9693E00020BEA2026
:107E30000B36907C7B793E00021BEA207E180020E6
:107E4000907C7F793E00021BEA207E340001907F07
:107E5000A9691E00020BEA000B169AFC7E16907FA1
:107E6000A9693E00020BEA200B350B1A107E0400B4
:107E7000FF5D017C016C11907FA9693E00020BEA55
:107E8000200B350B1A107D310A367E1400FF5D136E
:107E90004D10907FA9693E00020BEA200B351B1A9A
:107EA00010D3D2EC22907B7E1BEA20907B7A1BEAD7
:107EB00000791E0002907B781BEA307401907B846D
:107EC000F0907B780BEA50907B85F0907B7E0BEAFC
:107ED00030907B871BEA30907B80693E00020BEA82
:107EE00020127AFFBEB0006803027F76907B7A6929
:107EF0003E00020BEA20907E6B793E00021BEA20D6
:107F00007E147B857E0400017E340004907B7E0B12
:107F1000EA20127BAC907B80693E00020BEA2012C3
:107F20007AFFBEB000784F7402907B85F06D33907D
:107F30007B871BEA307E147B857E040001907B8763
:107F40000BEA30127C2D7E1442407E04000F908399
:107F500036693E00020BEA209AFDCFE27E1400143F
:107F60009AFDCFD79AFCFECF907B85E0BEB080789B
:107F700005E4907B84F0907B84E022907EFC1BEAF9
:107F800000791E0002907EFA1BEA307401907F0493
:107F9000F0907F00693E00020BEA20127AFFBEB02B
:107FA00000787A907EFA0BEA10907EFC693E00021F
:107FB0000BEA207A1B309F11907E6B793E00021BEA
:107FC000EA20907EFC691E00020BEA007E3400204D
:107FD0006D22127BAC907F00693E00020BEA2012FA
:107FE0007AFFBEB00078367402907EFC693E0002D3
:107FF0000BEA207A1BB06D11907EFC693E00020BEB
:10800000EA200B351B1A10907EFC691E00020BEA59
:10801000007E340020127C2DE4907F04F0907F04D9
:10802000E0227E345C827E2400FE7E1476177E047D
:10803000000174249AFDD0697E1803E8907F0079CE
:108040003E00021BEA207E3400207E1476177E0458
:108050000001127F7B907616F0907616E0BEB0009D
:108060007827907617E0BEB0A0781E9076190BEABC
:1080700030CA397E34761B7E2400017E145D217E59
:108080000400019AFE29DD1BFD907616E0227E1881
:1080900003E8907F00793E00021BEA207E34002135
:1080A0007E14763C7E040001127F7B90763BF0903C
:1080B000763BE0BEB000782790763CE0BEB0A17879
:1080C0001E90763E0BEA30CA397E3476407E24001C
:1080D000017E145D447E0400019AFE29DD1BFD90A3
:1080E000763BE0227E1803E8907F00793E00021B79
:1080F000EA207E3400227E1476617E040001127F25
:108100007B907660F0907660E0BEB0007827907645
:1081100061E0BEB0A2781E9076630BEA30CA397E69
:108120003476657E2400017E145D087E0400019A89
:10813000FE29DD1BFD907660E0229073D5F09073F0
:10814000D11BEA00791E00029073CF1BEA30740144
:108150009073D6F09073D57EEBA0741EBCAB500329
:108160000282587E340002CA397E345C7F7E24004D
:10817000FE7E145D217E0400019AFE29A61BFDBE31
:10818000B00068030282589073CF0BEA407E54001F
:10819000232D547E4400019D549073FBF09073CFC7
:1081A0000BEA407E5400A32D547E4400019D549060
:1081B00073FCF07E1803E8907F00793E00021BEA12
:1081C000209073FBE00A3B7E1473D77E04000112FB
:1081D0007F7B9073D6F09073D6E0BEB00078799034
:1081E00073D77EEBA09073FCE0BCBA786B7E340052
:1081F00002CA397E345C7C7E2400FE7E1473DB7EF2
:108200000400019AFE29A61BFD9073D6F09073D648
:10821000E0BEB00078429073D90BEA307E240003B0
:108220009D32CA397E3473DE7E2400019073D16999
:108230001E00020BEA009AFE29DD1BFDE49073D9B3
:108240000BEA107E0400039D109073D1693E00027A
:108250000BEA202D317A1BB09073D6E0AA9081AB47
:108260001BEA309081A71BEA00791E0002E490818E
:10827000ADF07E340002CA397E345C7F7E2400FE7D
:108280007E145D217E0400019AFE29A61BFDBEB06E
:108290000078607E182710907B80793E00021BEAF0
:1082A000207E3400129F006D22127EA59081ADF0D9
:1082B0009081ADE0BEB000783A801E7E1403E89055
:1082C0008336693E00020BEA209AFDCFE07E14005F
:1082D0000A9AFDCFD79AFCFECF9081A7691E0002B3
:1082E0000BEA009081AB0BEA306D229AFD876A4D54
:1082F0002368C89081ADE0AA9070A71BEA20793E60
:1083000000029070A31BEA00791E00029070A7691A
:108310003E00020BEA204D2368449070A3693E00A2
:10832000020BEA209075C7793E00021BEA2090708C
:10833000A7693E00020BEA209075C3793E00021B3C
:10834000EA207E1470AC7E0400017E345C737E24CF
:1083500000FE9AFDC7929070EC1BEA30802E907060
:10836000A3693E00020BEA209075C7793E00021B0C
:10837000EA207E1470AC7E0400017E345C6E7E24A4
:1083800000FE9AFDC7929070EC1BEA307E18271011
:10839000907B80793E00021BEA207E3400107E1420
:1083A00070AC7E0400019070EC0BEA20127EA59068
:1083B00070ABF01280E49070ABE0AA9072031BEAFD
:1083C00020793E00029071FF1BEA00791E000290A6
:1083D00071FF693E00020BEA209075C7793E0002EA
:1083E0001BEA20907203693E00020BEA209075C3DD
:1083F000793E00021BEA20907207693E00020BEAF8
:10840000209075BF793E00021BEA2090720B693EF6
:1084100000020BEA209075BB793E00021BEA207E29
:108420001472107E0400017E345C5D7E2400FE9A8E
:10843000FDC7929072391BEA307E18C350907B8042
:10844000793E00021BEA207E3400117E1472107EF9
:108450000400019072390BEA20127EA590720FF091
:108460001280E490720FE0AA7E1803E8907F0079F2
:108470003E00021BEA207E3400047E1476AA7E04AD
:108480000001127F7BAA7401908322F07401908313
:1084900023F07E34A5A59083251BEA307E1803E8DF
:1084A000127AFF908322F0908322E0BEB000781D04
:1084B0009F11907E6B793E00021BEA207E1483237D
:1084C0007E0400017E3400046D22127BAC90832276
:1084D000E0AA7401907685F06D22905D580BEA3029
:1084E000BD3268030285A27E340001905D581BEA0C
:1084F000307E1803E8127AFFBEB000680302859A46
:108500007403907686F06D339076881BEA307E1483
:1085100076867E0400017E340020127C2D907686C3
:10852000E0BEB0906809907686E0BEB09178329057
:1085300076880BEA206D33BD2368269076880BEA97
:10854000306D22907A7B793E00021BEA207E145D1A
:108550002D7E0400017E34768A7E2400019AFD8EF1
:10856000E87E1803E8127AFFBEB000782D740290FE
:108570007686F06D339076881BEA307E1476867EA0
:108580000400019076880BEA30127C2D907686E00C
:10859000BEB0807805E4907685F06D33905D581B11
:1085A000EA30907685E0AA9074011BEA20793E00BB
:1085B000029073FD1BEA00791E00026D22905D5847
:1085C0000BEA30BD3268030287367E340001905DCD
:1085D000581BEA300286A5907401693E00020BEA3E
:1085E00020BE180FF828067E340FF8800A90740118
:1085F000693E00020BEA209074051BEA307E1803E6
:10860000E8127AFFBEB00068030286B69074050BCC
:10861000EA30907FAD1BEA309073FD691E00020BBB
:10862000EA007E3474077E240001127D03907407F3
:10863000E0BEB0906809907407E0BEB091783290C7
:1086400074090BEA206D33BD2368269074090BEA88
:10865000306D22907A7B793E00021BEA207E145D09
:108660002D7E0400017E34740B7E2400019AFD8E61
:10867000E89074050BEA106D00907401693E0002E9
:108680000BEA209F10793E00021BEA209074050B34
:10869000EA109073FD693E00020BEA202D31793E0D
:1086A00000021BEA20907401693E00020BEA204D93
:1086B0002368030285D7806D7E1803E8127AFFBE17
:1086C000B000786A7402907407F06D339074091BDF
:1086D000EA307E1474077E0400017E340020127C90
:1086E0002D907407E0BEB0906809907407E0BEB0AA
:1086F0009178329074090BEA206D33BD236826907F
:1087000074090BEA306D22907A7B793E00021BEAF5
:10871000207E145D2D7E0400017E34740B7E2400C7
:10872000019AFD8EE8907407E0BEB090688A6D33C0
:10873000905D581BEA30907401693E00020BEA20FC
:10874000AA9083BE1BEA00791E00029083BE691EB8
:1087500000020BEA009AFDFFEA6D229083BE691EBB
:1087600000020BEA009AFD85A7AA9072AF1BEA20CF
:10877000793E00029072AB1BEA00791E00029F1145
:108780009072B7793E00021BEA209072AB693E00FE
:10879000020BEA204D23680474018001E47E145C1E
:1087A0002E7E0400FE7E3402A19AFDFE987E145DAA
:1087B0002D7E0400019AFD8E8E4D2378030288974A
:1087C0007E145D2D7E0400019AFD8E8E9072B37929
:1087D0003E00021BEA209072B3691E00020BEA0001
:1087E0009072AF693E00020BEA20BF10500C9072ED
:1087F000AF693E00020BEA20800A9072B3693E0026
:10880000020BEA209072B3793E00021BEA207E340C
:1088100072B37E2400019078FF793E00021BEA20AB
:108820006D339079031BEA307E145D2D7E040001C8
:108830009072AB693E00020BEA209AFD949A907206
:10884000B3693E00020BEA207D139072AB693E00D3
:10885000020BEA202D31793E00021BEA209072B310
:10886000691E00020BEA009072AF693E00020BEA3B
:10887000209F10793E00021BEA209072B3691E000F
:10888000020BEA009072B7693E00020BEA202F103B
:10889000793E00021BEA206D22905D580BEA30BD44
:1088A000326803028A6A7E340001905D581BEA3008
:1088B000905D3C693E00020BEA20BE180020500388
:1088C000028A627E1803E8127AFF0A2B6D33BD23F9
:1088D0006803028A6274029072BBF06D339072BDBD
:1088E0001BEA307E1472BB7E0400017E340020122D
:1088F0007C2D9072BBE0BEB090680C9072BBE0BE65
:10890000B0916803028A569072BD0BEA206D33BDA8
:10891000237803028A569072AF693E00020BEA2068
:108920004D237803028A309072BD0BEA106D0090DF
:1089300072AF693E00020BEA20BF10400A9072BD80
:108940000BEA306D22800A9072AF693E00020BEA9A
:10895000209072B3793E00021BEA209072B3693E08
:1089600000020BEA20CA397E3472BF7E24000190D7
:1089700072AB691E00020BEA009AFE29DD1BFD9016
:1089800072B3693E00020BEA207D139072AB693E20
:1089900000020BEA202D31793E00021BEA20907282
:1089A000B3691E00020BEA009072AF693E00020B31
:1089B000EA209F10793E00021BEA209072B3691EE4
:1089C00000020BEA009072B7693E00020BEA202F0A
:1089D00010793E00021BEA209072BD0BEA106D0078
:1089E0009072B3693E00020BEA20BF10506890728B
:1089F000BD0BEA306D229072B3691E00020BEA00D3
:108A00009F10907A7B793E00021BEA207E145D2D38
:108A10007E0400019072B3693E00020BEA207D23C0
:108A20007E3472BF2D327E2400019AFD8EE88026AE
:108A30009072BD0BEA306D22907A7B793E00021B6A
:108A4000EA207E145D2D7E0400017E3472BF7E24F8
:108A500000019AFD8EE89072BBE0BEB090780302F0
:108A600088B06D33905D581BEA309072B7693E0054
:108A7000020BEA20AA90805F1BEA20793E00029058
:108A8000805B1BEA00791E0002E4908063F07E3474
:108A900059087E240001907C35793E00021BEA20B3
:108AA0007E180400907C39793E00021BEA207E1477
:108AB0005D2D7E0400016D339AFD9A577E34139329
:108AC0009079BA1BEA307E3413919079BC1BEA305E
:108AD0007E3413929079BE1BEA307E34FFFF90798A
:108AE000C01BEA307E3400017E2400037E146C003B
:108AF0007E0402DC9AFC7EB27E3400747E24000187
:108B000074017E1400109AFD40E77E3400577E24E5
:108B1000000174017E1400109AFD40E77E340025A8
:108B20006D22E47E1400029AFD40E77E340057E493
:108B30009AFD3D417E1403E8908336693E00020BA6
:108B4000EA209AFDCFE07E14000A9AFDCFD79AFC66
:108B5000FECF7E34005774019AFD3D417E1403E838
:108B6000908336693E00020BEA209AFDCFE07E1426
:108B700000649AFDCFD79AFCFECF6D33905D581BF1
:108B8000EA30128022908063F0908063E0BEB000F3
:108B9000782D12808E90805B693E00020BEA204D9A
:108BA00023681C90805B691E00020BEA0090805FC6
:108BB000693E00020BEA209AFD82F8908063F090F3
:108BC0008063E0AA9080C01BEA20793E000290807A
:108BD000BC1BEA00791E00029080C0695E00020B97
:108BE000EA409080BC691E00020BEA002E140007C8
:108BF000693000020B0A202F12793000021B0A2074
:108C000080339080BC693E00020BEA202E340013B2
:108C1000695100020B1A409080BC691E00020BEAE9
:108C2000002E140007693000020B0A209F127930D1
:108C300000021B0A209080BC693E00020BEA202E35
:108C4000340007691100020B1A009080BC695E00B5
:108C5000020BEA402E540013693200020B2A20BF97
:108C600010289F229080C81BEA20793E0002908045
:108C7000C41BEA00791E00029080C8695E00020BE6
:108C8000EA409080C4691E00020BEA002E14000B1B
:108C9000693000020B0A202F12793000021B0A20D3
:108CA00080339080C4693E00020BEA202E3400130A
:108CB000695100020B1A409080C4691E00020BEA41
:108CC000002E14000B693000020B0A209F1279302D
:108CD00000021B0A209080C4693E00020BEA202E8D
:108CE00034000B691100020B1A009080C4695E0009
:108CF000020BEA402E540013693200020B2A20BFF7
:108D000010289F229081D11BEA00791E00026D334A
:108D10009081D51BEA309081D1693E00020BEA2098
:108D20004D23680474018001E47E145FD67E040044
:108D3000FE7E3400579AFDFE989081D1693E000274
:108D40000BEA207E1BB0BEB000680D7E340001909F
:108D500081D51BEA30028E8774019081D1691E0093
:108D6000020BEA007E0B704C7B7A0B709F009081A7
:108D7000D1693E00020BEA202E340007791100026F
:108D80001B1A009F009081D1693E00020BEA202E41
:108D900034000B791100021B1A009081D1693E004A
:108DA000020BEA202E340013691100020B1A009006
:108DB00081D1693E00020BEA202E34000F791100A8
:108DC000021B1A009081D1693E00020BEA200B348D
:108DD0000B1A301B34683C1B34686B0B356803027C
:108DE0008E799081D1691E00020BEA002E140013C7
:108DF000693000020B0A209081D1695E00020BEA03
:108E0000402E540003691200020B2A00E49AFCFF72
:108E1000DD80669081D1691E00020BEA002E1400ED
:108E200013693000020B0A203E349081D1695E0044
:108E3000020BEA402E540003691200020B2A00E4E0
:108E40009AFCFFDD80339081D1691E00020BEA009D
:108E50002E140013693000020B0A203E343E349079
:108E600081D1695E00020BEA402E540003691200B2
:108E7000020B2A00E49AFCFFDDE49081D1693E00F8
:108E8000020BEA207A1BB09081D50BEA30AA9083BE
:108E90003A1BEA00791E000290833A693E00020BF9
:108EA000EA204D23680474018001E47E145FD67EBD
:108EB0000400FE7E3400789AFDFE9890833A693E65
:108EC00000020BEA202E34000F691100020B1A0079
:108ED00090833A695E00020BEA402E540013693217
:108EE00000020B2A209F10AA907A771BEA20793E75
:108EF0000002907A731BEA00791E00026D33907AAB
:108F00007F1BEA309F11907A81793E00021BEA2094
:108F1000907A73693E00020BEA204D2368047401C5
:108F20008001E47E145FD67E0400FE7E3400B49A95
:108F3000FDFE98907A77693E00020BEA204D237877
:108F40000D7E340003907A7F1BEA30029493907A6E
:108F500073693E00020BEA207E1B700A377E2400F4
:108F6000055D236D33BD23680D7E340004907A7F48
:108F70001BEA300294937404907A73691E00020B0A
:108F8000EA007E0B704C7B7A0B70907A73693E001E
:108F9000020BEA202E34000F691100020B1A009018
:108FA0007A7B693E00020BEA20BF10280302947509
:108FB000907A73693E00020BEA202E340007691193
:108FC00000020B1A00907A73695E00020BEA402ED1
:108FD000540013693200020B2A209F10907A817985
:108FE0003E00021BEA20907A81691E00020BEA0013
:108FF000907A7B693E00020BEA20BF103803029290
:10900000FC907A73693E00020BEA200B340B1A3095
:109010001B3478030291101B3478030292010B3544
:10902000680302944B907A81693E00020BEA20CAE1
:1090300039907A73691E00020BEA002E140007694A
:109040003000020B0A20907A73695E00020BEA403E
:109050002E540003691200020B2A002D13907A7718
:10906000693E00020BEA209AFE29DD1BFD907A730F
:10907000691E00020BEA00907A81693E00020BEA49
:1090800020128BC4907A81693E00020BEA207D2376
:10909000907A7B691E00020BEA007D319D32CA394D
:1090A000907A73691E00020BEA002E1400076930E3
:1090B00000020B0A20907A73695E00020BEA402ED0
:1090C000540003691200020B2A002D13907A816963
:1090D0003E00020BEA207D53907A77693E00020B36
:1090E000EA202D359AFE29DD1BFD907A73691E005A
:1090F000020BEA00907A81695E00020BEA40907AE6
:109100007B693E00020BEA209F12128BC402944B33
:10911000907A81693E00020BEA203E34CA39907A87
:1091200073691E00020BEA002E140007693000026A
:109130000B0A203E34907A73695E00020BEA402EDF
:10914000540003691200020B2A002D13907A7769EC
:109150003E00020BEA209AFE29DD1BFD907A73691E
:109160001E00020BEA00907A81693E00020BEA20A1
:10917000128BC4907A81691E00020BEA00907A7B00
:10918000693E00020BEA209F103E34CA39907A7380
:10919000691E00020BEA002E140007693000020B62
:1091A0000A203E34907A73695E00020BEA402E5426
:1091B0000003691200020B2A002D13907A81693E88
:1091C00000020BEA207D533E54907A77693E0002FC
:1091D0000BEA202D359AFE29DD1BFD907A73691E5E
:1091E00000020BEA00907A81695E00020BEA40906F
:1091F0007A7B693E00020BEA209F12128BC4029414
:109200004B907A81693E00020BEA203E343E34CA1C
:1092100039907A73691E00020BEA002E1400076968
:109220003000020B0A203E343E34907A73695E00AF
:10923000020BEA402E540003691200020B2A002D93
:1092400013907A77693E00020BEA209AFE29DD1B13
:10925000FD907A73691E00020BEA00907A81693EE4
:1092600000020BEA20128BC4907A81691E00020B67
:10927000EA00907A7B693E00020BEA209F103E34A0
:109280003E34CA39907A73691E00020BEA002E142C
:109290000007693000020B0A203E343E34907A7396
:1092A000695E00020BEA402E540003691200020BB3
:1092B0002A002D13907A81693E00020BEA207D532B
:1092C0003E543E54907A77693E00020BEA202D35D9
:1092D0009AFE29DD1BFD907A73691E00020BEA00DD
:1092E000907A81695E00020BEA40907A7B693E00C9
:1092F000020BEA209F12128BC402944B907A73697E
:109300003E00020BEA200B340B1A301B3468701B32
:109310003478030293E40B35680302944B907A7B14
:10932000693E00020BEA20CA39907A73691E000276
:109330000BEA002E140007693000020B0A20907A15
:1093400073695E00020BEA402E54000369120002AA
:109350000B2A002D13907A77693E00020BEA209ABF
:10936000FE29DD1BFD907A73691E00020BEA009056
:109370007A7B693E00020BEA20128BC402944B9068
:109380007A7B693E00020BEA203E34CA39907A7338
:10939000691E00020BEA002E140007693000020B60
:1093A0000A203E34907A73695E00020BEA402E5424
:1093B0000003691200020B2A002D13907A77693E90
:1093C00000020BEA209AFE29DD1BFD907A73691ECC
:1093D00000020BEA00907A7B693E00020BEA201241
:1093E0008BC48067907A7B693E00020BEA203E3492
:1093F0003E34CA39907A73691E00020BEA002E14BB
:109400000007693000020B0A203E343E34907A7324
:10941000695E00020BEA402E540003691200020B41
:109420002A002D13907A77693E00020BEA209AFEFB
:1094300029DD1BFD907A73691E00020BEA00907A09
:109440007B693E00020BEA20128BC4907A7B695E36
:1094500000020BEA40907A73691E00020BEA002EAC
:1094600014000F693000020B0A209F1279300002AD
:109470001B0A20800A7E340005907A7F1BEA307434
:10948000FB907A73691E00020BEA007E0B705C7B16
:109490007A0B70907A7F0BEA30AA9078FB1BEA2057
:1094A000793E00029078F71BEA00791E00026D33C6
:1094B0009079051BEA309F11907907793E00021BD5
:1094C000EA209F1190790B793E00021BEA209078E8
:1094D000F7693E00020BEA204D2368047401800105
:1094E000E47E145FD67E0400FE7E3401679AFDFEA2
:1094F000989078FF693E00020BEA204D23680474BF
:10950000018001E47E145FD67E0400FE7E34016893
:109510009AFDFE989078FB693E00020BEA204D23ED
:10952000780D7E3400039079051BEA300299AE90E5
:1095300078F7693E00020BEA207E1B700A377E2412
:1095400000035D236D33BD23682890790B691E00ED
:10955000020BEA009078FF693E00020BEA207911C5
:1095600000021B1A007E3400069079051BEA3002C7
:109570009A509078F7691E00020BEA009AFD8E8ED1
:1095800090790B793E00021BEA209078FF693E003B
:10959000020BEA20691100020B1A0090790B693E58
:1095A00000020BEA20BF01284A90790B691E0002D5
:1095B0000BEA009078FF693E00020BEA2079110067
:1095C000021B1A007E3400079079051BEA3090795F
:1095D0000B693E00020BEA204D23781774F7907850
:1095E000F7691E00020BEA007E0B705C7B7A0B7041
:1095F000029A5074089078F7691E00020BEA007E08
:109600000B704C7B7A0B709078F7693E00020BEA86
:10961000202E34000B691100020B1A009078F769B4
:109620005E00020BEA402E540013693200020B2A3E
:10963000209F10907907793E00021BEA209078FF66
:10964000693E00020BEA20691100020B1A009079B2
:1096500007693E00020BEA20BF01280302978890A9
:1096600078F7693E00020BEA200B340B1A301B34EA
:1096700068621B34780302972C0B35680302999AB1
:109680009078FF691E00020BEA00693000020B0AA5
:1096900020CA399078F7691E00020BEA002E1400E8
:1096A0000B693000020B0A207D139078F7695E0089
:1096B000020BEA402E540003693200020B2A202DCF
:1096C000319078FB691E00020BEA009AFE29DD1B2F
:1096D000FD02999A9078FF691E00020BEA0069303A
:1096E00000020B0A203E34CA399078F7691E000246
:1096F0000BEA002E14000B693000020B0A207D13C8
:109700003E149078F7695E00020BEA402E54000385
:10971000693200020B2A202D319078FB691E00026D
:109720000BEA009AFE29DD1BFD02999A9078FF69E9
:109730001E00020BEA00693000020B0A203E343E94
:1097400034CA399078F7691E00020BEA002E140023
:109750000B693000020B0A207D133E143E149078F2
:10976000F7695E00020BEA402E54000369320002E2
:109770000B2A202D319078FB691E00020BEA009A1B
:10978000FE29DD1BFD02999A9078F7693E00020BD5
:10979000EA200B340B1A301B34780302984B1B342D
:1097A00078030298F00B35680302999A907907695B
:1097B0003E00020BEA20CA399078F7691E00020BBE
:1097C000EA002E14000B693000020B0A207D139072
:1097D00078F7695E00020BEA402E540003693200FC
:1097E000020B2A202D319078FB691E00020BEA0043
:1097F0009AFE29DD1BFD9078FF691E00020BEA002E
:10980000693000020B0A20907907691E00020BEAFA
:10981000007D219D32CA39907907693E00020BEA2A
:10982000209078FB691E00020BEA002D139078F758
:10983000695E00020BEA402E540003693200020BFD
:109840002A209AFE29DD1BFD02999A907907693E2C
:1098500000020BEA203E34CA399078F7691E0002F4
:109860000BEA002E14000B693000020B0A207D1356
:109870003E149078F7695E00020BEA402E54000314
:10988000693200020B2A202D319078FB691E0002FC
:109890000BEA009AFE29DD1BFD9078FF691E00028D
:1098A0000BEA00693000020B0A20907907691E005C
:1098B000020BEA009F103E34CA39907907693E00D6
:1098C000020BEA203E349078FB691E00020BEA008E
:1098D0002D139078F7695E00020BEA402E540003C6
:1098E000693200020B2A209AFE29DD1BFD02999A9B
:1098F000907907693E00020BEA203E343E34CA39B3
:109900009078F7691E00020BEA002E14000B6930F4
:1099100000020B0A207D133E143E149078F7695E16
:1099200000020BEA402E540003693200020B2A2089
:109930002D319078FB691E00020BEA009AFE29DDAA
:109940001BFD9078FF691E00020BEA0069300002DF
:109950000B0A20907907691E00020BEA009F103E57
:10996000343E34CA39907907693E00020BEA203E42
:10997000343E349078FB691E00020BEA002D1390F0
:1099800078F7695E00020BEA402E5400036932004A
:10999000020B2A209AFE29DD1BFD74F79078F769E7
:1099A0001E00020BEA007E0B705C7B7A0B706D224E
:1099B0009079030BEA30BD326803029A509078F731
:1099C000693E00020BEA207E1BB0BEB00B780C7E15
:1099D0003400029079051BEA30807574029078F7A4
:1099E000691E00020BEA007E0B704C7B7A0B7090B4
:1099F00078F7691E00020BEA009078FF695E0002AA
:109A00000BEA40693200020B2A20128C649078FF26
:109A1000693E00020BEA20695100020B1A4090785F
:109A2000F7691E00020BEA002E14000F69300002D5
:109A30000B0A202F12793000021B0A2074FD907847
:109A4000F7691E00020BEA007E0B705C7B7A0B70DC
:109A50009079050BEA30AA907C331BEA30907C2F7A
:109A60001BEA00791E0002907C2F693E00020BEA7F
:109A7000204D23680474018001E47E145FD67E04C7
:109A800000FE7E3402259AFDFE98907C35691E000A
:109A9000020BEA00907C2F693E00020BEA202E3474
:109AA0000003791100021B1A00E4907C2F693E002C
:109AB000020BEA207A1BB0907C330BEA10907C2FCB
:109AC000693E00020BEA200B341B1A109F00907CA9
:109AD0002F693E00020BEA202E34000779110002A4
:109AE0001B1A009F00907C2F693E00020BEA202E7B
:109AF00034000B791100021B1A00907C39691E009A
:109B0000020BEA00907C2F693E00020BEA202E3403
:109B1000000F791100021B1A00907C39691E0002A7
:109B20000BEA00907C2F693E00020BEA202E3400E5
:109B300013791100021B1A006D33AA90843B7AEB53
:109B40007090843AF0C3C2B47E34000290843AE04C
:109B500090843B7EEB509AFC86BED3D2B422908098
:109B60008D1BEA20793E00029080891BEA00791E55
:109B70000002908088F0C3C2B490808D693E0002DC
:109B80000BEA20907ECA793E00021BEA207E340058
:109B900002908088E0908089691E00020BEA009A9A
:109BA000FC86EBD3D2B42290843CF0C3C2B47E34A2
:109BB000000290843C7EEBA074804CBA9AFC898FA2
:109BC00090843DF0D3D2B490843DE0229080961BE7
:109BD000EA20793E00029080921BEA00791E000282
:109BE000908091F0C3C2B4908096693E00020BEA67
:109BF00020907ED5793E00021BEA207E3400029040
:109C000080917EEBA074804CBA908092691E000215
:109C10000BEA009AFC89B3D3D2B422907ABB1BEA38
:109C200030907ABB0BEA207E347C005D32907AC1A2
:109C30001BEA30907ABB0BEA306D227D237E3480A4
:109C4000005D326D227D236D33907ABD793E000236
:109C50001BEA20907AC10BEA302E3484007803028C
:109C60009D312E347C006803029D5C907ABB0BEA28
:109C7000207E3403FF5D32907ACB1BEA306D229058
:109C80007ACB0BEA30BD32780D907ABD693E000286
:109C90000BEA20029D87907ACB0BEA303E341BEA18
:109CA00030801A907ACB0BEA303E341BEA30907A3F
:109CB000C10BEA207E3400012D321BEA306D229068
:109CC0007ACB0BEA107E3404005D31BD3268D4904B
:109CD0007AC10BEA207E3400709D326D2274172FFA
:109CE000111478FB907AC3793E00021BEA20907A27
:109CF000CB0BEA207E3403FF5D326D22740D2F11F1
:109D00001478FB907AC7793E00021BEA20907AC350
:109D1000693E00020BEA20907ABD691E00020BEA40
:109D2000002F01907AC7693E00020BEA202F1080B5
:109D300056907ABB0BEA007E1403FF5D106D007431
:109D40000D2F001478FB6D557E447F80907ABD699D
:109D50003E00020BEA202F122F10802B907ABB0BB3
:109D6000EA207E347FFF5D326D227E14C0007E04C7
:109D700000012F01740D2F001478FB907ABD693E0D
:109D800000020BEA202F10229078451BEA20793E32
:109D900000029078411BEA00791E00029F11907822
:109DA00049793E00021BEA20907845693E00020B8B
:109DB000EA200B1A30129C1B90784D793E00021B52
:109DC000EA20907845693E00020BEA200B350B1A19
:109DD00030129C1B7F017E3478517E240001791162
:109DE00000021B1A00907845693E00020BEA200B26
:109DF000360B1A30129C1B7F017E3478557E24006E
:109E000001791100021B1A00907845693E00020B8F
:109E1000EA202E3400060B1A30129C1B7F017E3480
:109E200078597E240001791100021B1A00907851A4
:109E3000691E00020BEA00907851693E00020BEAAD
:109E4000209AFDC5767F7190784D691E00020BEA5D
:109E50000090784D693E00020BEA209AFDC5767F9E
:109E6000079AFDC4BE7F71907855691E00020BEA07
:109E700000907855693E00020BEA209AFDC5767F76
:109E8000017F179AFDC4BE7F71907859691E000248
:109E90000BEA00907859693E00020BEA209AFDC552
:109EA000767F017F179AFDC4BE907849793E000203
:109EB0001BEA20907849693E00020BEA209AFDC710
:109EC000B2907849793E00021BEA207E14126F7E20
:109ED000043A83907849693E00020BEA209AFDC655
:109EE000973803029FD29F00907859693E00020B79
:109EF000EA209AFDC6975010907849693E00020BFF
:109F0000EA209AFDC6DD800A907849693E00020B7E
:109F1000EA20907849793E00021BEA20907849694E
:109F20001E00020BEA00907851693E00020BEA2005
:109F30009AFDC6167F01907841693E00020BEA2027
:109F4000791100021B1A00907849691E00020BEA81
:109F500000907855693E00020BEA209AFDC6167FF4
:109F600001907841693E00020BEA200B367911001E
:109F7000021B1A00907849691E00020BEA009078D3
:109F80004D693E00020BEA209AFDC6167F019078CB
:109F900041693E00020BEA202E34000879110002CC
:109FA0001B1A00907849691E00020BEA009078594C
:109FB000693E00020BEA209AFDC6167F01907841A7
:109FC000693E00020BEA202E34000C791100021BBE
:109FD0001A00229075571BEA20793E0002907553B3
:109FE0001BEA00791E0002907553693E00020BEADD
:109FF00020691100020B1A00907553695E00020B74
:10A00000EA40693200020B2A209AFDC57690756FEE
:10A01000793E00021BEA20907553693E00020BEA6C
:10A02000200B36691100020B1A00907553695E000F
:10A03000020BEA400B56693200020B2A209AFDC53A
:10A0400076907573793E00021BEA20907553693E45
:10A0500000020BEA202E340008691100020B1A00DE
:10A06000907553695E00020BEA402E540008693275
:10A0700000020B2A209AFDC576907577793E000282
:10A080001BEA20907553693E00020BEA202E340033
:10A0900008691100020B1A00907553695E00020BEB
:10A0A000EA40693200020B2A209AFDC5767F719042
:10A0B0007553693E00020BEA202E34000C69110032
:10A0C000020B1A00907553695E00020BEA400B56B2
:10A0D000693200020B2A209AFDC5767F079AFDC4DB
:10A0E000BE7F016D337E2440009AFDC576CA1B9069
:10A0F000756F691E00020BEA00907573693E0002DD
:10A100000BEA209AFDC4BE7F016D337E2440009A85
:10A11000FDC5767F016D337E243F809AFDC4BB7FF1
:10A1200001DA1B9AFE291C907563793E00021BEA36
:10A1300020907553693E00020BEA202E3400086916
:10A140001100020B1A00907553695E00020BEA4081
:10A150000B56693200020B2A209AFDC5767F71905A
:10A160007553693E00020BEA202E34000C69110081
:10A17000020B1A00907553695E00020BEA406932C7
:10A1800000020B2A209AFDC5767F079AFDC4BB7F8B
:10A19000016D337E2440009AFDC5769AFDC8449A2D
:10A1A000FDC6DD907567793E00021BEA209075536D
:10A1B000693E00020BEA202E34000C691100020BEC
:10A1C0001A00907553695E00020BEA402E54000895
:10A1D000693200020B2A209AFDC5767F7190755373
:10A1E000693E00020BEA200B36691100020B1A00CF
:10A1F000907553695E00020BEA40693200020B2A37
:10A20000209AFDC5767F079AFDC4BE7F016D337E1F
:10A210002440009AFDC576CA1B907577691E00021E
:10A220000BEA0090756F693E00020BEA209AFDC4AC
:10A23000BE7F016D337E2440009AFDC5767F016D9F
:10A24000337E243F809AFDC4BB7F01DA1B9AFE292E
:10A250001C90756B793E00021BEA20907563691EA5
:10A2600000020BEA006D337E2443349AFDC5767EEE
:10A27000140FDA7E0440499AFDC616907563793E44
:10A2800000021BEA20907567691E00020BEA006D50
:10A29000337E2443349AFDC5767E140FDA7E044063
:10A2A000499AFDC616907567793E00021BEA209018
:10A2B000756B691E00020BEA006D337E2443349AED
:10A2C000FDC5767E140FDA7E0440499AFDC61690CD
:10A2D000756B793E00021BEA2090756B691E0002C7
:10A2E0000BEA009F119AFDC69728166D117E044354
:10A2F000B490756B693E00020BEA209AFDC4BE80E3
:10A300000A90756B693E00020BEA2090756B793EEE
:10A3100000021BEA20907563691E00020BEA0090A0
:10A320007557693E00020BEA20791100021B1A00E2
:10A33000907567691E00020BEA0090755B693E002C
:10A34000020BEA20791100021B1A0090756B691E3E
:10A3500000020BEA0090755F693E00020BEA20796B
:10A360001100021B1A002290843E1BEA30740190F7
:10A37000843E0BEA30129B3B22E49083CBF06D339A
:10A380009083CC1BEA309083CC0BEA207E34000112
:10A390002D321BEA307E3400FFBD3250087401902C
:10A3A00083CBF08028740F129BA79083CAF07E1491
:10A3B00003E8908336693E00020BEA209AFDCFE065
:10A3C0009AFCFECF9083CAE0BEB07078B99083CB80
:10A3D000E02290730BE0BEB006785974287E148298
:10A3E0007F7E0400017E180006129BCC908280E0E4
:10A3F0000A2B7C456C5590827FE00A3B4D3290726F
:10A40000DF1BEA30908282E00A2B7C456C559082FB
:10A4100081E00A3B4D329072E11BEA30908284E089
:10A420000A2B7C456C55908283E00A3B4D3290723A
:10A43000E31BEA30AA90730BE0BEB0067859742291
:10A440007E1482857E0400017E180006129BCC904B
:10A450008286E00A2B7C456C55908285E00A3B4D54
:10A46000329072E91BEA30908288E00A2B7C456CBE
:10A4700055908287E00A3B4D329072EB1BEA309098
:10A48000828AE00A2B7C456C55908289E00A3B4D1C
:10A49000329072ED1BEA30AA90730BE0BEB00678E2
:10A4A0000302A6597E347A617E240001907A6F7986
:10A4B0003E00021BEA207E34008012A36774177EE0
:10A4C0007020129B3B74027E7031129B3BE4907AA9
:10A4D00060F080717408907A607EEB603E607E7000
:10A4E0004C2C76129B3B7409129BA77C3B907A60A4
:10A4F0007EEB207402ACB2907A6F693E00020BEAE8
:10A50000202D350B347A1B307408907A607EEB6016
:10A510003E607E704D2C76129B3B7409129BA77C8B
:10A520003B907A607EEB207402ACB2907A6F693E09
:10A5300000020BEA202D357A1B30907A607EEBA06A
:10A5400074012CBAF0907A607EEBA07404BCAB402E
:10A550008374176C77129B3B6D3312A3677E147262
:10A56000FB7E0400017E347A617E240001129D8806
:10A570007E3472E57E24000190755B793E00021BFB
:10A58000EA207E34730C7E24000190755F793E00D2
:10A59000021BEA207E1472FB7E0400017E3472F7F7
:10A5A0007E240001129FD374287E147A697E0400F1
:10A5B000017E180006129BCC907A6AE00A2B7C453B
:10A5C0006C55907A69E00A3B4D329072DF1BEA309D
:10A5D000907A6CE00A2B7C456C55907A6BE00A3BD4
:10A5E0004D329072E11BEA30907A6EE00A2B7C4586
:10A5F0006C55907A6DE00A3B4D329072E31BEA3065
:10A6000074227E147A697E0400017E180006129B73
:10A61000CC907A6AE00A2B7C456C55907A69E00A06
:10A620003B4D329072E91BEA30907A6CE00A2B7C49
:10A63000456C55907A6BE00A3B4D329072EB1BEA09
:10A6400030907A6EE00A2B7C456C55907A6DE00A6A
:10A650003B4D329072ED1BEA30AA9AFDA498AA9065
:10A6600084151BEA30E4908417F09084150BEA50AF
:10A6700090730BF07E3422979079CE1BEA307E34B3
:10A6800022959079D01BEA307E3422969079D21BA5
:10A69000EA307E34FFFF9079D41BEA307E3400022A
:10A6A0006D227E1496807E0400989AFC8D1A7E346A
:10A6B00000447E24000174017E1400109AFD40E7DE
:10A6C0007E1403E8908336693E00020BEA209AFD6F
:10A6D000CFE07E14000A9AFDCFD79AFCFECF12A3DA
:10A6E00079BEB00068157E145DDF7E0400FE9AFD21
:10A6F000C7657401908417F002A98F74017E7004FD
:10A70000129B3B7E1403E8908336693E00020BEAFD
:10A71000209AFDCFE07E14001E9AFDCFD79AFCFE52
:10A72000CF74127E7044129B3B7E3400022E3400A4
:10A730000068221B3468391B3468511B34686980F7
:10A74000007E145DB87E0400FE9AFDC7657401901A
:10A750008417F0806D74176C77129B3B7E3412E186
:10A760007E2446809072EF793E00021BEA208052E0
:10A7700074177E7001129B3B7E3412E17E244600EA
:10A780009072EF793E00021BEA20803674177E70CB
:10A7900002129B3B7E3412E17E2445809072EF7959
:10A7A0003E00021BEA20801A74177E7003129B3B46
:10A7B0007E3412E17E2445009072EF793E00021B48
:10A7C000EA20908417E0BEB001780302A98F7E349E
:10A7D00000042E34000068311B3468491B34686162
:10A7E0001B3468791B34780302A8791B3478030280
:10A7F000A89580007E145D907E0400FE9AFDC765DA
:10A800007401908417F002A8AF74156C77129B3B0B
:10A810007E3492477E2443649072F3793E00021B9B
:10A82000EA2002A8AF74157E7001129B3B7E349221
:10A83000477E2442E49072F3793E00021BEA2080B6
:10A840006E74157E7002129B3B7E34923A7E2442D7
:10A85000649072F3793E00021BEA20805274157EE8
:10A860007003129B3B7E34923A7E2441E49072F353
:10A87000793E00021BEA20803674157E7004129B1C
:10A880003B7E34923A7E2441649072F3793E00021A
:10A890001BEA20801A74157E700C129B3B7E34924A
:10A8A0003A7E2440E49072F3793E00021BEA209045
:10A8B0008417E0BEB001780302A98F74107E701572
:10A8C000129B3B74117E7018129B3B74167E7001B4
:10A8D000129B3B74187E7008129B3B9084150BEA08
:10A8E000207E340006BD23780302A98F740E7E708B
:10A8F00080129B3B74137E7008129B3B74637E70C6
:10A9000030129B3B74109084150BEA207E340003B8
:10A910002D327C677E70104C76129B3B74119084B4
:10A92000150BEA207E3400032D327C677E70104CBC
:10A9300076129B3B7E34008012A367745E90841570
:10A940000BEA303E343E343E347C677E70434C76B6
:10A95000129B3B74047E7002129B3B74176C77123F
:10A960009B3B6D3312A3677E34A65A7E2400FD9074
:10A9700067BA793E00021BEA207E3413467E24002B
:10A98000029AFDF79C7E34005374029AFDF16490A4
:10A990008417E0AA9083FE1BEA309083FDF07E14BA
:10A9A00000007E0400019083FDE09083FE0BEA30FE
:10A9B0000A369AFCC9E97E1400007E04000174F096
:10A9C0009083FE0BEA309AFCC9E9229081A11BEA30
:10A9D000309081A0F074019081A3F0E49081A4F004
:10A9E000E49081A5F0740A9081A6F002AA856D1109
:10A9F0009081A6E01A3B7E2400059AFDCF94BD21EC
:10AA0000782C7E1400007E0400019081A0E09081EB
:10AA1000A10BEA300A369AFCC9E97E1400007E04D4
:10AA2000000174F09081A10BEA309AFCC9E97E1410
:10AA300000007E0400019081A0E09AFCCA80908111
:10AA4000A4F07E1400007E04000174F09AFCCA8019
:10AA50009081A5F09081A4E00A3B7C676C7790819F
:10AA6000A5E00A2B4D239081A10BEA30BD32780777
:10AA7000E49081A3F0801A9081A67EEBA07E700105
:10AA80007CBA9CB7F09081A6E0BEB000680302A932
:10AA9000EE9081A3E022908400F07E1400007E04FA
:10AAA0000001908400E09AFCCA80908401F07E143A
:10AAB00000007E04000174F09AFCCA80908402F0C9
:10AAC000908401E00A2B7C456C55908402E00A3B9F
:10AAD0004D32229081041BEA00791E0002E490812D
:10AAE00008F06D339081091BEA30740190810BF0FE
:10AAF000745C900004F0908104691E00020BEA006F
:10AB00002E140005693000020B0A20900005793EE2
:10AB100000021BEA20908104693E00020BEA200B30
:10AB20001A309000001BEA30908104693E00020B4D
:10AB3000EA200B350B1A309000021BEA30E412AA0F
:10AB4000969081091BEA309081090BEA207E34132C
:10AB500024BD23681C9081090BEA207E341311BDAB
:10AB600023680E9081090BEA207E341313BD2378ED
:10AB700007E490810BF080139081087EEBA07401B4
:10AB80002CAB7AEBA07414BCAB28B290810BE0AA7A
:10AB90009075CB1BEA00791E00026D339075CF1BB8
:10ABA000EA306D339075D11BEA306D339075D31B4D
:10ABB000EA306D339075D51BEA306D339075D71B35
:10ABC000EA306D339075D91BEA306D339075DB1B1D
:10ABD000EA30E49075DDF0E49075DEF06D33907549
:10ABE000DF1BEA309075CB693E00020BEA202E3461
:10ABF00000060B1A309075E11BEA309075CB693E68
:10AC000000020BEA202E34000A0B1A309075E31B69
:10AC1000EA309075CB693E00020BEA202E34000E1C
:10AC20000B1A309075E51BEA309075CB693E000237
:10AC30000BEA202E3400120B1A309075E71BEA3015
:10AC40009075CB693E00020BEA202E3400160B1AD9
:10AC5000309075E91BEA309075CB693E00020BEA33
:10AC6000202E34001A0B1A309075EB1BEA309075C9
:10AC7000CB693E00020BEA202E34001E0B1A3090E6
:10AC800075ED1BEA309075CB693E00020BEA202E71
:10AC90003400220B1A309075EF1BEA3074FE7E34BC
:10ACA000BEEF12A994740C7E34000312A994E4122E
:10ACB000AA969075DF1BEA309075DF0BEA207E3490
:10ACC0001324BD2368359075DF0BEA207E34131101
:10ACD000BD2368279075DF0BEA207E341313BD2354
:10ACE00068199075DE7EEBA074012CAB7AEBA07432
:10ACF00014BCAB40B974019075DDF002B55E90757F
:10AD0000E90BEA207E340078BD2338229075E90BE8
:10AD1000EA303E343E349075D71BEA307E24000280
:10AD20009075CF0BEA304E70021BEA30804E907562
:10AD3000E90BEA207E3400F0BD2338209075E90B42
:10AD4000EA303E349075D71BEA307E2400019075BE
:10AD5000CF0BEA304E70011BEA3080209075E90B72
:10AD6000EA207E3401E0BD2338129075E90BEA3009
:10AD70009075D71BEA309075CF0BEA309075E70BD2
:10AD8000EA207E3400BCBD2338229075E70BEA3000
:10AD90003E343E349075D51BEA307E240008907511
:10ADA000CF0BEA304E70081BEA30804E9075E70BEF
:10ADB000EA207E340178BD2338209075E70BEA3015
:10ADC0003E349075D51BEA307E2400049075CF0B7D
:10ADD000EA304E70041BEA3080209075E70BEA20C1
:10ADE0007E3402F0BD2338129075E70BEA3090757F
:10ADF000D51BEA309075CF0BEA309075D50BEA2061
:10AE00007E34034E9D329000211BEA309075DF0B9B
:10AE1000EA207E341324BD23680302AF9674077EB4
:10AE200034838812A9CB7CAB9075DDE02CBAF0900E
:10AE300000210BEA309075D50BEA202D239075E99F
:10AE40000BEA107E3400022D31AD327E0800042F53
:10AE5000017E34FCC07E24019B9AFDD0339075D1D5
:10AE60001BEA309075D10BEA207E3401F4BD232813
:10AE70000A7E3401F49075D11BEA309075D10BEA4B
:10AE8000209075E50BEA30BD32280C9075D10BEAA5
:10AE9000309075E51BEA309075E50BEA106D007E89
:10AEA00034FCC07E24019B9AFDD0337E0800049FB1
:10AEB000109000210BEA009075D50BEA102D106D53
:10AEC000009AFDD0339075E90BEA209D3290008402
:10AED0001BEA309000840BEA207E347E20BD2318CC
:10AEE0000E9000840BEA207E340002BD235834907B
:10AEF00000840BEA207E340002BD2358067E340015
:10AF000002801A9000840BEA207E347E20BD230844
:10AF1000067E347E2080069000840BEA3090008408
:10AF20001BEA309075E50BEA106D007E34FCC07EA4
:10AF300024019B9AFDD0337E0800049F109000846A
:10AF40000BEA009075E90BEA102D106D009AFDD008
:10AF5000339075D50BEA209D329000211BEA30908A
:10AF600000210BEA207E34003DBD2358067E3400CC
:10AF70003D801A9000210BEA207E3403FFBD230898
:10AF8000067E3403FF80069000210BEA30900021FA
:10AF90001BEA3002B0FA9000210BEA309075D50B15
:10AFA000EA202D239075E90BEA107E3400042D3140
:10AFB000AD327E0800042F017E34FCC07E24019B4C
:10AFC0009AFDD0339075D11BEA309075D10BEA20F1
:10AFD0007E3401F4BD23280A7E3401F49075D11B20
:10AFE000EA309075D10BEA209075E50BEA30BD325E
:10AFF000280C9075D10BEA309075E51BEA309075FE
:10B00000E50BEA106D007E34FCC07E24019B9AFDA6
:10B01000D0337E0800049F109000210BEA00907549
:10B02000D50BEA102D106D009AFDD0339075E90B09
:10B03000EA209D329000841BEA309000840BEA20C5
:10B040007E340BB8BD23180E9000840BEA207E34AA
:10B050000004BD2358349000840BEA207E340004A1
:10B06000BD2358067E340004801A9000840BEA2029
:10B070007E340BB8BD2308067E340BB880069000E2
:10B08000840BEA309000841BEA309075E50BEA10DF
:10B090006D007E34FCC07E24019B9AFDD0337E0877
:10B0A00000049F109000840BEA009075E90BEA10F1
:10B0B0002D106D009AFDD0339075D50BEA209D328E
:10B0C0009000211BEA309000210BEA207E34002BF7
:10B0D000BD2358067E34002B801A9000210BEA20F5
:10B0E0007E3403FFBD2308067E3403FF80069000F4
:10B0F000210BEA309000211BEA309000840BEA30EB
:10B100009075E90BEA202D237E3400029D23907573
:10B11000E30BEA30BD32281A9000840BEA209075C8
:10B12000E90BEA302D327E2400029D329075E31B3C
:10B13000EA309075D50BEA207E3402F09D321E3441
:10B140009075D31BEA309075D30BEA306D229D23A6
:10B150009075EB0BEA30BD32580E9075D30BEA3088
:10B160006E34FFFF0B34801E9075D30BEA20907570
:10B17000EB0BEA30BD3208089075D30BEA3080063D
:10B180009075EB0BEA309075EB1BEA307E240001E2
:10B190009075D30BEA302D321BEA309075EB0BEA39
:10B1A000306D229D239075D30BEA302D329075D9E6
:10B1B0001BEA309075D70BEA207E3401E09D321EE9
:10B1C000349075D31BEA309075D30BEA306D229D15
:10B1D000239075ED0BEA30BD32580E9075D30BEA13
:10B1E000306E34FFFF0B34801E9075D30BEA209035
:10B1F00075ED0BEA30BD3208089075D30BEA30804C
:10B20000069075ED0BEA309075ED1BEA307E240058
:10B21000049075D30BEA302D321BEA309075ED0B9C
:10B22000EA209075D30BEA302D329075DB1BEA30A3
:10B23000741B7E34000112A9CB7CAB9075DDE02C31
:10B24000BAF074019075D90BEA3012A9CB7CAB909F
:10B2500075DDE02CBAF074029075DB0BEA3012A9B0
:10B26000CB7CAB9075DDE02CBAF074039075D70BF6
:10B27000EA3012A9CB7CAB9075DDE02CBAF07404F7
:10B280009075D50BEA3012A9CB7CAB9075DDE02C24
:10B29000BAF074059000210BEA3012A9CB7CAB9078
:10B2A00075DDE02CBAF074069000840BEA3012A928
:10B2B000CB7CAB9075DDE02CBAF0740A7E3401646F
:10B2C00012A9CB7CAB9075DDE02CBAF074087E340B
:10B2D00001BB12A9CB7CAB9075DDE02CBAF07409F0
:10B2E0007E3401D912A9CB7CAB9075DDE02CBAF08D
:10B2F0006D229075E10BEA30BD327814740B9075B5
:10B30000E30BEA3012A9CB7CAB9075DDE02CBAF0F0
:10B31000740D9075CF0BEA207E3403304D3212A9A4
:10B32000CB7CAB9075DDE02CBAF074317E34002715
:10B3300012A9CB7CAB9075DDE02CBAF074327E3470
:10B34000001A12A9CB7CAB9075DDE02CBAF07433F7
:10B350007E34000512A9CB7CAB9075DDE02CBAF0F1
:10B3600074359075EF0BEA3012A9CB7CAB9075DD8C
:10B37000E02CBAF09075DF0BEA207E341324BD2355
:10B38000786474729075CF0BEA207E340004BD326D
:10B3900038067E34000180026D333E343E343E3444
:10B3A0003E3412A9CB7CAB9075DDE02CBAF0740F63
:10B3B0007E34010112A9CB7CAB9075DDE02CBAF094
:10B3C00074477E34008112A9CB7CAB9075DDE02CF4
:10B3D000BAF074487E3400EC12A9CB7CAB9075DDDA
:10B3E000E02CBAF08036740F7E34001112A9CB7CA9
:10B3F000AB9075DDE02CBAF074477E34008112A961
:10B40000CB7CAB9075DDE02CBAF074487E3400E75D
:10B4100012A9CB7CAB9075DDE02CBAF074077E34BA
:10B42000038812A9CB7CAB9075DDE02CBAF0741CBC
:10B430007E34030312A9CB7CAB9075DDE02CBAF00F
:10B44000742C7E34000312A9CB7CAB9075DDE02C0C
:10B45000BAF06D229075E10BEA30BD32781374AF0B
:10B460006D3312A9CB7CAB9075DDE02CBAF002B540
:10B470002F74A59075E10BEA3012A9CB7CAB9075C7
:10B48000DDE02CBAF074A67E34000212A9CB7CABAE
:10B490009075DDE02CBAF074A87E34000212A9CBBE
:10B4A0007CAB9075DDE02CBAF074B0CAB89075E949
:10B4B0000BEA209075E70BEA30AD327E0800049A63
:10B4C000FDD0336D117E040001BF1058189075E94E
:10B4D0000BEA209075E70BEA30AD327E0800049A43
:10B4E000FDD03380047E18FFFFDAB812A9CB7CAB05
:10B4F0009075DDE02CBAF074AE7E34001412A9CB46
:10B500007CAB9075DDE02CBAF074AF7E3401011293
:10B51000A9CB7CAB9075DDE02CBAF074AD9075E3EF
:10B520000BEA3012A9CB7CAB9075DDE02CBAF09021
:10B5300075E10BEA309000A51BEA309075E30BEA49
:10B54000309000631BEA309075E90BEA30900042BE
:10B550001BEA3074FE7E34DEAD12A994800C907527
:10B56000DDE0BEB000780302ACFE9075DDE0AA908D
:10B5700084031BEA307401908405F09000420BEACA
:10B58000309000840BEA202D237E3400029D23900E
:10B5900084030BEA30BD3228169000420BEA20905B
:10B5A00000840BEA302D327E2400029D328006900A
:10B5B00084030BEA309000631BEA3074FE7E34BED5
:10B5C000EF12A9949000A50BEA206D33BD23680407
:10B5D00074AD8002740B9000630BEA3012A9CB901B
:10B5E0008405F074FE7E34DEAD12A994908405E0EB
:10B5F000AA9083A71BEA309083A6F074019083A9D8
:10B60000F074FE7E34BEEF12A9949083A6E090837E
:10B61000A70BEA3012A9CB9083A9F074FE7E34DE2A
:10B62000AD12A9949083A9E0AAE47E34FA727E2434
:10B63000007E7A1BB074019000C6F0AAA2B3E43376
:10B64000BEB0017820D3D2C1D3D2FBC3C2C3C3C220
:10B65000B7D3D2B7C3C2B7D3D2B7D3D2C3740190D2
:10B6600000E7F080219000E7E0BEB0006813C3C29D
:10B67000C174897E34FA717E24007E7A1BB0C3C205
:10B68000FBE49000E7F0AA907EE1F0907EDD1BEAFB
:10B6900020793E0002907ED91BEA00791E00027ECE
:10B6A0001460AB7E0400FE9AFDC7657E14FE507EDA
:10B6B00004007E7E0B707A0B70E47E34FE517E2493
:10B6C000007E7A1BB074207E14FE517E04007E7EC4
:10B6D0000B704C7B7A0B707E14FE517E04007E7ED4
:10B6E0000B707A0B707E14FE517E04007E7E0B7010
:10B6F0007A0B70E47E34FE537E24007E7A1BB07495
:10B70000907E34FE527E24007E7A1BB0907EE1E073
:10B710007E34FE567E24007E7A1BB0907EE27EEB65
:10B72000303E303E307E20804C23907EE37EEB30F6
:10B730004C327E34FA707E24007E7A1B30E47E34F4
:10B74000FA727E24007E7A1BB07E080001907EDDB6
:10B75000693E00020BEA209F107D130A127E34FA24
:10B76000867E24007E7A1B307E180001907EDD6983
:10B770001E00020BEA009F017E34FA737E24007ED5
:10B780007A1B30907ED9693E00020BEA207D130AB5
:10B79000127E34FA777E24007E7A1B30907ED9693F
:10B7A0003E00020BEA207D137E34FA787E24007E70
:10B7B0007A1B30E47E34FA7E7E24007E7A1BB0E46D
:10B7C0007E34FA7F7E24007E7A1BB0AA9080A71B6D
:10B7D000EA20793E00029080A31BEA00791E000255
:10B7E000E49080ABF0801D9080A3693E00020BEADC
:10B7F000207E1BA00B34793E00021BEA209080AB18
:10B80000E02CBAF09080A7693E00020BEA207E2867
:10B8100000017F019F02791E00021BEA004D237880
:10B82000C69080ABE022907C191BEA20907C18F037
:10B83000907C141BEA00791E0002907C121BEA30F7
:10B840009F11907C1D793E00021BEA2074AA906C27
:10B850001CF07402906C1DF0907C14693E00020B89
:10B86000EA204D2368046D3380047E3400013E34A9
:10B870003E343E343E34907C120BEA2074053E2464
:10B880001478FB7CA54CA7907C18E04CBA906C1EF9
:10B89000F07408906C1FF0907C190BEA307C676C98
:10B8A000777E24FF005D23907C190BEA300A364D29
:10B8B00032906C201BEA30907C1B0BEA307C676C6A
:10B8C000777E24FF005D23907C1B0BEA300A364D07
:10B8D00032906C221BEA307E146C1C7E0400017EC8
:10B8E000180008908178695E00020BEA4099289060
:10B8F0007C120BEA301B35682A1B3468420B357802
:10B900005A907C1B0BEA30907C190BEA20AD321E5A
:10B91000341E341E346D22907C1D793E00021BEAD9
:10B92000208038907C1B0BEA30907C190BEA20AD0C
:10B93000326D22907C1D793E00021BEA20801C9013
:10B940007C1B0BEA30907C190BEA20AD323E346D43
:10B9500022907C1D793E00021BEA20907C14693EF7
:10B9600000020BEA204D236820907C14691E00021F
:10B970000BEA00907C1D693E00020BEA2090817862
:10B98000695E00020BEA409928AA907FB51BEA2065
:10B99000907FB11BEA00791E0002907FAF1BEA3056
:10B9A00074AA906B67F07403906B68F07408906BE6
:10B9B0006AF0907FAF0BEA30906BDA1BEA30907F31
:10B9C000B1693E00020BEA20906BD2793E00021B67
:10B9D000EA20907FB50BEA30906BD61BEA30907F5F
:10B9E000B70BEA30906BD81BEA30AA9074D91BEAE7
:10B9F00000791E0002E49074DDF0E49074DEF07EC5
:10BA0000345B037E2400FE7E1474DF7E0400017428
:10BA1000249AFDD0699074D9693E00020BEA200B8C
:10BA2000347E1BA0740F5CBA9074E0F0E49074DE76
:10BA3000F002BB179074DE7EEB707404ACB79074A8
:10BA4000D9693E00020BEA202D352E3400077E1BFB
:10BA5000509074DE7EEB407404ACB47E3474E32DFD
:10BA6000357A71827A61837AEB509074DE7EEB7066
:10BA70007404ACB79074D9693E00020BEA202D35EE
:10BA80002E3400067E1B309074DE7EEB207404ACF6
:10BA9000B27E3474E32D357E2400010B347A1B30E2
:10BAA0009074DE7EEB707404ACB79074D9693E007C
:10BAB000020BEA202D352E3400057E1B309074DEFB
:10BAC0007EEB207404ACB27E3474E32D357E24000A
:10BAD000010B357A1B309074DE7EEB707404ACB7CA
:10BAE0009074D9693E00020BEA202D350B367E1B7F
:10BAF000309074DE7EEB207404ACB27E3474E32D9F
:10BB0000357E2400012E3400037A1B309074DE7ED3
:10BB1000EBA074012CBAF09074E07EEBA09074DE80
:10BB2000E0BCBA500302BA3474AA9074DFF0907487
:10BB3000E0E00A5B7E4400089D453E443E447E545E
:10BB400000249D549074DDF09074DDE09074E2F078
:10BB50007EA0109074E0E04CBAF0E49074E1F07EC6
:10BB60001474DF7E0400019074DDE00A3B6D221244
:10BB7000B7CC9074E1F09074DDE00A3B6D227E1446
:10BB800074DF7E040001908178695E00020BEA4058
:10BB90009928AA9081CA1BEA00791E00026D339091
:10BBA00081CF1BEA30906B6B0BEA309081CF1BEAA0
:10BBB000309081CF0BEA307C676C777E24FF005D8C
:10BBC000239081CF0BEA300A364D329081CF1BEAA9
:10BBD00030906B69E00A3B7E2400205D236D33BD0D
:10BBE00023680F7E3400029081CF0BEA20AD321B18
:10BBF000EA307E146B677E0400017E180008908195
:10BC000078695E00020BEA409928E49081CEF00248
:10BC1000BCD19081CE7EEB707404ACB79081CA69C0
:10BC20001E00020BEA002D152E14000A69300002D6
:10BC30000B0A204D2368359081CE7EEB707404ACE6
:10BC4000B79081CA693E00020BEA202D352E3400E0
:10BC50000A691100020B1A009081CF0BEA306D22A5
:10BC6000908178695E00020BEA4099289081CE7E2F
:10BC7000EB707404ACB79081CA691E00020BEA0035
:10BC80002D152E14002A693000020B0A204D23685E
:10BC9000359081CE7EEB707404ACB79081CA693E5A
:10BCA00000020BEA202D352E34002A691100020B08
:10BCB0001A009081CF0BEA306D22908178695E0086
:10BCC000020BEA4099289081CE7EEBA074012CBA39
:10BCD000F09081CE7EEBA07408BCAB500302BC1286
:10BCE000AA9077B11BEA00791E00029077AF1BEA99
:10BCF000209077AD1BEA30E49077C9F0E49077CAE2
:10BD0000F0E49077CBF09077AF0BEA307C676C77FC
:10BD10007E24FF005D239077AF0BEA300A364D3268
:10BD2000906B6B1BEA30E4906B6DF0E49077C9F098
:10BD300080499F009077C97EEB707404ACB77E3465
:10BD40006BDC2D357A71827A6183791E00021BEAE1
:10BD5000009F009077C97EEB707404ACB77E346BA3
:10BD6000FC2D357A71827A6183791E00021BEA000C
:10BD70009077C97EEBA074012CBAF09077C97EEB66
:10BD8000A07403BCAB40AB9077AD0BEA301B3478AA
:10BD90000302BEA91B34780302BFB00B356803024F
:10BDA000C15E9077B1693E00020BEA204D236841E5
:10BDB0009077CA7EEBA074012CBAF07EA001906B44
:10BDC0006DE04CBAF09077B1691E00020BEA00906A
:10BDD00077C97EEB7074012CB7F07404ACB77E3475
:10BDE0006BDC2D357A71827A6183791E00021BEA41
:10BDF000009077B5693E00020BEA204D2368419020
:10BE000077CA7EEBA074012CBAF07EA002906B6D15
:10BE1000E04CBAF09077B5691E00020BEA0090770B
:10BE2000C97EEB7074012CB7F07404ACB77E346B30
:10BE3000DC2D357A71827A6183791E00021BEA005B
:10BE40009077B9693E00020BEA204D236841907754
:10BE5000CA7EEBA074012CBAF07EA004906B6DE05A
:10BE60004CBAF09077B9691E00020BEA009077C9CE
:10BE70007EEB7074012CB7F07404ACB77E346BDCCD
:10BE80002D357A71827A6183791E00021BEA009057
:10BE90006BD80BEA207E3400FFBD32400302C15E46
:10BEA00074019077CBF002C15E9077BD693E0002CD
:10BEB0000BEA204D2368419077CA7EEBA074012CD9
:10BEC000BAF07EA001906B6DE04CBAF09077BD693E
:10BED0001E00020BEA009077C97EEB7074012CB74C
:10BEE000F07404ACB77E346BFC2D357A71827A61C4
:10BEF00083791E00021BEA009077C1693E00020BA5
:10BF0000EA204D2368419077CA7EEBA074012CBAD9
:10BF1000F07EA002906B6DE04CBAF09077C1691E84
:10BF200000020BEA009077C97EEB7074012CB7F029
:10BF30007404ACB77E346BFC2D357A71827A6183E0
:10BF4000791E00021BEA009077C5693E00020BEAE9
:10BF5000204D2368419077CA7EEBA074012CBAF083
:10BF60007EA004906B6DE04CBAF09077C5691E001E
:10BF7000020BEA009077C97EEB7074012CB7F07465
:10BF800004ACB77E346BFC2D357A71827A6183798B
:10BF90001E00021BEA00906BD60BEA207E3400FFE5
:10BFA000BD32400302C15E74019077CBF002C15EE6
:10BFB0009077B1693E00020BEA204D2368769077B6
:10BFC000BD693E00020BEA204D2368689077CA7E67
:10BFD000EBA074012CBAF07EA001906B6DE04CBA1E
:10BFE000F09077B1691E00020BEA009077C97EEBF2
:10BFF000707404ACB77E346BDC2D357A71827A6153
:10C0000083791E00021BEA009077BD691E00020BB7
:10C01000EA009077C97EEB7074012CB7F07404AC21
:10C02000B77E346BFC2D357A71827A6183791E007C
:10C03000021BEA009077B5693E00020BEA204D230F
:10C0400068769077C1693E00020BEA204D2368684C
:10C050009077CA7EEBA074012CBAF07EA002906BA0
:10C060006DE04CBAF09077B5691E00020BEA0090C3
:10C0700077C97EEB707404ACB77E346BDC2D357AF7
:10C0800071827A6183791E00021BEA009077C16990
:10C090001E00020BEA009077C97EEB7074012CB78A
:10C0A000F07404ACB77E346BFC2D357A71827A6102
:10C0B00083791E00021BEA009077B9693E00020BEB
:10C0C000EA204D2368769077C5693E00020BEA208E
:10C0D0004D2368689077CA7EEBA074012CBAF07E7D
:10C0E000A004906B6DE04CBAF09077B9691E000225
:10C0F0000BEA009077C97EEB707404ACB77E346BAA
:10C10000DC2D357A71827A6183791E00021BEA0088
:10C110009077C5691E00020BEA009077C97EEB702C
:10C1200074012CB7F07404ACB77E346BFC2D357AF7
:10C1300071827A6183791E00021BEA00906BD60B34
:10C14000EA207E3400FFBD32400E906BD80BEA200F
:10C150007E3400FFBD32500674019077CBF09077AB
:10C16000AD0BEA3074063E341478FB7CA79077CB95
:10C17000E0C42354E04CAB9077CAE04CBA906B69B2
:10C18000F0AAE4906D3DF09F11906D3E793E000263
:10C190001BEA207E340008906D421BEA307E345B3F
:10C1A000277E2400FE7E146D487E04000174809A70
:10C1B000FDD0699F11906DC8793E00021BEA20C333
:10C1C000C205A2AF9205C3C2AF7E146D487E0400C3
:10C1D000017E180080908174695E00020BEA40992C
:10C1E00028906D3E793E00021BEA20906D3E693E2C
:10C1F00000020BEA204D236828906D3E693E000244
:10C200000BEA20907A7B793E00021BEA207E146BB9
:10C21000937E0400017E346D487E2400019AFD8ED9
:10C22000E802C41B7E180008906D3E793E00021B98
:10C23000EA207E346D3E7E2400019078FF793E0036
:10C24000021BEA207E3400019079031BEA307E1441
:10C250006B937E0400017E346D487E2400019AFDBC
:10C26000949A7E346D487E2400017E1BB0BEB0558A
:10C2700068117E180001906D3E793E00021BEA2095
:10C2800002C3ED7E346D487E240001906D44793EFA
:10C2900000021BEA20906D44693E00020BEA202E4A
:10C2A0003400037E1BB0906D3DF0E4906D44693E18
:10C2B00000020BEA202E3400037A1BB07E146D4876
:10C2C0007E0400017E18000812B7CC7CAB906D3D57
:10C2D000E0BCBA680302C3DF906D44693E00020B04
:10C2E000EA200B367E1B30906D44693E00020BEA5B
:10C2F000200B357E1B200A227E3400019D233E2424
:10C300003E247E346BB22D327E2400012E34000395
:10C310007A1B30906D44693E00020BEA202E3400F7
:10C32000057E1B30906D44693E00020BEA200B3500
:10C330007E1B200A227E3400019D233E243E247E63
:10C34000346BB22D327E2400010B357A1B30906D98
:10C3500044693E00020BEA202E3400067E1B30901A
:10C360006D44693E00020BEA200B357E1B200A2239
:10C370007E3400019D233E243E247E346BB22D3258
:10C380007E2400010B347A1B30906D44693E00021C
:10C390000BEA202E3400077E1B50906D44691E006E
:10C3A000020BEA000B157E0BB07E4004ACB47E3469
:10C3B0006BAE2D357A71827A61837AEB507401907D
:10C3C0006D44693E00020BEA200B357E1BA00A2A51
:10C3D0007E346BA92D327A71827A6183F0800E7E71
:10C3E000180001906D3E793E00021BEA207E346DFC
:10C3F0003E7E2400019078FF793E00021BEA206D0A
:10C40000339079031BEA307E146B937E0400017E27
:10C41000346D487E2400019AFD949A7E146B937EBD
:10C420000400019AFD8E8E7F01906D420BEA306D03
:10C4300022BF10380302C224A20592AFAA906BD883
:10C440000BEA30907C1B1BEA30906BDA0BEA3090E1
:10C450006BD2691E00020BEA00906B697EEBA07440
:10C460000F5CBA906BD60BEA209AFDB826906B69E8
:10C470007EEBA0740F5CBABEB000680C7E146BD269
:10C480007E0400019AFDBB93AA7E346C247E2400B6
:10C4900001907C35793E00021BEA207E18008090D6
:10C4A0007C39793E00021BEA207E146B937E0400E7
:10C4B000016D339AFD9A57AA02C8A66E00807CB11E
:10C4C000337CB033680D0468EF7CB5337CB43378CB
:10C4D000037F10AA0468E17D5092F77D457D51BF2E
:10C4E0002140067C807F017F1212C8697EA1D05C4A
:10C4F000B004780320D5C17CB00478075002B2D5CF
:10C5000002C8AE92D5BE80FF68F67CB89CB06C00C5
:10C51000602AB418057C4102C88250FB80032F00BA
:10C52000047C9B5E900778F630E4067C437D106DBA
:10C530000030E3087C437C327C210A0030F5199FEF
:10C5400010780EAA02C8AB1B8068F92F1150020B9D
:10C55000707CB530E7F1801B2D317CB5A5397C5B53
:10C5600050110B80780302C8AE1E341350034E6086
:10C57000801A2B02C8825D22680D5D0078122D2280
:10C580000B4068099F11AA2D000B0078F902C8A67C
:10C5900012C8695C800B806808248150072CB05059
:10C5A0000A02C8AE2CB0400302C8AB7C8B5D117888
:10C5B000267CB17CA5BE1080680A5D33780DA5BDD0
:10C5C00080057F1002C8986D0080307F017C5B7C05
:10C5D000B17CA5AD1280245D337806A5BD80F080C6
:10C5E000E1CA887D41AD437CB17CA5AD122D1450CC
:10C5F000020B047C5BAD232F01DA88A42D05BE005D
:10C600008040060B80780480982F007C437C507C0F
:10C61000617C7202C882BE24FFFF6806BE04FFFF71
:10C62000780302C8A612C8695CB00468F57CB8A596
:10C630004868EF7CB870039F11AAA5B8000302C830
:10C64000AE2E008150079C80380702C8AB9C8050FA
:10C65000ED0A51C2E74D51780302C8987E5400801C
:10C660007E901A6C0080061B9068142F11BF10403A
:10C67000049F104CAB0330E7EECAA86CAA80E8DA3E
:10C6800039DA587C4ABE5080500A1B8068BC2F1192
:10C6900050020B7002C88274F86CAA6E40806E0063
:10C6A00080BEB0FF68277C837C975C3B5C7BBF10BF
:10C6B000682AF4400D7C382D15F45C3B500F0B04B8
:10C6C000800B7C792D35F45C7B50020B24BF106805
:10C6D0000B7CB020E7067CB420E701B3AA5D22689A
:10C6E00009BE24FFFF68036E4080AA7EA020800C54
:10C6F0007EA01080057EA0086C556D333392D55016
:10C700000A6E34FFFF6E24FFFF0B1CA5EC334006BE
:10C710002F11D5F0F6AA7CBA247EA2D5137C767CA4
:10C7200065A5CC92E77C5BAA7CB5337CB43392D50B
:10C730004E5080248140039F11AA7C457C567C6723
:10C740006C7724E0500E7E1CFFFFAA1E341E24507E
:10C75000034E60800478F430D50A6E34FFFF6E24F7
:10C76000FFFF0B1CAA7F507EC400017ED475A37E00
:10C7700094C77602C8E74001AA7CEACA89CA5BCAA4
:10C780006B9AFDFE87DA6BDA5BDA897E94C7767C7A
:10C79000AE227F707F517EC400017ED475CB7E9423
:10C7A000C7A502C8E74005E47A7BB0AA7A7BB00B44
:10C7B0007C227CB5A2E7D2E77C1B7CB433400968BD
:10C7C0000DB4FF0BA5BDFF0302C8A602C8AEAA7C2C
:10C7D0000B2481C2E0F582F4042CB07C2BC3137CC3
:10C7E0004B7CB592E77C5B7F417CB6A2E77CB1A530
:10C7F000BA7F02C313340094007C2B7EA091A47CEA
:10C80000BA13F494FEACB2337CBA33248CD3137CC9
:10C810005BE492E77C6B6C777E403F7583027F51CF
:10C820007F017F149AFDC6167F059AFDC4BE9E2423
:10C830000080D583E97E01826C110E041E042D2038
:10C840005E407FAA7F617F019AFDC5766E40806D54
:10C85000117E043F809AFDC4BE9AFDC7B27F017F5E
:10C86000169AFDC6168AFDCD162D0092D50E104ED5
:10C8700010807D422D445002B2D54E50806C447CD5
:10C88000B8222C4450120B1C7E40005E507FBE1814
:10C89000000078040B806816A2D57CB8137C4B7C12
:10C8A000B592E77C5BAA7E1CFFFFAA9F11AA7E249B
:10C8B000FF8020D5026C456D33AA540F2490D434E8
:10C8C00040D430F30CBEB0414007BEB05B500224F0
:10C8D000204CCC68021BC00B84D389944CCC680BD1
:10C8E000742012C8D180F5CA3B6D889F337CAE7E20
:10C8F0005BB00B5C7007C37D38DA3B8994B4256963
:10C90000C2F37E5BB00B5CA5F824D0BEB00A501B0E
:10C910007E500A20F60DAC5CA52D7CCB70034EF04A
:10C920000180DDAC5DA52D7CDB80D524CFBEB01AA7
:10C93000A5E850055E00DFD2F390CCBCA3E4936081
:10C9400011BCB078F77417934CAB30F6B34EF0804F
:10C9500080AEA3E4936010BCB078F77416937C3B70
:10C960007423937C2B89147CB08013742012C8D15B
:10C9700020F205BEC00250F31B6D29B6000112C89B
:10C98000D102C8DC1B6E691600020B6A00BE0800EB
:10C990000078087E0400FC7E14FFFC20F21E4CCCC4
:10C9A000681A7F10E47E1B804C8868070B1C04BC4F
:10C9B000BD78F2C2F6CA0B12CABBDA0B7E0BB060AE
:10C9C000C0CA0B12C8D1DA0B0B0C4CDD68EE1BD0C1
:10C9D00078EA80ADD2F07E101080037E10085EB041
:10C9E0005F800AD2F67E100A80057E100AC2F66DBC
:10C9F000119F117E00201B6C7E6B7030F6021A377F
:10CA000020F1051B6C7E6B6030F6041A261A243068
:10CA1000F0051B6D0B6A20A5EC3382F692F6500AE6
:10CA20007CEA9F229F217F127CAE4C44780F7C458C
:10CA30007C567C676C772E00F878EF80122F117C83
:10CA4000B3337C3B9CB140047C3B0B70A5D8EE7C9F
:10CA5000B230E005DAB8C44C3BCA380B207E002067
:10CA60007E3000BE18000078C1BE1008780730F490
:10CA700004C2F480B5CA287CB2BCBD38027CBD12A9
:10CA8000CABBDA28BC2D500A1BD0E4CA2812C8BA87
:10CA900080F07CB213DAB84004C4CAB8C4CA28BE55
:10CAA000F08040095CDD7805A5DA0260065EF07F63
:10CAB00012C8BADA28A5DADA02C8DCBEF001680FBB
:10CAC00030F402240220F50620F70330F60104209A
:10CAD000F229BCBC5025CAB87CBF13B0E674205004
:10CAE0001174307C8A5E80F0680812CAFB5EA00F69
:10CAF000800312C8D1DAB8BCBC78DB30F40F7430D4
:10CB000012C8D1745830F302747812C8D130F605C7
:10CB1000742D02C8D1742B20F5F8742020F7F3226D
:10CB20001B6C7E6BB010F1021B6C20F60B30E7041F
:10CB3000F404D2F27CCB800520E7057CDB02C9003F
:10CB40005EF07F80F81B6E691600020B6A0030F001
:10CB5000076D221B0A200B0D1B0A8002C8EBE46C38
:10CB600022BE3007500B7F1F2D312E34FFF77E3948
:10CB7000B0227CBF20E7A8742E4EF08002C8D112EC
:10CB8000CCA5403D7CBD7003047CDB12CEB97C3D5E
:10CB90004C3368101B307CBE20E40912CB5E70045D
:10CBA0004C3378F07CBD7CD3BEA0FD481CBCAB5898
:10CBB00018E49CBA2CB31801E47CDB02CC4612CCFE
:10CBC000A5406E7CBD0412CEB97AFBA07CAE7CBDC4
:10CBD000A2F492F0C2F44002600104240512CABB20
:10CBE0007E30FF0B3012CB5ECA3812C8BA20F00478
:10CBF0004CDD680312CB72DA38BC3D78E6740E1255
:10CC0000C8BA742B7EFBA030F707742D6EA0FF0B03
:10CC1000A07AFBA012C8D17EA00A7EFBB0847AFB6A
:10CC2000A012C8BA7EFBB012C8BA9EF8000802C8AB
:10CC3000DCD2F27ED00002C99B12CCA540F37CBAB4
:10CC40002CBD0412CEB97AFBA07CBA7CAE30E701D1
:10CC5000E40420F4044CDD6805D2F0C2F4042CBDD9
:10CC600012CABB6C337EFBB0601B20E712147AFB48
:10CC7000B012CB5ECA3812C8BADA380B3080E6047C
:10CC80007AFBB01B3012CB5ECA3812C8BA4CDD68D2
:10CC90000712CB721BD080E19EF8000930F003121E
:10CCA000CB7202C8DC7CEA7CAF10F7037ED0067C36
:10CCB000FA1B6E693600020B6A2002CDFF2D2B2075
:10CCC0004C4248232E0053584F44494355502A4E56
:10CCD00046454700042080010200104084D6DBE373
:10CCE000E370EAD4204539BE7FC9C9C9C9C9C9C9D9
:10CCF000C9CBCBCCCBCBBE1249253E4CCCCDBEAAAA
:10CD0000AAAB3F8000003E7ADBB03EED63383F24A3
:10CD1000BC7D3F490FDB7DC25E407FBE247F8040EB
:10CD200010680302C8A67E340FDB7E243FC902CD03
:10CD3000E35EC480007D522D55BEA07F4014780470
:10CD40009420400E7F017E243F806D339AFDC616ED
:10CD50000BC47CB5337CB433248430E7046DDD80B0
:10CD600043047CAB7CB5D2E754F0C333D5F0FC541C
:10CD700007340023230ADB7F417F017C4BE49AFDCB
:10CD8000C6F51B417F719AFDC5767E043F806D110B
:10CD90009AFDC4BE7F077F717F149AFDC4BB7F07D5
:10CDA0009AFDC6167F717E94CCF67E8400FD7403D6
:10CDB00012CEFC7F079AFDC5765DDD68157E54CDE9
:10CDC000027E4400FD2D5D0B2A00691200029AFDCF
:10CDD000C4BE7D5C30E00C7E04BFC97E140FDB9ABC
:10CDE000FDC4BE5D2268095E407F5EC480004D2C9C
:10CDF000AA4E614E002B494E46002D494E46007DFD
:10CE0000522D557CBE92E67CEB7CBA601F047028E4
:10CE10007CB5C2E77E0400FD60067E14CDF1D3220E
:10CE20007E14CDFA40047E14CDF5D322DA099F2278
:10CE3000CA2BCA2BC3CA09220A0A7E144D10AD1090
:10CE40009E083AF09E10267CB5C2E77EA0567C9BD9
:10CE5000A46E54FFFF2E54C511ACA92D15E4A539BD
:10CE6000CAB8CA1B20E70B12CF5CDA1B9AFDC616A4
:10CE7000800BF40412CF5CDA1B9AFDC576DAA87C2D
:10CE8000B5337CB4334E50806C4424822F11147817
:10CE9000FBDA497407BE400A40099E400ACA0201F3
:10CEA000140BA0CA486C442F117F012F112F112F92
:10CEB000101478EFCA48CA49227F0F20E73ABEB063
:10CEC00007400274070A0B2D109E1400097E19B04A
:10CED0002EB0FB501F4C116817E47A19B01B147E5A
:10CEE00019B0047A19B0B40A0BE47A19B0A5D9EDD7
:10CEF0000BA074017A19B0225EE0BF22CAB87F018C
:10CF00009AFDC576DAB87F510B4A20693400020BCE
:10CF10004E7F05CAB89AFDC5760B4A006914000217
:10CF20000B4E9AFDC4BEDAB81478E6223F800000AA
:10CF30004120000042C80000447A0000461C400026
:10CF400047C35000497424004B1896804CBEBC2047
:10CF50005A0E1BCA6753C21C749DC5AE7C7B60060B
:10CF600054076817232312CF827CB75438680B7F8D
:10CF70001012CF7F9AFDC5767F01227CB75438030B
:10CF8000241C6CAA2E54CF2C7E4400FD0B2A006971
:10CF900012000222C2D57CB430E708B2D56E24FF5D
:10CFA000FF0B247CB630E712B2D56E34FFFF0B3492
:10CFB0008D326E24FFFF0B2480028D3230D5066E39
:10CFC00034FFFF0B34AA7D51AD037D027D21AD05F9
:10CFD0002D12AD352D21AA7D02AD31AD102D21AA26
:10CFE0006D0074104D00780B4D2278278D317D1225
:10CFF0006D22AA7D437D326D222F112D445002A552
:10D000000FBF1040049F100B901478ED7F016D222C
:10D010007D34AA7D417D138D247D022F004004BD07
:10D020000440049D040B141478F17D237D317D10A0
:10D030006D00AAC2D57CB030E708B2D59F229F20F0
:10D040007F027CB430E714B2D59F229F217F129AD1
:10D05000FDCFE29F229F207F0280049AFDCFE23025
:10D06000D5069F229F217F12AA6CAABE08000068E5
:10D07000201E540B5450167E1B807A0B800B1C0B09
:10D080000C800A0B1A401B0A400B1D0B0D1B547819
:10D09000F2AA9079781BEA00791E00029079761B3B
:10D0A000EA309F11907980793E00021BEA209F119F
:10D0B000907984793E00021BEA206D339079881BB9
:10D0C000EA3090797C693E00020BEA20BE182710F6
:10D0D000380474018001E47E1457077E0400FE7E4C
:10D0E0003400B69AFDFE98907978691E00020BEA2A
:10D0F00000908336693E00020BEA209AFDCFE27D64
:10D10000326D229079881BEA30907978691E00028E
:10D110000BEA00908336693E00020BEA209AFDCFAD
:10D12000E2907984793E00021BEA209079880BEA2C
:10D13000007E1400012D10907984693E00020BEAF4
:10D14000209AFDCFE07E0800019F10907984793EFF
:10D1500000021BEA2090797C693E00020BEA20BEA7
:10D16000182710684090797C693E00020BEA20E4A1
:10D170009AFDC6EB7E1440007E04461C9AFDC6163E
:10D180007F01907984693E00020BEA20E49AFDC693
:10D19000EB9AFDC5769AFDC728907980793E00020A
:10D1A0001BEA20801A7E080001907984693E000203
:10D1B0000BEA202F10907980793E00021BEA209024
:10D1C00079880BEA307D530A5A7CAB9079760BEA6A
:10D1D00020740D0E241478FB7E3400075D321A266D
:10D1E0001A242F112F117E1457497E0400FE2F019F
:10D1F000693000020B0A207A1BA09079880BEA5054
:10D200007CAB9079760BEA20740D0E241478FB7EAB
:10D210003400075D321A261A247F012F002F007E6A
:10D220003457497E2400FE2F10691100020B1A00AA
:10D230007E1800012F107A1BA0907984693E0002AD
:10D240000BEA207CA69079760BEA20740D0E24144C
:10D2500078FB7E3400075D321A261A242F112F1115
:10D260007E1457D97E0400FE2F01693000020B0A9C
:10D27000207A1BA0907984695E00020BEA407CABA7
:10D280009079760BEA20740D0E241478FB7E34001E
:10D29000075D321A261A247F012F002F007E345793
:10D2A000D97E2400FE2F10691100020B1A007E188F
:10D2B00000012F107A1BA0907980693E00020BEAD2
:10D2C000207CA69079760BEA20740D0E241478FB4E
:10D2D0007E3400075D321A261A247F012F002F00AA
:10D2E0009079760BEA307D231A240E240E240E2426
:10D2F0007E3400035D321A261A242F102F112F11AD
:10D300007E1457797E0400FE2F01693000020B0A5B
:10D31000207A1BA0907980695E00020BEA407CAB0A
:10D320009079760BEA20740D0E241478FB7E34007D
:10D33000075D321A261A247F012F002F009079767C
:10D340000BEA307D231A240E240E240E247E340092
:10D35000035D321A261A242F107F012F002F007E22
:10D360003457797E2400FE2F10691100020B1A0039
:10D370007E1800012F107A1BA0AA907C4D1BEA009A
:10D38000791E0002907C4B1BEA30907C4B0BEA200C
:10D39000740D0E241478FB7E3400075D321A261AB1
:10D3A000242F112F117E1457D97E0400FE2F0169FE
:10D3B0003000020B0A207E1B700A277C456C5590BA
:10D3C0007C4B0BEA30740D0E341478FB7E1400078E
:10D3D0005D131A021A007F202F222F227E1457D9A4
:10D3E0007E0400FE2F02695000020B0A407E0800F6
:10D3F000012F027E0B700A374D326D22907C5579D9
:10D400003E00021BEA20907C4D693E00020BEA20A0
:10D41000BE182710380474018001E47E1457077E7B
:10D420000400FE7E3400DE9AFDFE98907C4D693E3D
:10D4300000020BEA20BE1827106840907C4D693E20
:10D4400000020BEA20E49AFDC6EB7E1440007E0445
:10D45000461C9AFDC6167F01907C55693E00020B62
:10D46000EA20E49AFDC6EB9AFDC5769AFDC728909E
:10D470007C51793E00021BEA20801A7E0800019050
:10D480007C55693E00020BEA202F10907C51793EBA
:10D4900000021BEA20907C51693E00020BEA207CCE
:10D4A000A6907C4B0BEA20740D0E241478FB7E347E
:10D4B00000075D321A261A247F012F002F00907C6E
:10D4C0004B0BEA307D231A240E240E240E247E34C6
:10D4D00000035D321A261A242F102F112F117E14EB
:10D4E00057797E0400FE2F01693000020B0A207A72
:10D4F0001BA0907C51695E00020BEA407CAB907CE3
:10D500004B0BEA20740D0E241478FB7E3400075D6B
:10D51000321A261A247F012F002F00907C4B0BEA31
:10D52000307D231A240E240E240E247E3400035D45
:10D53000321A261A242F107F012F002F007E345715
:10D54000797E2400FE2F10691100020B1A007E184C
:10D5500000012F107A1BA0AA907A871BEA00791E7F
:10D560000002907A851BEA306D33907A8F1BEA3087
:10D570009F11907A91793E00021BEA206D33907AD8
:10D58000951BEA30907A8B693E00020BEA20BE18A8
:10D590002710380474018001E47E1457077E0400CC
:10D5A000FE7E3401009AFDFE98907A850BEA207E7B
:10D5B0003400FF5D327E24000174017E1400109A55
:10D5C000FD40E7907A87691E00020BEA00908336DF
:10D5D000693E00020BEA209AFDCFE27D326D229077
:10D5E0007A951BEA30907A87691E00020BEA009058
:10D5F0008336693E00020BEA209AFDCFE2907A91D1
:10D60000793E00021BEA20907A950BEA007E140016
:10D61000012D10907A91693E00020BEA209AFDCF0D
:10D62000E07E0800019F10907A91793E00021BEA8B
:10D6300020907A8B693E00020BEA20BE1827106802
:10D640003C907A8B693E00020BEA20E49AFDC6EB1F
:10D650007E1440007E04461C9AFDC6167F01907A17
:10D6600091693E00020BEA20E49AFDC6EB9AFDC5E3
:10D67000769AFDC728907A8F1BEA308018907A91AD
:10D68000693E00020BEA207D237E3400012D32909A
:10D690007A8F1BEA30907A950BEA307D530A5A7CD8
:10D6A000AB907A850BEA20740D0E241478FB7E343F
:10D6B00000075D321A261A242F112F117E145749A4
:10D6C0007E0400FE2F01693000020B0A207A1BA0A5
:10D6D000907A950BEA507CAB907A850BEA20740D1A
:10D6E0000E241478FB7E3400075D321A261A247F3C
:10D6F000012F002F007E3457497E2400FE2F106931
:10D700001100020B1A007E1800012F107A1BA09046
:10D710007A91693E00020BEA207CA6907A850BEA9A
:10D7200020740D0E241478FB7E3400075D321A2617
:10D730001A242F112F117E1457D97E0400FE2F01B9
:10D74000693000020B0A207A1BA0907A91695E0072
:10D75000020BEA407CAB907A850BEA20740D0E2414
:10D760001478FB7E3400075D321A261A247F012FBD
:10D77000002F007E3457D97E2400FE2F106911003F
:10D78000020B1A007E1800012F107A1BA0907A8FCE
:10D790000BEA307D530A5A7CAB907A850BEA2074F1
:10D7A0000D0E241478FB7E3400075D321A261A24ED
:10D7B0007F012F002F00907A850BEA307D231A24F9
:10D7C0000E240E240E247E3400035D321A261A2401
:10D7D0002F102F112F117E1457797E0400FE2F0178
:10D7E000693000020B0A207A1BA0907A8F0BEA5056
:10D7F0007CAB907A850BEA20740D0E241478FB7EA6
:10D800003400075D321A261A247F012F002F009062
:10D810007A850BEA307D231A240E240E240E247EF2
:10D820003400035D321A261A242F107F012F002F97
:10D83000007E3457797E2400FE2F10691100020B00
:10D840001A007E1800012F107A1BA0907A850BEA2F
:10D85000307D531A5A0E540E547E4400015D453EED
:10D8600044907A850BEA507D351A360E340E340E0C
:10D87000347E5400015D533E543E542D547E34009A
:10D880000160053E341478FB7C67907A850BEA00D2
:10D89000740D0E041478FB7E1400075D101A021A32
:10D8A000007F202F22907A850BEA207D021A000E3D
:10D8B000040E040E047E1400035D100E141A021AE6
:10D8C000002F022F002F007E5458397E4400FE2F77
:10D8D00020691200020B2A007E0B704C767A0B70C6
:10D8E0007E6060907A850BEA00740D0E041478FB5C
:10D8F0007E1400075D101A021A007F202F222F22AB
:10D90000907A850BEA207D021A000E040E040E04A4
:10D910007E1400035D101A021A002F022F002F0040
:10D920007E5458817E4400FE2F20691200020B2A8B
:10D93000007E0B704C767A0B707E6008907A850BB7
:10D94000EA00740D0E041478FB7E1400075D101AB3
:10D95000021A007F202F222F22907A850BEA207D49
:10D96000021A000E040E040E047E1400035D101A49
:10D97000021A002F022F002F007E5458817E44008F
:10D98000FE2F20691200020B2A007E0B704C767A63
:10D990000B70907A850BEA307D531A5A0E540E5450
:10D9A0000E547E4400035D453E44907A850BEA5058
:10D9B0007D351A360E340E347E5400015D532D54DD
:10D9C0007E34000160053E341478FB7C67907A85D4
:10D9D0000BEA00740D0E041478FB7E1400075D1032
:10D9E0001A021A002F002F007E5457617E4400FE59
:10D9F0002F20691200020B2A007E0B704C767A0BE6
:10DA000070907A850BEA307D431A480E440E440E1E
:10DA1000447E5400035D543E54907A850BEA307D79
:10DA2000231A247E3400035D3260053E341478FBF3
:10DA30007C67907A850BEA00740D0E041478FB7EE7
:10DA40001400075D101A021A002F002F007E545791
:10DA5000F17E4400FE2F20691200020B2A007E0B8B
:10DA6000704C767A0B707E6080907A850BEA007439
:10DA70000D0E041478FB7E1400075D101A021A00C4
:10DA80002F002F007E5457317E4400FE2F20691254
:10DA900000020B2A007E0B704C767A0B707E6001C0
:10DAA000907A850BEA00740D0E041478FB7E140046
:10DAB000075D101A021A002F002F007E5458697E4D
:10DAC0004400FE2F20691200020B2A007E0B704CCE
:10DAD000767A0B70AA9084417AEB70908440F0C300
:10DAE000C2B47E340002908440E09084417EEB50CA
:10DAF0009AFC86BED3D2B422908442F0E490844350
:10DB0000F0C3C2B47E3400029084427EEBA07480E5
:10DB10004CBA9AFC898F908443F0D3D2B49084435A
:10DB2000E02290809F1BEA20793E000290809B1BA0
:10DB3000EA00791E000290809AF0C3C2B490809FE0
:10DB4000693E00020BEA20907ED5793E00021BEA76
:10DB5000207E34000290809A7EEBA074804CBA90B4
:10DB6000809B691E00020BEA009AFC89B3D3D2B4F1
:10DB70002290828D7AEB6090828C7AEB7090828B0F
:10DB8000F0E490828EF06D3390828F1BEA309082A9
:10DB90008BE03EB0F074176C7712DAD57415908272
:10DBA0008B7EEB7012DAD5741690828C7EEB70123D
:10DBB000DAD5742190828D7EEB7012DAD574147EE2
:10DBC000704C12DAD5803790828F0BEA207E3400B9
:10DBD000012D321BEA307E3400FFBD325008740143
:10DBE00090828EF080207E1403E8908336693E0098
:10DBF000020BEA209AFDCFE02F119AFCFECF74228F
:10DC000012DAF830E7C190828EE0229083CF7AEB6F
:10DC1000709083CEF06D339083D01BEA309083CE2A
:10DC2000E03EB0F074159083CE7EEB707E60014CC8
:10DC30007612DAD574169083CF7EEB7012DAD57433
:10DC4000177E700112DAD574147E704C12DAD5800A
:10DC50002F9083D00BEA207E3400012D321BEA3056
:10DC60007E3400FFBD3240207E1403E89083366985
:10DC70003E00020BEA209AFDCFE02F119AFCFECF66
:10DC8000742212DAF830E0C9740212DAF8229084B1
:10DC9000457AEB70908444F0908444E03EB0F07498
:10DCA000159084447EEB707E60014C7612DAD57458
:10DCB000169084457EEB7012DAD574177E700612CA
:10DCC000DAD574147E706C12DAD522E49083D2F027
:10DCD000E49083D3F06D339083D41BEA30805E9060
:10DCE00083D40BEA207E3400012D321BEA307E34CF
:10DCF00000FFBD32500874019083D2F08048740F49
:10DD000012DAF89083D3F09083D3E00A3B9075A1A8
:10DD10001BEA307E145AF87E0400FE9AFDC7657E29
:10DD20001403E8908336693E00020BEA209AFDCF87
:10DD3000E07E14000A9AFDCFD79AFCFECF9083D3E1
:10DD4000E0BEB06B78999083D2E022E49083D6F065
:10DD5000E49083D7F06D339083D81BEA30804990EC
:10DD600083D80BEA207E3400012D321BEA307E344A
:10DD700000FFBD32500874019083D6F08033740DDB
:10DD80007E700D12DC0B9083D7F07E1403E8908335
:10DD900036693E00020BEA209AFDCFE07E14000AAD
:10DDA0009AFDCFD79AFCFECF9083D7E0BEB0FF7824
:10DDB000AE9083D6E02274287E1482917E04000106
:10DDC0007E18000612DB22908292E00A2B7C456CC2
:10DDD00055908291E00A3B4D329077EA1BEA3090F1
:10DDE0008294E00A2B7C456C55908293E00A3B4D6F
:10DDF000329077EC1BEA30908296E00A2B7C456CDF
:10DE000055908295E00A3B4D329077EE1BEA30AA9E
:10DE100074227E1482977E0400017E18000612DBB5
:10DE200022908298E00A2B7C456C55908297E00AFC
:10DE30003B4D329077F61BEA3090829AE00A2B7CB9
:10DE4000456C55908299E00A3B4D329077F81BEA79
:10DE50003090829CE00A2B7C456C5590829BE00AB6
:10DE60003B4D329077FA1BEA30AA74017E70401263
:10DE7000DAD5742212DAF89081B5F09081B5E030ED
:10DE8000E05974027E1481B67E0400017E180006FB
:10DE900012DB229081B7E00A2B7C456C559081B64D
:10DEA000E00A3B4D329077F01BEA309081B9E00AEE
:10DEB0002B7C456C559081B8E00A3B4D329077F24F
:10DEC0001BEA309081BBE00A2B7C456C559081BAEF
:10DED000E00A3B4D329077F41BEA3074016C771204
:10DEE000DAD5AAE490845CF07E1403E89083366966
:10DEF0003E00020BEA209AFDCFE07E14000A9AFD54
:10DF0000CFD79AFCFECF7E3422979079CE1BEA3091
:10DF10007E3422959079D01BEA307E342296907917
:10DF2000D21BEA307E34FFFF9079D41BEA307E3476
:10DF300000026D227E1496807E0400989AFC8D1A51
:10DF40007E3400447E24000174017E1400109AFD8A
:10DF500040E774016C7712DAD574127E700112DA20
:10DF6000D57E1403E8908336693E00020BEA209ABE
:10DF7000FDCFE02F119AFCFECF74016C7712DAD539
:10DF800012DCCBBEB00068157E145AD07E0400FEB1
:10DF90009AFDC765740190845CF002E2AF740D7E57
:10DFA000700312DAD57E3400022E34000068221B82
:10DFB00034683A1B3468521B34686A80007E145AF5
:10DFC000A77E0400FE9AFDC765740190845CF08012
:10DFD0006E74107E703012DAD57E3412007E2446C4
:10DFE000809077FC793E00021BEA20805274107EFC
:10DFF000703812DAD57E3414007E2446009077FC07
:10E00000793E00021BEA20803674107E703C12DAE2
:10E01000D57E3410007E2445809077FC793E000246
:10E020001BEA20801A74107E703412DAD57E341008
:10E03000007E2445009077FC793E00021BEA209088
:10E04000845CE0BEB001780302E2AF7E3400042EAF
:10E0500034000068311B34684A1B3468621B346822
:10E060007A1B34780302E0F71B34780302E1138053
:10E07000007E145A7D7E0400FE9AFDC765740190EF
:10E08000845CF002E12D74117E705212DAD57E3478
:10E09000999A7E244364907800793E00021BEA201E
:10E0A00002E12D74117E705012DAD57E34999A7E79
:10E0B0002442E4907800793E00021BEA20806E74CE
:10E0C000117E705412DAD57E3466667E24426490E6
:10E0D0007800793E00021BEA20805274117E70584D
:10E0E00012DAD57E34CCCD7E2441E4907800793E9E
:10E0F00000021BEA20803674117E705C12DAD57E35
:10E1000034CCCD7E244164907800793E00021BEA35
:10E1100020801A74117E705112DAD57E3433337E2A
:10E120002440E3907800793E00021BEA2090845C52
:10E13000E0BEB001780302E2AF74127E704412DADE
:10E14000D574137E700212DAD574146C7712DAD596
:10E1500074156C7712DAD574166C7712DAD57418D8
:10E160007E700112DAD574017E704012DAD5741413
:10E170007E708012DAD57E1403E8908336693E0003
:10E18000020BEA209AFDCFE02F119AFCFECF741407
:10E190006C7712DAD57E1403E8908336693E00026C
:10E1A0000BEA209AFDCFE02F119AFCFECF740D7E72
:10E1B000700A7E608012DB717E1403E890833669FA
:10E1C0003E00020BEA209AFDCFE02F119AFCFECF11
:10E1D000740D7E700A6C6612DB717E1403E8908306
:10E1E00036693E00020BEA209AFDCFE02F119AFC1F
:10E1F000FECF12DD4BBEB00068157E145A5C7E0463
:10E2000000FE9AFDC765740190845CF002E2AF7E67
:10E210003400012E340000681A1B34683580007EFB
:10E22000145A337E0400FE9AFDC765740190845C25
:10E23000F0803C740D7E70097E600912DB717E34C3
:10E2400080007E24463B907804793E00021BEA2041
:10E25000801D740D7E70097E601912DB717E348022
:10E26000007E24453B907804793E00021BEA209012
:10E27000845CE0BEB0016837740D7E700B7E600177
:10E2800012DB71740D6C7712DC8E74016C7712DA0C
:10E29000D57E1403E8908336693E00020BEA209A8B
:10E2A000FDCFE07E1400149AFDCFD79AFCFECF90EC
:10E2B000845CE0AA907BAB1BEA00791E0002907B95
:10E2C000A91BEA30E4907BB3F06D33907BB41BEA7A
:10E2D000306D33907BB61BEA30907BA90BEA307E21
:10E2E0002400029AFDFF697E1460817E0400FE7E98
:10E2F0003400409AFDFE987E14FF017E0400FE90DB
:10E300007BAB693E00020BEA20BF10380302E445F4
:10E310007E14000C907BAB693E00020BEA209AFD54
:10E32000CFE0793E00021BEA20907BA90BEA50BEA9
:10E3300054000E400302E5587EA003A490E340730E
:10E3400002E36A02E37002E37602E37C02E3820204
:10E35000E38802E39D02E3B202E3C702E3DC02E3E7
:10E36000F102E40602E41B02E430538E7F02E5581A
:10E37000538EBF02E558538EFB02E55853DDFD0274
:10E38000E55853DDDF02E55874FD7E14FBB37E04CF
:10E39000007E7E0B705C7B7A0B7002E55874DF7E2A
:10E3A00014FBB37E04007E7E0B705C7B7A0B7002E4
:10E3B000E55874FD7E14FBBB7E04007E7E0B705C12
:10E3C0007B7A0B7002E55874DF7E14FBBB7E040081
:10E3D0007E7E0B705C7B7A0B7002E55874FD7E14B8
:10E3E000FBC37E04007E7E0B705C7B7A0B7002E5C3
:10E3F0005874DF7E14FBC37E04007E7E0B705C7B52
:10E400007A0B7002E55874EF7E14FE787E04007E6D
:10E410007E0B705C7B7A0B7002E55874FD7E14FBFA
:10E42000CB7E04007E7E0B705C7B7A0B7002E5581D
:10E4300074DF7E14FBCB7E04007E7E0B705C7B7AE7
:10E440000B7002E558907BA90BEA50BE54000E40B9
:10E450000302E5587EA003A490E45C7302E4860204
:10E46000E48C02E49202E49802E49E02E4A402E452
:10E47000B902E4CE02E4E202E4F602E50A02E51E95
:10E4800002E53202E546438E8002E558438E4002A3
:10E49000E558438E0402E55843DD0202E55843DDAA
:10E4A0002002E55874027E14FBB37E04007E7E0BCE
:10E4B000704C7B7A0B7002E55874207E14FBB37E9F
:10E4C00004007E7E0B704C7B7A0B7002E558740260
:10E4D0007E14FBBB7E04007E7E0B704C7B7A0B703F
:10E4E000807674207E14FBBB7E04007E7E0B704C15
:10E4F0007B7A0B70806274027E14FBC37E04007E04
:10E500007E0B704C7B7A0B70804E74207E14FBC3A4
:10E510007E04007E7E0B704C7B7A0B70803A741008
:10E520007E14FE787E04007E7E0B704C7B7A0B702E
:10E53000802674027E14FBCB7E04007E7E0B704C22
:10E540007B7A0B70801274207E14FBCB7E04007EDD
:10E550007E0B704C7B7A0B70907BAB693E00020B9C
:10E56000EA207CB5907BB3F0907BB3E00A3B6D2250
:10E570007E0800012F01907BAB693E00020BEA2070
:10E580009AFDCFE2907BB41BEA30907BB40BEA306B
:10E590006E34FFFF0B34907BB61BEA30907BA90BE7
:10E5A000EA50BE54000E400302E9E87EA003A490A6
:10E5B000E5B37302E5DD02E60C02E63B02E6670224
:10E5C000E69302E6C202E71E02E77A02E7D602E815
:10E5D0003202E88E02E8EA02E93402E98F907BB366
:10E5E000E07E34FEA07E24007E7A1BB05389F0903A
:10E5F0007BB60BEA50F58A907BB60BEA307D530A66
:10E600005AF58CD3D28CD3D2A902E9E8907BB3E03F
:10E610007E34FEA17E24007E7A1BB053890F907B4E
:10E62000B60BEA50F58B907BB60BEA307D530A5A55
:10E63000F58DD3D28ED3D2AB02E9E8907BB3E07EE6
:10E6400034FEA27E24007E7A1BB0907BB60BEA508B
:10E65000F5D7907BB60BEA307D530A5AF5D6438E38
:10E660001043AF0402E9E8907BB3E07E34FEA37E62
:10E6700024007E7A1BB0907BB60BEA50F5D5907BD8
:10E68000B60BEA307D530A5AF5D443DD0843AF2078
:10E6900002E9E8907BB3E07E34FEA47E24007E7A1B
:10E6A0001BB0907BB60BEA50F5D3907BB60BEA30EB
:10E6B0007D530A5AF5D243DD9053DDFB43AF400250
:10E6C000E9E8907BB3E07E34FBB07E24007E7A1BC9
:10E6D000B0907BB60BEA107E34FBB77E24007E7AC6
:10E6E0001B30907BB60BEA307D130A127E34FBB6EA
:10E6F0007E24007E7A1B3074087E14FBB37E0400F7
:10E700007E7E0B704C7B7A0B7074017E14FBB27EA4
:10E7100004007E7E0B704C7B7A0B7002E9E8907BE4
:10E72000B3E07E34FBB17E24007E7A1BB0907BB6D2
:10E730000BEA107E34FBB57E24007E7A1B30907B82
:10E74000B60BEA307D130A127E34FBB47E24007EC1
:10E750007A1B3074807E14FBB37E04007E7E0B70C7
:10E760004C7B7A0B7074107E14FBB27E04007E7EAC
:10E770000B704C7B7A0B7002E9E8907BB3E07E343F
:10E78000FBB87E24007E7A1BB0907BB60BEA107E2D
:10E7900034FBBF7E24007E7A1B30907BB60BEA30C0
:10E7A0007D130A127E34FBBE7E24007E7A1B3074F9
:10E7B000087E14FBBB7E04007E7E0B704C7B7A0BC4
:10E7C0007074017E14FBBA7E04007E7E0B704C7B5D
:10E7D0007A0B7002E9E8907BB3E07E34FBB97E24CB
:10E7E000007E7A1BB0907BB60BEA107E34FBBD7EB8
:10E7F00024007E7A1B30907BB60BEA307D130A1220
:10E800007E34FBBC7E24007E7A1B3074807E14FB39
:10E81000BB7E04007E7E0B704C7B7A0B7074107E86
:10E8200014FBBA7E04007E7E0B704C7B7A0B700268
:10E83000E9E8907BB3E07E34FBC07E24007E7A1B47
:10E84000B0907BB60BEA107E34FBC77E24007E7A44
:10E850001B30907BB60BEA307D130A127E34FBC668
:10E860007E24007E7A1B3074087E14FBC37E040075
:10E870007E7E0B704C7B7A0B7074017E14FBC27E23
:10E8800004007E7E0B704C7B7A0B7002E9E8907B73
:10E89000B3E07E34FBC17E24007E7A1BB0907BB651
:10E8A0000BEA107E34FBC57E24007E7A1B30907B01
:10E8B000B60BEA307D130A127E34FBC47E24007E40
:10E8C0007A1B3074807E14FBC37E04007E7E0B7046
:10E8D0004C7B7A0B7074107E14FBC27E04007E7E2B
:10E8E0000B704C7B7A0B7002E9E8907BB3E07E34CE
:10E8F000FE797E24007E7A1BB0907BB60BEA107EF8
:10E9000034FE7B7E24007E7A1B30907BB60BEA308F
:10E910007D130A127E34FE7A7E24007E7A1B3074C8
:10E92000827E14FE787E04007E7E0B704C7B7A0B18
:10E930007002E9E8907BB3E07E34FBC87E24007E61
:10E940007A1BB0907BB60BEA107E34FBCF7E24009E
:10E950007E7A1B30907BB60BEA307D130A127E3430
:10E96000FBCE7E24007E7A1B3074087E14FBCB7EA7
:10E9700004007E7E0B704C7B7A0B7074017E14FB5E
:10E98000CA7E04007E7E0B704C7B7A0B708059909F
:10E990007BB3E07E34FBC97E24007E7A1BB0907B83
:10E9A000B60BEA107E34FBCD7E24007E7A1B3090BD
:10E9B0007BB60BEA307D130A127E34FBCC7E24003A
:10E9C0007E7A1B3074807E14FBCB7E04007E7E0B2F
:10E9D000704C7B7A0B7074107E14FBCA7E04007E30
:10E9E0007E0B704C7B7A0B70907BAF691E00020B24
:10E9F000EA00907BA90BEA203E243E247E34727309
:10EA00002D327A71827A6183791E00021BEA00AA94
:10EA1000907ACEE0BEB00D50717EA003A490EA21A2
:10EA20007302EA4802EA4E02EA8A02EA5402EA8AD9
:10EA300002EA5A02EA6002EA6602EA6C02EA72023A
:10EA4000EA7802EA7E02EA849AFDEA8F80409AFD23
:10EA5000EC54803A9AFDED3380349AFDEE08802E16
:10EA60009AFDEE7980289AFDEF7380229AFDEF7867
:10EA7000801C9AFDF00180169AFDF0CB80109AFD63
:10EA8000F124800A9AFDF15F80049AFE02F7AA90B1
:10EA90007ACD7EEBA074805CBABEB0807820907A8C
:10EAA000D0E0BEB0007817907ACFE0BEB000780E0C
:10EAB000907AD30BEA207E340002BD2368079AFEC9
:10EAC00002F702EC53907ACD7EEBA0740F5CBA147F
:10EAD000684514780302EB580BB1680302EC4990C7
:10EAE0007AD2E0BEB0007809907AD1E0BEB000687A
:10EAF000079AFE02F702EC537E340A3E7E2400FFA2
:10EB0000907AD9793E00021BEA207E340002907A86
:10EB1000D71BEA3002EC4F907AD5E0BEB0047812F1
:10EB2000907AD2E0BEB0007809907AD1E0BEB00011
:10EB300068079AFE02F702EC537E340A3E7E2400F8
:10EB4000FF907AD9793E00021BEA207E34000290C1
:10EB50007AD71BEA3002EC4F907AD5E0BEB0047849
:10EB600009907AD2E0BEB00068079AFE02F702EC84
:10EB700053907AD17EEBA0740F5CBA908460F090D1
:10EB80007AD1E0146864247F680604680302EC43C9
:10EB9000908460E07E34000160053E341478FB9080
:10EBA0007ADDE00A2B5D236D33BD23681F7E340AB6
:10EBB000407E2400FF907AD9793E00021BEA207E35
:10EBC000340002907AD71BEA3002EC4F7E340A3EC2
:10EBD0007E2400FF907AD9793E00021BEA207E3421
:10EBE0000002907AD71BEA308065908460E07E3422
:10EBF000000160053E341478FB907ADEE00A2B5D5C
:10EC0000236D33BD23681E7E340A407E2400FF90AE
:10EC10007AD9793E00021BEA207E340002907AD72E
:10EC20001BEA30802A7E340A3E7E2400FF907AD987
:10EC3000793E00021BEA207E340002907AD71BEA5C
:10EC400030800C9AFE02F7800A9AFE02F780049A3E
:10EC5000FE0307AA907AD5E0BEB0047830907ACD52
:10EC6000E0BEB0027827907AD2E0BEB000781E9065
:10EC70007AD0E0BEB0007815907ACFE0BEB00078D0
:10EC80000C6D22907AD30BEA30BD3268079AFE02EF
:10EC9000F702ED32907AD17EEBA0740F5CBA9084CB
:10ECA00061F0907AD1E0146843247F680304787897
:10ECB000908461E07E34000160053E341478FB7C72
:10ECC000B77CAB6EA0FF907ADDE05CBAF0740E907A
:10ECD00084617EEB709AFE008574117E70409AFE0E
:10ECE0000085740E6C779AFE00858042908461E006
:10ECF0007E34000160053E341478FB7CB77CAB6E3B
:10ED0000A0FF907ADEE05CBAF0740E9084617EEB36
:10ED1000709AFE008574147E70809AFE0085740ED1
:10ED20006C779AFE008580069AFE02F780049AFEB0
:10ED3000032BAA907AD5E0BEB0047830907ACDE06B
:10ED4000BEB0027827907AD2E0BEB000781E907AEA
:10ED5000D0E0BEB0007815907ACFE0BEB000780C5D
:10ED60006D22907AD30BEA30BD3268079AFE02F723
:10ED700002EE07907AD17EEBA0740F5CBA908462A9
:10ED8000F0907AD1E014683E247F680304786E9096
:10ED90008462E07E34000160053E341478FB7CA779
:10EDA000907ADDE04CBAF0740E9084627EEB709A3B
:10EDB000FE008574117E70109AFE0085740E6C77CB
:10EDC0009AFE0085803D908462E07E3400016005FB
:10EDD0003E341478FB7CA7907ADEE04CBAF0740ED7
:10EDE0009084627EEB709AFE008574147E70209A87
:10EDF000FE0085740E6C779AFE008580069AFE02EE
:10EE0000F780049AFE032BAA907ACDE0BEB000787A
:10EE100033907AD2E0BEB000782A907AD1E0BEB0CA
:10EE2000007821907AD0E0BEB0007818907ACF7E3A
:10EE3000EBA07480BCAB500C6D22907AD30BEA30FF
:10EE4000BD3268069AFE02F7802E907ACFE0908459
:10EE500063F0E49084637EEB709AFE008590846397
:10EE6000E0BEB00068087403907AD5F080067402A2
:10EE7000907AD5F09AFE032BAA907ACD7EEBA074FF
:10EE8000805CBABEB08068079AFE02F702EF72900B
:10EE90007AD0E01BB168291468440BB1680302EF13
:10EEA0004C7E3409E97E2400FF907AD9793E000235
:10EEB0001BEA207E340012907AD71BEA3002EF5210
:10EEC0007E3409FB7E2400FF907AD9793E00021B34
:10EED000EA207E340043907AD71BEA308074907A1F
:10EEE000CFE01468251468400BB1785A7E3409E5E8
:10EEF0007E2400FF907AD9793E00021BEA207E34FE
:10EF00000004907AD71BEA3080487E340A427E247F
:10EF100000FF907AD9793E00021BEA207E34000877
:10EF2000907AD71BEA30802A7E3409C77E2400FFFE
:10EF3000907AD9793E00021BEA207E34001E907A36
:10EF4000D71BEA30800C9AFE02F780269AFE02F761
:10EF50008020907AD30BEA20907AD70BEA30BD322A
:10EF6000280C907AD30BEA30907AD71BEA309AFEBD
:10EF70000307AA9AFE02F7AA907ACDE0BEB0807885
:10EF800032907AD0E0BEB0007829907ACFE0BEB05F
:10EF9000007820907AD2E0BEB0007817907AD1E065
:10EFA000BEB000780E907AD30BEA207E340001BD0B
:10EFB0002368069AFE02F78047907AD5E0BEB00437
:10EFC000781E7E340A407E2400FF907AD9793E0074
:10EFD000021BEA207E340001907AD71BEA30801CA5
:10EFE0007E340A3E7E2400FF907AD9793E00021BCF
:10EFF000EA207E340001907AD71BEA309AFE03079C
:10F00000AA907AD5E0BEB0026830907ACDE0BEB06A
:10F01000007827907AD0E0BEB000781E907AD2E0D7
:10F02000BEB0007815907AD1E0BEB000780C6D22A9
:10F03000907AD30BEA30BD3268079AFE02F702F0ED
:10F04000CA907ACFE0BEB001786A7404907AD5F0A5
:10F05000E4907ADDF0E4907ADEF0740E7E70019A2E
:10F06000FE008574127E70209AFE008574107E70FA
:10F07000089AFE0085740E7E70029AFE0085741256
:10F080007E70209AFE008574107E70089AFE0085BE
:10F09000740E7E70019AFE008574126C779AFE00E1
:10F0A0008574137E70089AFE0085740E6C779AFE44
:10F0B000008580127403907AD5F074FF907ADDF0A9
:10F0C00074FF907ADEF09AFE032BAA907AD5E0BE08
:10F0D000B0047829907ACDE0BEB0817820907AD0C3
:10F0E000E0BEB0007817907AD2E0BEB000780E9003
:10F0F0007AD30BEA207E340001BD2368069AFE0213
:10F10000F780207E340A3E7E2400FF907AD9793E33
:10F1100000021BEA207E340001907AD71BEA309A65
:10F12000FE0307AA907AD5E0BEB0047827907ACD86
:10F13000E0BEB001781E907AD0E0BEB000781590A5
:10F140007AD2E0BEB000780C6D22907AD30BEA3010
:10F15000BD3268069AFE02F780049AFE032BAA9A33
:10F16000FE02F7AA9083E4F09083E21BEA306D225E
:10F170009083E20BEA300E340E340E340E34BD327E
:10F18000784E9083E20BEA307C677E700F5C76905D
:10F1900083E47EEBA074015CAB7CB760053EA014F9
:10F1A00078FB7CBA42B89083E20BEA307C677E70D1
:10F1B0000F5C769083E47EEB601E607EA0015CA60F
:10F1C0007CB760053EA01478FB7CBA42B702F79387
:10F1D0009083E20BEA200E240E240E240E247E34AB
:10F1E0000001BD23784E9083E20BEA307C677E708D
:10F1F0000F5C769083E47EEBA074015CAB7CB7601F
:10F20000053EA01478FB7CBA42B59083E20BEA304D
:10F210007C677E700F5C769083E47EEB601E607E80
:10F22000A0015CA67CB760053EA01478FB7CBA42C6
:10F23000B602F7939083E20BEA200E240E240E24EC
:10F240000E247E340002BD23780302F7939083E2FC
:10F250000BEA509E540030BE54002C400302F7933A
:10F260007EA003A490F2687302F2EC02F31902F399
:10F270004602F37302F3A002F3CD02F3FA02F4277D
:10F2800002F45402F48302F4B202F4E102F5100233
:10F29000F53F02F56E02F59D02F5CC02F79302F7F9
:10F2A0009302F79302F79302F79302F79302F7930F
:10F2B00002F79302F79302F79302F79302F7930290
:10F2C000F79302F79302F79302F5FB02F5FB02F5C1
:10F2D000FB02F5FB02F5FB02F5FB02F5FB02F5FB79
:10F2E00002F6C902F6C902F6C902F6C974F97E141B
:10F2F000FBB27E04007E7E0B705C7B7A0B70908389
:10F30000E47EEB603E607E14FBB27E04007E7E0BEA
:10F31000704C767A0B7002F793743F7E14FBB27ECA
:10F3200004007E7E0B705C7B7A0B709083E4E003BC
:10F330000354C07E14FBB27E04007E7E0B704C7BB7
:10F340007A0B7002F79374F97E14FBBA7E04007E88
:10F350007E0B705C7B7A0B709083E47EEB603E608A
:10F360007E14FBBA7E04007E7E0B704C767A0B70A6
:10F3700002F793743F7E14FBBA7E04007E7E0B700E
:10F380005C7B7A0B709083E4E0030354C07E14FB33
:10F39000BA7E04007E7E0B704C7B7A0B7002F79372
:10F3A00074F97E14FBC27E04007E7E0B705C7B7A57
:10F3B0000B709083E47EEB603E607E14FBC27E04A3
:10F3C000007E7E0B704C767A0B7002F793743F7E52
:10F3D00014FBC27E04007E7E0B705C7B7A0B709007
:10F3E00083E4E0030354C07E14FBC27E04007E7EEF
:10F3F0000B704C7B7A0B7002F79374F97E14FBCA86
:10F400007E04007E7E0B705C7B7A0B709083E47EC2
:10F41000EB603E607E14FBCA7E04007E7E0B704C67
:10F42000767A0B7002F793743F7E14FBCA7E040059
:10F430007E7E0B705C7B7A0B709083E4E003035458
:10F44000C07E14FBCA7E04007E7E0B704C7B7A0B60
:10F450007002F79374F37E14FA387E04007E7E0BFC
:10F46000705C7B7A0B709083E47EEB603E603E6064
:10F470007E14FA387E04007E7E0B704C767A0B7018
:10F4800002F79374F37E14FA487E04007E7E0B70BC
:10F490005C7B7A0B709083E47EEB603E603E607E26
:10F4A00014FA487E04007E7E0B704C767A0B700254
:10F4B000F79374F37E14FA587E04007E7E0B705C22
:10F4C0007B7A0B709083E47EEB603E603E607E143E
:10F4D000FA587E04007E7E0B704C767A0B7002F731
:10F4E0009374F37E14FA687E04007E7E0B705C7B5E
:10F4F0007A0B709083E47EEB603E603E607E14FA8F
:10F50000687E04007E7E0B704C767A0B7002F79357
:10F5100074F37E14F7607E04007E7E0B705C7B7A51
:10F520000B709083E47EEB603E603E607E14F7607B
:10F530007E04007E7E0B704C767A0B7002F793741B
:10F54000F37E14F7907E04007E7E0B705C7B7A0B5A
:10F55000709083E47EEB603E603E607E14F7907EA8
:10F5600004007E7E0B704C767A0B7002F79374F376
:10F570007E14F7C07E04007E7E0B705C7B7A0B707D
:10F580009083E47EEB603E603E607E14F7C07E04B4
:10F59000007E7E0B704C767A0B7002F79374F37ECC
:10F5A00014F7F07E04007E7E0B705C7B7A0B70900B
:10F5B00083E47EEB603E603E607E14F7F07E0400E4
:10F5C0007E7E0B704C767A0B7002F79374F37E1488
:10F5D000FA707E04007E7E0B705C7B7A0B709083E9
:10F5E000E47EEB603E603E607E14FA707E04007E36
:10F5F0007E0B704C767A0B7002F7939083E4E00AEE
:10F600002B1E246D33BD23682B9083E20BEA507CC4
:10F61000AB740F5CBA7E34000160053E341478FB95
:10F620007C677E14FD617E04007E7E0B704C767AD2
:10F630000B70802B9083E20BEA507CAB740F5CBAAA
:10F640007E34000160053E341478FB7CB764FF7E95
:10F6500014FD617E04007E7E0B705C7B7A0B7090E3
:10F6600083E4E00A3B7E2400015D236D33BD236803
:10F670002C9083E20BEA507CAB740F5CBA7E3400B2
:10F680000160053E341478FB7C677E14FD607E04C7
:10F69000007E7E0B704C767A0B7002F7939083E2BB
:10F6A0000BEA507CAB740F5CBA7E34000160053EFF
:10F6B000341478FB7C677E14FD607E04007E7E0B34
:10F6C000704C767A0B7002F7939083E4E00A2B1E5D
:10F6D000246D33BD23682B9083E20BEA507CAB741E
:10F6E0000F5CBA7E34000160053E341478FB7C6701
:10F6F0007E14FD637E04007E7E0B704C767A0B7068
:10F70000802B9083E20BEA507CAB740F5CBA7E34A2
:10F71000000160053E341478FB7CB764FF7E14FD65
:10F72000637E04007E7E0B705C7B7A0B709083E4BA
:10F73000E00A3B7E2400015D236D33BD23682B90DE
:10F7400083E20BEA507CAB740F5CBA7E340001603C
:10F75000053E341478FB7C677E14FD627E04007ED7
:10F760007E0B704C767A0B7080299083E20BEA5006
:10F770007CAB740F5CBA7E34000160053E341478B3
:10F78000FB7C677E14FD627E04007E7E0B704C76EF
:10F790007A0B70AAC3C2AFAAD3D2AFAA9083581B68
:10F7A000EA209083561BEA309083560BEA207E3481
:10F7B0000142BD23782F9083580BEA301B3468092F
:10F7C0000B34780AC3C2888016D3D2888011E47EB5
:10F7D0001460017E0400FE7E3400409AFDFE98D342
:10F7E000D2A802FD0A9083560BEA207E340243BD64
:10F7F00023782F9083580BEA301B3468090B347838
:10F800000AC3C28A8016D3D28A8011E47E146001B2
:10F810007E0400FE7E3400509AFDFE98D3D2AA02E8
:10F82000FD0A9083560BEA207E340346BD23782FD1
:10F830009083580BEA301B3468090B34780AC3C232
:10F840008A8016D3D28A8011E47E1460017E04007F
:10F85000FE7E3400609AFDFE98438F1002FD0A90F0
:10F8600083560BEA207E340447BD237829908358C1
:10F870000BEA207E340001BD23780474018001E48A
:10F880007E1460017E0400FE7E3400679AFDFE98BF
:10F89000438F2002FD0A9083560BEA207E340540F8
:10F8A000BD2378299083580BEA207E340001BD23C4
:10F8B000780474018001E47E1460017E0400FE7E01
:10F8C00034006C9AFDFE98438F4002FD0A908356E7
:10F8D0000BEA507CAB740F5CBA7E34000160053ECD
:10F8E000341478FB7C679083560BEA207D421A48DB
:10F8F0007E54000F5D541A4A1A487E14FD007E049F
:10F90000007E2F027E0B704C767A0B709083580B22
:10F91000EA302E340000780302FC491B35780302DC
:10F92000F9FF1B34780302FAC31B34780302FB8708
:10F930002E340003680302FD0A9083560BEA507CC4
:10F94000AB740F5CBA7E34000160053E341478FB62
:10F950007CB764FF9083560BEA307D231A247E34F3
:10F96000000F5D321A261A247E14F4E07E04007E15
:10F970002F017E0B705C7B7A0B709083560BEA50E4
:10F980007CAB740F5CBA7E34000160053E341478A1
:10F99000FB7CB764FF9083560BEA307D231A247EEC
:10F9A00034000F5D321A261A247E14FD307E0400C6
:10F9B0007E2F017E0B705C7B7A0B709083560BEA76
:10F9C000507CAB740F5CBA7E34000160053E341489
:10F9D00078FB7CB764FF9083560BEA307D231A24B2
:10F9E0007E34000F5D321A261A247E14FD207E0418
:10F9F000007E2F017E0B705C7B7A0B7002FD0A90FB
:10FA000083560BEA507CAB740F5CBA7E3400016005
:10FA1000053E341478FB7CB764FF9083560BEA30C4
:10FA20007D231A247E34000F5D321A261A247E1498
:10FA3000F4E07E04007E2F017E0B705C7B7A0B70FD
:10FA40009083560BEA507CAB740F5CBA7E34000195
:10FA500060053E341478FB7CB764FF9083560BEA54
:10FA6000307D231A247E34000F5D321A261A247E3C
:10FA700014FD307E04007E2F017E0B705C7B7A0BC0
:10FA8000709083560BEA507CAB740F5CBA7E3400E6
:10FA90000160053E341478FB7C679083560BEA20A6
:10FAA0007D421A487E54000F5D541A4A1A487E144B
:10FAB000FD207E04007E2F027E0B704C767A0B7048
:10FAC00002FD0A9083560BEA507CAB740F5CBA7E41
:10FAD00034000160053E341478FB7CB764FF9083EA
:10FAE000560BEA307D231A247E34000F5D321A262D
:10FAF0001A247E14F4E07E04007E2F017E0B705CDD
:10FB00007B7A0B709083560BEA507CAB740F5CBA17
:10FB10007E34000160053E341478FB7C6790835688
:10FB20000BEA207D421A487E54000F5D541A4A1A8F
:10FB3000487E14FD307E04007E2F027E0B704C76D2
:10FB40007A0B709083560BEA507CAB740F5CBA7ED4
:10FB500034000160053E341478FB7CB764FF908369
:10FB6000560BEA307D231A247E34000F5D321A26AC
:10FB70001A247E14FD207E04007E2F017E0B705C13
:10FB80007B7A0B7002FD0A9083560BEA507CAB74B3
:10FB90000F5CBA7E34000160053E341478FB7CB7FC
:10FBA00064FF9083560BEA307D231A247E34000FC5
:10FBB0005D321A261A247E14F4E07E04007E2F01A2
:10FBC0007E0B705C7B7A0B709083560BEA507CAB9B
:10FBD000740F5CBA7E34000160053E341478FB7CFF
:10FBE000679083560BEA207D421A487E54000F5DD1
:10FBF000541A4A1A487E14FD307E04007E2F027E7D
:10FC00000B704C767A0B709083560BEA507CAB7479
:10FC10000F5CBA7E34000160053E341478FB7C67CB
:10FC20009083560BEA207D421A487E54000F5D54A3
:10FC30001A4A1A487E14FD207E04007E2F027E0B95
:10FC4000704C767A0B7002FD0A9083560BEA507C5A
:10FC5000AB740F5CBA7E34000160053E341478FB4F
:10FC60007C679083560BEA207D421A487E54000F31
:10FC70005D541A4A1A487E14F4E07E04007E2F0276
:10FC80007E0B704C767A0B709083560BEA507CABEF
:10FC9000740F5CBA7E34000160053E341478FB7C3E
:10FCA000B764FF9083560BEA307D231A247E34001C
:10FCB0000F5D321A261A247E14FD307E04007E2F3A
:10FCC000017E0B705C7B7A0B709083560BEA507C44
:10FCD000AB740F5CBA7E34000160053E341478FBCF
:10FCE0007CB764FF9083560BEA307D231A247E3460
:10FCF000000F5D321A261A247E14FD207E04007E39
:10FD00002F017E0B705C7B7A0B70AA9080B01BEA8F
:10FD100020793E00029080AC1BEA00791E00029020
:10FD200080B0693E00020BEA20BE18FFFF28249035
:10FD300080AC691E00020BEA007E34FFFF9AFE23AE
:10FD4000207E08FFFF9080B0693E00020BEA209FF2
:10FD500010801A9080AC691E00020BEA009080B0FF
:10FD6000693E00020BEA209AFE23209F11AA908090
:10FD7000B81BEA20793E00029080B41BEA00791E8D
:10FD800000027E3480B87E2400019078FF793E0026
:10FD9000021BEA206D339079031BEA307E146D2537
:10FDA0007E0400019080B4693E00020BEA209AFDB7
:10FDB000949A9080B8693E00020BEA20AA907C25B4
:10FDC0001BEA30907C211BEA00791E00027E345F22
:10FDD000C17E2400FE7E147C277E04000174089AF4
:10FDE000FDD0697E340008CA397E347C277E240029
:10FDF00001907C21691E00020BEA009AFE29A61BD5
:10FE0000FDBEB000784FC3C2AFE47E34FE007E2456
:10FE1000007E7A1BB0E4F5F453DCF0E47E34FE0798
:10FE20007E24007E7A1BB0E47E34FE037E24007EB6
:10FE30007A1BB07E1403E8908336693E00020BEA19
:10FE4000209AFDCFE07E14000A9AFDCFD79AFCFEDF
:10FE5000CF7460F5C7906D3CE0BEB0006828907C20
:10FE6000250BEA306D22907A7B793E00021BEA2056
:10FE70007E146D257E040001907C21693E00020BFA
:10FE8000EA209AFD8EE8AA908450F0908450E09A7F
:10FE9000FE243B908450E0AA90793F1BEA30907991
:10FEA0003B1BEA00791E000290793AF07E345FC96C
:10FEB0007E2400FE7E1479417E040001740D9AFDBB
:10FEC000D069805C7E3479417E24000190759F79F1
:10FED0003E00021BEA2090793B693E00020BEA20BB
:10FEE00090759B793E00021BEA2090793F0BEA3027
:10FEF0009075991BEA307E145FA97E0400FE9AFD7E
:10FF0000C7657E1403E8908336693E00020BEA2041
:10FF10009AFDCFE07E1401F49AFDCFD79AFCFECF74
:10FF200090793AE0BEB000689BAA9AFE231B7E340B
:10FF30006CA47E240001907C35793E00021BEA20EF
:10FF40007E180080907C39793E00021BEA207E14E6
:10FF50006D257E0400016D339AFD9A577E14FDBD18
:10FF60007E0400FD9AFE2483AA90831A1BEA209047
:10FF700083181BEA30740190831CF06D2290831863
:10FF80000BEA103E147E3478252D317A71827A6125
:10FF9000830BEA30BD32781F90831A0BEA209083DE
:10FFA000180BEA103E147E3478252D317A71827A4E
:10FFB00061831BEA20802E9083180BEA203E247E6A
:10FFC0003478252D327A71827A61830BEA2090830E
:10FFD0001A0BEA30BD237808740190831CF0800569
:10FFE000E490831CF090831CE0AA6D3380020B34F4
:0AFFF0007E0BB00B1470F7AA30006E
:0200000400FEFC
:10000000E4F5DC7490F5F4E46C779AFE00857401F5
:100010007E70089AFE008574077E703F9AFE008508
:1000200074097E703F9AFE0085740B7E70079AFEFD
:10003000008574016C779AFE00857402907AD5F081
:10004000E4907AD6F0E4907ADDF0E4907ADEF0C3C2
:10005000C200C3C20143B58043B680D3A9D7AFAABB
:10006000908446F0E5FC20E7FB9084467EEBA0748C
:10007000804CBAF5FCE5FC20E7FBE5EC908447F00A
:10008000908447E0AA9084497AEB70908448F0E528
:10009000FC20E7FB9084487EEBA0747F5CBAF5FC03
:1000A000908449E0F5ECAA9081BD1BEA00791E001E
:1000B000029081BCF074169AFE00609081C1F090AD
:1000C00081C2F0802B9081BCE09AFE00609081BDDF
:1000D000693E00020BEA207A1BB09081BD693E00A8
:1000E000020BEA200B349081BD793E00021BEA200E
:1000F0009081C17EEBA07E70017CBA9CB7F0BEA05F
:100100000078C29081C2E0AA9082A27AEB709082BD
:100110009E1BEA00791E000290829DF0801E908254
:100120009DE090829E691E00020BEA007E0B700B20
:1001300014791E00021BEA009AFE00859082A27EBE
:10014000EBA07E70017CBA9CB7F0BEA00078CFAA6D
:10015000CA7BCA6BCA5BCA4BCA2BCA1BCA0BC0D0AC
:10016000C083C082E5FC9083DDF074069AFE0060D7
:100170009083DAF074029AFE00609083DBF07404DE
:100180009AFE00609083DCF09083DAE030E1049A1C
:10019000FE01F09083DAE030E2049AFE01F19083F0
:1001A000DBE030E0049AFE02439083DBE030E104C0
:1001B0009AFE04599083DBE030E2049AFE048F90AB
:1001C00083DCE030E1049AFE04C29083DAE030E0A0
:1001D000049AFE02429083DDE0F5FCD082D083D009
:1001E000D0DA0BDA1BDA2BDA4BDA5BDA6BDA7B323A
:1001F000AAE46C779AFE00857402907AD5F0E490B8
:100200007AD6F0740E7E70019AFE008574117E70AD
:10021000489AFE0085740E7E70029AFE0085741165
:100220007E70489AFE0085740E7E70019AFE0085ED
:1002300074147E70909AFE0085740E6C779AFE009E
:1002400085AAAA740E6C779AFE008574119AFE0036
:100250006090845DF090845DE030E21674119084CB
:100260005D7EEB707E60FB5C769AFE0085E4907AA2
:10027000D6F090845DE030E411741190845D7EEBE3
:10028000707E60804C769AFE0085907AD6E024FDE0
:10029000685A14685D0BB2785D90845DE030E0567A
:1002A00074207E147ACD7E0400019AFE00A7907A15
:1002B000D30BEA309AFE2884907AD31BEA30907AE6
:1002C000CD7EEBA074605CBA24E0680E24E0681078
:1002D000244078129AFDEA10801C9AFE2749801665
:1002E0009AFCFFF780109AFE02F7800A9AFE033A02
:1002F00080049AFE03D8AA7405907AD6F074117E11
:1003000070609AFE0085AA7403907AD6F074117E0C
:1003100070409AFE00859AFE033AAA7404907AD639
:10032000F074117E70409AFE0085AAE4907AD6F0AF
:1003300074117E70489AFE0085AA740E6C779AFE3E
:10034000008574119AFE006090844AF090844AE01F
:1003500030E1030203D7907AD70BEA207E340040C5
:10036000BD23280474408006907AD70BEA5090840D
:100370004BF07420907AD9691E00020BEA00908439
:100380004B7EEB709AFE010890844BE00A2B907A2A
:10039000D70BEA309D321BEA3090844BE00A1B9069
:1003A0007AD9693E00020BEA202D31793E00021B0A
:1003B000EA206D22907AD70BEA30BD3278107411A2
:1003C0007E700A9AFE0085E4907AD6F08009741156
:1003D0007E70029AFE0085AA740E6C779AFE0085E4
:1003E00074119AFE006090844CF090844CE030E0F0
:1003F000677420907AD9691E00020BEA009AFE0009
:10040000A790844DF090844DE00A2B907AD70BEAA8
:10041000309D321BEA3090844DE00A1B907AD969F6
:100420003E00020BEA202D31793E00021BEA206DCE
:1004300022907AD70BEA30BD32781074117E704862
:100440009AFE0085E4907AD6F0800974117E70409F
:100450009AFE00859AFE2802AA740E7E70019AFE0A
:10046000008574119AFE006090845EF090845EE0D6
:1004700030E50974117E70409AFE008590845EE03C
:1004800030E20874116C779AFE0085C3C200AA742A
:100490000E7E70029AFE008574119AFE00609084B0
:1004A0005FF090845FE030E50974117E70409AFE41
:1004B000008590845FE030E20874116C779AFE004A
:1004C00085AA740E7E70019AFE008574149AFE004F
:1004D0006090717DF090717DE030E60974147E705B
:1004E000809AFE008590717DE030E07774169AFE68
:1004F000006090717EF0E490717FF0802874219A02
:10050000FE00607CAB90717FE00A2B7E3471802D01
:10051000327A71827A61837AEBA090717F7EEBA050
:1005200074012CBAF090717E7EEBA090717FE0BCDC
:10053000BA40CA90839A693E00020BEA204D2368B4
:100540001A7E1471807E04000190717EE00A3B9057
:10055000839A695E00020BEA40992874146C779ABA
:10056000FE0085AA9084357AEB70908434F0C3C283
:10057000B47E340002908434E09084357EEB509A4F
:10058000FC86BED3D2B42290807B1BEA20793E0049
:10059000029080771BEA00791E0002908076F0C3FB
:1005A000C2B490807B693E00020BEA20907ECA793B
:1005B0003E00021BEA207E340002908076E09080AC
:1005C00077691E00020BEA009AFC86EBD3D2B422B4
:1005D000908412F0C3C2B47E180002907ED5793E9A
:1005E00000021BEA207E3400029084127EEBA0748D
:1005F000804CBA7E1484137E0400019AFC89B3D324
:10060000D2B4908414E022907A521BEA20793E0002
:1006100002907A4E1BEA00791E0002907A4DF06D2E
:1006200033907A561BEA30C3C2B47E080001907A38
:1006300052693E00020BEA202F10907ED5793E00D1
:10064000021BEA207E340002907A4D7EEBA074807B
:100650004CBA7E147A587E0400019AFC89B3D3D236
:10066000B46D33907A561BEA308045907A560BEA87
:10067000207E347A592D327A71827A6183E0907AC1
:100680004E693E00020BEA207A1BB0907A4E693E1A
:1006900000020BEA200B34907A4E793E00021BEAEE
:1006A00020907A560BEA207E3400012D321BEA306E
:1006B000907A560BEA106D00907A52693E00020B58
:1006C000EA20BF0140A522E49083C2F0E49083C3F6
:1006D000F06D339083C41BEA309083C40BEA207E14
:1006E0003400012D321BEA307E340064BD2328081B
:1006F00074019083C3F08027E41205D09083C2F088
:100700007E1403E8908336693E00020BEA209AFDCE
:10071000CFE09AFCFECF9083C2E0BEB02478BA90BE
:1007200083C3E022740C7E14825B7E0400017E1879
:10073000000612060790825CE00A2B7C456C5590FF
:10074000825BE00A3B4D329079DA1BEA3090825EA0
:10075000E00A2B7C456C5590825DE00A3B4D32905F
:1007600079DC1BEA30908260E00A2B7C456C559066
:10077000825FE00A3B4D329079DE1BEA30AA7412A8
:100780007E1482617E0400017E1800061206079026
:100790008262E00A2B7C456C55908261E00A3B4DF9
:1007A000329079E01BEA30908264E00A2B7C456C41
:1007B00055908263E00A3B4D329079E21BEA30901B
:1007C0008266E00A2B7C456C55908265E00A3B4DC1
:1007D000329079E41BEA30AAE490845AF07E140344
:1007E000E8908336693E00020BEA209AFDCFE07E56
:1007F0001400149AFDCFD79AFCFECF7E3422979036
:1008000079CE1BEA307E3422959079D01BEA307E77
:100810003422969079D21BEA307E34FFFF9079D44F
:100820001BEA307E3400026D227E1496807E040026
:10083000989AFC8D1A7E3400447E24000174017E57
:100840001400109AFD40E7E41205D01206C7BEB0AE
:100850000068157E145C117E0400FE9AFDC7657465
:100860000190845AF0020A54747C6C771205647EFD
:100870001403E8908336693E00020BEA209AFDCF0C
:10088000E09AFCFECF74596C77120564745E7E1496
:100890002A027E0400FE7E18200012058774597E0D
:1008A00070011205647E1403E8908336693E0002ED
:1008B0000BEA209AFDCFE07E1400149AFDCFD79A60
:1008C000FCFECF74211205D0BEB00168157E145B0A
:1008D000FA7E0400FE9AFDC765740190845AF00206
:1008E0000A54747D7E700E12056474407E70A712E7
:1008F000056474427E70A91205647E3400022E34B1
:10090000000068221B3468371B34684D1B34686351
:1009100080007E145BD17E0400FE9AFDC7657401E1
:1009200090845AF0806574416C771205646D337E53
:100930002446809079E6793E00021BEA20804C74C0
:10094000417E70011205646D337E2446009079E685
:10095000793E00021BEA20803274417E700212054B
:10096000646D337E2445809079E6793E00021BEA6F
:1009700020801874417E70031205646D337E244517
:10098000009079E6793E00021BEA2090845AE0BE8E
:10099000B0017803020A547E3400042E340000684B
:1009A0002A1B3468421B34685A1B3468721B347823
:1009B00003020A3B80007E145BA77E0400FE9AFDC2
:1009C000C765740190845AF0020A5474437E70041F
:1009D0001205647E3433337E2443839079EA793E72
:1009E00000021BEA20806D74437E70031205647E52
:1009F0003433337E2443039079EA793E00021BEAC4
:100A000020805174437E70021205647E3433337E3D
:100A10002442839079EA793E00021BEA20803574F3
:100A2000437E70011205647E3433337E244203908A
:100A300079EA793E00021BEA20801974436C771230
:100A400005647E3433337E2441839079EA793E0015
:100A5000021BEA2090845AE0AA9084377AEB7090C7
:100A60008436F0C3C2B47E340002908436E09084B1
:100A7000377EEB509AFC86BED3D2B422908438F0F5
:100A8000C3C2B47E3400029084387EEBA074804CE4
:100A9000BA9AFC898F908439F0D3D2B4908439E02B
:100AA000229080841BEA20793E00029080801BEA1D
:100AB00000791E000290807FF0C3C2B490808469E8
:100AC0003E00020BEA20907ED5793E00021BEA2010
:100AD0007E34000290807F7EEBA074804CBA9080C0
:100AE00080691E00020BEA009AFC89B3D3D2B422BB
:100AF000E49083C6F0E49083C7F06D339083C81B05
:100B0000EA309083C80BEA207E3400012D321BEAC4
:100B1000307E3400FFBD23280874019083C7F08025
:100B200028740F120A7C9083C6F07E1403E8908329
:100B300036693E00020BEA209AFDCFE09AFCFECF18
:100B40009083C6E0BEB06B78B99083C7E02274286A
:100B50007E1482677E0400017E180006120AA190AE
:100B60008268E00A2B7C456C55908267E00A3B4D19
:100B700032907EA11BEA3090826AE00A2B7C456CA1
:100B800055908269E00A3B4D32907EA31BEA30907B
:100B9000826CE00A2B7C456C5590826BE00A3B4DE1
:100BA00032907EA51BEA30AA74227E14826D7E04E8
:100BB00000017E180006120AA190826EE00A2B7CCA
:100BC000456C5590826DE00A3B4D32907EA71BEA42
:100BD00030908270E00A2B7C456C5590826FE00A61
:100BE0003B4D32907EA91BEA30908272E00A2B7C4A
:100BF000456C55908271E00A3B4D32907EAB1BEA0A
:100C000030AA9082731BEA309F11908275793E0062
:100C1000021BEA207E34003C2E34FFCC7803020C09
:100C20009E1B3668311B3668512E34000C68030257
:100C30000CC09082730BEA207CB49AFDC6F07E143F
:100C400012007E0446809AFDC616908275793E0099
:100C5000021BEA20806A9082730BEA207CB49AFD22
:100C6000C6F07E1414007E0446009AFDC6169082DB
:100C700075793E00021BEA2080469082730BEA20C1
:100C80007CB49AFDC6F07E1410007E0445809AFD67
:100C9000C616908275793E00021BEA20802290825F
:100CA000730BEA207CB49AFDC6F07E1410007E041B
:100CB00045009AFDC616908275793E00021BEA2017
:100CC000908275693E00020BEA20AA9082791BEAA5
:100CD000309F1190827B793E00021BEA207E340017
:100CE0005C2E34FFB068491B347803020DC12E34EA
:100CF000FFFD68611B367803020D791B367803020D
:100D00000D9D2E34000A6803020DE39082790BEAF0
:100D1000207CB49AFDC6F07E14999A7E0443649AAE
:100D2000FDC61690827B793E00021BEA20020DE38D
:100D30009082790BEA207CB49AFDC6F07E14999AD1
:100D40007E0442E49AFDC61690827B793E00021B27
:100D5000EA20020DE39082790BEA207CB49AFDC66A
:100D6000F07E1466667E0442649AFDC61690827B0D
:100D7000793E00021BEA20806A9082790BEA207C8F
:100D8000B49AFDC6F07E14CCCD7E0441E49AFDC633
:100D90001690827B793E00021BEA20804690827981
:100DA0000BEA207CB49AFDC6F07E14CCCD7E0441C3
:100DB000649AFDC61690827B793E00021BEA208071
:100DC000229082790BEA207CB49AFDC6F07E14331F
:100DD000337E0440E39AFDC61690827B793E000282
:100DE0001BEA2090827B693E00020BEA20AAE49075
:100DF000845BF07E1403E8908336693E00020BEAC0
:100E0000209AFDCFE07E1400149AFDCFD79AFCFE05
:100E1000CF7E3422979079CE1BEA307E3422959093
:100E200079D01BEA307E3422969079D21BEA307E4C
:100E300034FFFF9079D41BEA307E3400026D227EAD
:100E40001496807E0400989AFC8D1A7E3400447EAD
:100E500024000174017E1400109AFD40E7120AF08C
:100E6000BEB00068147E1460FD7E0400FE9AFDC7CB
:100E700065740190845BF08045740D7E7003120AE6
:100E80005974107E703C120A5974117E705C120AFB
:100E90005974127E7044120A5974137E7002120A39
:100EA0005974146C77120A5974156C77120A5974B4
:100EB000166C77120A5974187E7001120A599084C0
:100EC0005BE0AA907D74E0BEB00078030210AA6DCA
:100ED000339083341BEA30E4908331F07431908393
:100EE00032F07E180002907992793E00021BEA20CF
:100EF0007E3483337E240001907996793E00021B74
:100F0000EA207E18000190799A793E00021BEA20BF
:100F10007E147D687E0400017E3483317E240001CE
:100F20009AFCC649908333E0BEB000780302109B60
:100F3000E4908331F07486908332F07401908333AF
:100F4000F07E180003907992793E00021BEA207E21
:100F50003483317E240001907996793E00021BEAA9
:100F6000209F1190799A793E00021BEA207E147D21
:100F7000687E0400017E3483317E2400019AFCC621
:100F800049E4908331F07489908332F07E18000236
:100F9000907992793E00021BEA207E3483337E24CE
:100FA0000001907996793E00021BEA207E1800012C
:100FB00090799A793E00021BEA207E147D687E04B7
:100FC00000017E3483317E2400019AFCC64990835F
:100FD00033E0BEB089680302108AE4908331F07474
:100FE00096908332F07E180002907992793E00024A
:100FF0001BEA207E3483317E240001907996793E6D
:1010000000021BEA207E18000290799A793E0002C5
:101010001BEA207E147D687E0400017E3483317ECD
:101020002400019AFCC649908331E00A3B90833446
:101030001BEA309083340BEA207C456C5590833258
:10104000E00A3B4D329083341BEA309083340BEA44
:10105000207E340FA0BD23180C6D229083340BEA40
:1010600030BD3258117E342000907D711BEA30E48F
:10107000907D73F080349083340BEA30907D711B47
:10108000EA307401907D73F080207E342000907DE2
:10109000711BEA30E4907D73F0800F7E3420009065
:1010A0007D711BEA30E4907D73F0AAAAE4906DCCC8
:1010B000F06D33906E561BEA307E340071907D23C4
:1010C0001BEA307E340073907D251BEA307E147D50
:1010D000687E04000174299F119AFCCB5B7E34006A
:1010E000747E24000174017E1400109AFD40E77E96
:1010F0001403E8908336693E00020BEA209AFDCF84
:10110000E07E1400329AFDCFD79AFCFECF7E3400E9
:1011100074E49AFD3D417E1403E8908336693E00F5
:10112000020BEA209AFDCFE07E14000A9AFDCFD789
:101130009AFCFECF7E34007474019AFD3D417E140A
:1011400003E8908336693E00020BEA209AFDCFE067
:101150007E1400329AFDCFD79AFCFECFE4906DCD7D
:10116000F074E5906DCEF07E180002907992793E91
:1011700000021BEA207E346DCF7E24000190799618
:10118000793E00021BEA207E18000190799A793E90
:1011900000021BEA207E147D687E0400017E346D0F
:1011A000CD7E2400019AFCC649906DCF7EEBA074E1
:1011B000015CBABEB0017803E480027401906DCC8A
:1011C000F0906DCCE0BEB00178030212D0E4906DD7
:1011D000CDF07401906DCEF07E340087CA397E3434
:1011E0004A027E2400FE7E146DCF7E0400019AFE2A
:1011F00029DD1BFD7E180089907992793E00021B43
:10120000EA207E346DCD7E240001907996793E00EF
:10121000021BEA209F1190799A793E00021BEA2076
:101220007E147D687E0400017E346DCD7E24000135
:101230009AFCC649E4906DCDF07431906DCEF07E8D
:10124000180002907992793E00021BEA207E346DEC
:10125000CF7E240001907996793E00021BEA207E21
:1012600018000190799A793E00021BEA207E147DD5
:10127000687E0400017E346DCD7E2400019AFCC698
:1012800049906DCFE020E00A6D33906E561BEA3036
:101290008038906E560BEA207E3400012D321BEA16
:1012A000307E3403E8BD3250087401906DCCF0807C
:1012B000197E1403E8908336693E00020BEA209AF7
:1012C000FDCFE09AFCFECF0212347401907D74F0E1
:1012D000906DCCE0AA745AF5C674A5F5C60000005E
:1012E00000AA7480F5C79AFE1301AAE4F5C7AA7E86
:1012F000A1C774015CBABEB001780474018001E436
:10130000AA7E1442407E04000F908336693E00029C
:101310000BEA209AFDCFE27CB7908451F090845183
:10132000E00A4B7E5400012D54F5F5AA9082F01B83
:10133000EA20793E0002C3C202A2AF9202C3C2AF4A
:101340007401F5C59082F0695E00020BEA40F5C4B5
:101350009082F0693E00020BEA207CB6F5C39082D1
:10136000F0693E00020BEA207CB5F5F69AFE12D534
:10137000E5C29082F4F0A20292AF9082F4E0AA90CB
:1013800082F9F09082F51BEA20793E0002C3C20385
:10139000A2AF9203C3C2AF7402F5C59082F5695E35
:1013A00000020BEA40F5C49082F5693E00020BEAA8
:1013B000207CB6F5C39082F5693E00020BEA207CE2
:1013C000B5F5F69082F9E0F5C29AFE12D5A2039225
:1013D000AFAA907F091BEA00791E0002907F051BCF
:1013E000EA20793E00028048907F05693E00020BAA
:1013F000EA209AFE132C907F09693E00020BEA2036
:101400007A1BB0907F09693E00020BEA200B3490F2
:101410007F09793E00021BEA20907F05691E0002C9
:101420000BEA007E1800012F10793E00021BEA2013
:10143000907F0D0BEA207E1400017D329D311BEA66
:10144000306D33BD2378A1AA907F131BEA00791E6B
:101450000002907F0F1BEA20793E00028045907FBA
:101460000F693E00020BEA20907F13691E00020BF9
:10147000EA007E0BB09AFE137F907F0F691E000278
:101480000BEA007E1800012F10793E00021BEA20B3
:10149000907F13693E00020BEA200B34793E000274
:1014A0001BEA20907F170BEA207E1400017D329DFD
:1014B000311BEA306D33BD2378A4AA90834E1BEA1A
:1014C00020793E0002C3C204A2AF9204C3C2AF742B
:1014D00003F5C590834E695E00020BEA40F5C490A7
:1014E000834E693E00020BEA207CB6F5C390834E22
:1014F000693E00020BEA207CB5F5F69AFE12D5A2F1
:101500000492AF7E1403E8908336693E00020BEA32
:10151000209AFDCFE07E14000A9AFDCFD79AFCFEF8
:10152000CFAA905D601BEA20905D5C1BEA00791EEB
:101530000002905D5A1BEA307E3455077E2400FE7F
:101540007E145D627E0400017E5402009AFDD06B21
:101550006D33905F621BEA308023E4905F620BEA98
:10156000207E345D622D327A71827A6183F0905FE1
:10157000620BEA207E3400012D321BEA30905F625C
:101580000BEA207E340200BD2340CF7E340200905F
:101590007F0D1BEA30905D5A0BEA207E34FE005D21
:1015A000326D227E145D627E0400019AFE13D26DBC
:1015B00033905F621BEA308045905F620BEA1090C7
:1015C0005D5C693E00020BEA202D317E1BB0905D10
:1015D0005A0BEA207E3401FF5D32905F620BEA20F5
:1015E0002D237E345D622D327A71827A6183F09090
:1015F0005F620BEA207E3400012D321BEA30905DE1
:10160000600BEA20905F620BEA30BD3240AB905D28
:101610005A0BEA306D229AFE14BB7E340200907F92
:10162000171BEA30905D5A0BEA207E34FE005D32D3
:101630006D227E145D627E0400019AFE1448AA9019
:101640008406F07E3400649084071BEA3080257E97
:101650001403E8908336693E00020BEA209AFDCF1E
:10166000E09AFCFECF9084070BEA307E2400019DB7
:10167000321BEA309084070BEA206D33BD236810DB
:101680007E3400A49AFD3B440A2B6D33BD2378BF02
:101690009084070BEA206D33BD23680C7E3400076D
:1016A000908406E09AFCD06D6D229084070BEA309E
:1016B000BD3278067E18000180029F11AA907E51EB
:1016C0001BEA20793E0002907E4D1BEA00791E0045
:1016D000026D33907E551BEA306D33907E571BEAC6
:1016E00030907E4D693E00020BEA204D2368047461
:1016F000018001E47E145F7B7E0400FE7E3400687E
:101700009AFDFE980217B57E3400A49AFD3B44BEB4
:10171000B000787C907E51693E00020BEA20BE1832
:101720000040500C907E51693E00020BEA2080047C
:101730007E340040907E571BEA307E340007907E56
:101740004D691E00020BEA00907E570BEA209AFCBE
:10175000CC3E907E570BEA10907E4D693E00020B06
:10176000EA202D31793E00021BEA20907E570BEAD9
:10177000106D00907E51693E00020BEA209F1079A7
:101780003E00021BEA206D33907E551BEA30802517
:101790007E1403E8908336693E00020BEA209AFD2E
:1017A000CFE09AFCFECF907E550BEA207E340001FC
:1017B0002D321BEA30907E51693E00020BEA204D2B
:1017C000236811907E550BEA207E340064BD2350BF
:1017D00003021707907E51693E00020BEA20AA908F
:1017E00081541BEA00791E0002908154691E000298
:1017F0000BEA009AFDFFEA6D22908158793E0002C3
:101800001BEA20908154693E00020BEA204D2368B8
:101810000474018001E47E145F7B7E0400FE7E344C
:1018200000889AFDFE98908154691E00020BEA0020
:10183000908158693E00020BEA209AFE16BDAA90DC
:101840007E5D1BEA20793E0002907E591BEA0079FA
:101850001E0002907E5D693E00020BEA20907E61D0
:10186000793E00021BEA20907E59693E00020BEA95
:10187000204D23680474018001E47E145F7B7E04A4
:1018800000FE7E3400999AFDFE987E347E617E24AF
:1018900000019078FF793E00021BEA206D339079B9
:1018A000031BEA307E146EF77E040001907E5969B6
:1018B0003E00020BEA209AFD949A907E61693E00F8
:1018C000020BEA20AA908456F07E180001907A7BE1
:1018D000793E00021BEA207E146EF77E0400017E32
:1018E0003484567E2400019AFD8EE8AAE490845741
:1018F000F07E1403E8908336693E00020BEA209ADA
:10190000FDCFE07E1400329AFDCFD79AFCFECF7E49
:10191000346EB77E240001907C35793E00021BEACC
:10192000207E180040907C39793E00021BEA207E20
:10193000146EF77E0400016D339AFD9A577E3400D1
:10194000A46D2274017E1400039AFD40E77E347278
:10195000A29079F61BEA307E3400077E14C2007E26
:101960000400017E2472A39AFCE57E7E3400077495
:10197000017E1418C57E0400FE9AFCD2689084573C
:10198000E0AA908409F07E34006490840A1BEA3057
:1019900080257E1403E8908336693E00020BEA201E
:1019A0009AFDCFE09AFCFECF90840A0BEA307E24A9
:1019B00000019D321BEA3090840A0BEA206D33BD92
:1019C0002368107E3400A49AFD3B440A2B6D33BD7E
:1019D0002378BF90840A0BEA206D33BD23680C7E08
:1019E000340007908409E09AFCD06D6D2290840A3F
:1019F0000BEA30BD3278067E18000180029F11AAE2
:101A0000907E751BEA20793E0002907E711BEA00F1
:101A1000791E00026D33907E791BEA306D33907E23
:101A20007B1BEA30907E71693E00020BEA204D2359
:101A3000680474018001E47E145E517E0400FE7E21
:101A400034006E9AFDFE98021AF87E3400A49AFDC6
:101A50003B44BEB000787C907E75693E00020BEA84
:101A600020BE18001E500C907E75693E00020BEAE5
:101A70002080047E34001E907E7B1BEA307E340082
:101A800007907E71691E00020BEA00907E7B0BEAD4
:101A9000209AFCCC3E907E7B0BEA10907E71693ED2
:101AA00000020BEA202D31793E00021BEA20907ED5
:101AB0007B0BEA106D00907E75693E00020BEA20F8
:101AC0009F10793E00021BEA206D33907E791BEA5D
:101AD0003080257E1403E8908336693E00020BEACD
:101AE000209AFDCFE09AFCFECF907E790BEA207E13
:101AF0003400012D321BEA30907E75693E00020BE6
:101B0000EA204D236811907E790BEA207E34006430
:101B1000BD235003021A4A907E75693E00020BEA0B
:101B200020AA9081641BEA00791E000290816469FA
:101B30001E00020BEA009AFDFFEA6D22908168798F
:101B40003E00021BEA20908164693E00020BEA20FD
:101B50004D23680474018001E47E145E517E04000C
:101B6000FE7E34008E9AFDFE98908164691E00020C
:101B70000BEA00908168693E00020BEA209AFE1A87
:101B800000AA907E811BEA20793E0002907E7D1B98
:101B9000EA00791E0002907E81693E00020BEA2075
:101BA000907E85793E00021BEA20907E7D693E0092
:101BB000020BEA204D23680474018001E47E145E68
:101BC000517E0400FE7E34009F9AFDFE987E347E96
:101BD000857E2400019078FF793E00021BEA206D8B
:101BE000339079031BEA307E146F0E7E040001905F
:101BF0007E7D693E00020BEA209AFD949A907E85D4
:101C0000693E00020BEA20AA908458F07E18000179
:101C1000907A7B793E00021BEA207E146F0E7E04D0
:101C200000017E3484587E2400019AFD8EE8AAE4E7
:101C3000908459F07E346F257E240001907C3579A4
:101C40003E00021BEA207E180040907C39793E005D
:101C5000021BEA207E146F0E7E0400016D339AFD94
:101C60009A577E3400A46D2274017E1400039AFDFD
:101C700040E77E3472A29079F61BEA307E3400078A
:101C80007E14C2007E0400017E2472A39AFCE57ECD
:101C90007E34000774017E141C087E0400FE9AFC4A
:101CA000D268908459E0AA9080DEF09080DC1BEA34
:101CB000309080DEE07E1460577E0400FE7E3400AB
:101CC000389AFDFE989F119080E0793E00021BEA51
:101CD00020E49080DFF0802C9080DC0BEA309AFECC
:101CE0001D3A7D136D009080E0693E00020BEA20F2
:101CF0002F10793E00021BEA209080DF7EEBA0745B
:101D0000012CBAF09080DE7EEBA09080DFE0BCBAC0
:101D100040C69080DEE00A1B6D009080E0693E00C6
:101D2000020BEA209AFDCFE2793E00021BEA2090E6
:101D300080E0693E00020BEA20AA9083421BEA3051
:101D40006D339083441BEA306D229083420BEA305E
:101D50001A360E340E340E340E34BD32785B53BC5A
:101D6000DF53BCF09083420BEA301A367C677E70FA
:101D70000F5C767CB742BC43BC40E5BC30E5FBE57C
:101D8000BD0A3B7C676C779083441BEA30E5BE0A52
:101D90002B9083440BEA304D321BEA30E4F5BDE46E
:101DA000F5BE908418E09083440BEA3060051E3441
:101DB0001478FB1BEA30021E929083420BEA307DBE
:101DC000231A240E240E240E240E247E340001BD7A
:101DD000236803021E9274DF7E14FB387E04007EAB
:101DE0007E0B705C7B7A0B7074F07E14FB387E0483
:101DF000007E7E0B705C7B7A0B709083420BEA3026
:101E00001A367E600F5C677E14FB387E04007E7E8F
:101E10000B704C767A0B7074407E14FB387E040095
:101E20007E7E0B704C7B7A0B707E34FB387E2400F8
:101E30007E7E1BB030E5F27E34FB3A7E24007E7E4F
:101E40001B700A377C676C779083441BEA307E34C2
:101E5000FB3B7E24007E7E1B700A279083440BEAA6
:101E6000304D321BEA30E47E34FB3A7E24007E7A29
:101E70001BB0E47E34FB3B7E24007E7A1BB0908452
:101E800019E09083440BEA3060051E341478FB1B84
:101E9000EA309083440BEA30AA9083481BEA2090F2
:101EA00083461BEA309083460BEA207E3400FF5DB8
:101EB000326D2274017E1400019AFD40E76D22907C
:101EC00083460BEA301A360E340E340E340E34BD0F
:101ED00032782C53BCF09083460BEA301A367C677C
:101EE0007E700F5C767CB742BC43DE0F43DE2090F1
:101EF00083480BEA50908418F043BC80021F8890FE
:101F000083460BEA307D231A240E240E240E240E61
:101F1000247E340001BD23786F74F07E14FB387E7C
:101F200004007E7E0B705C7B7A0B709083460BEA1C
:101F3000301A367E600F5C677E14FB387E04007EAC
:101F40007E0B704C767A0B70740F7E14FB397E0416
:101F5000007E7E0B704C7B7A0B7074207E14FB39F4
:101F60007E04007E7E0B704C7B7A0B709083480B56
:101F7000EA50908419F074807E14FB387E04007E51
:101F80007E0B704C7B7A0B707E1403E8908336696D
:101F90003E00020BEA209AFDCFE09AFCFECFAA9009
:101FA00083FA1BEA309083FA0BEA309AFDB56F9002
:101FB00083FCF09083FCE0AA9083A31BEA3090831B
:101FC000A2F09083A2E09083A30BEA309AFDB5F1D2
:101FD0009083A5F09083A5E0AA7401907F73F07EB2
:101FE0003400C6907D231BEA307E3400C7907D25E7
:101FF0001BEA307E147F747E040001E47E180032F8
:102000009AFCCB5B7E147F747E0400019AFDAAD3F8
:10201000BEB00078107E1460D57E0400FE9AFDAB41
:1020200090907F73F0907F73E0AAE4908428F0E4AE
:10203000908429F09AFE1FD9908429F0908429E099
:10204000BEB00068030221597E3400306D22E47E68
:102050001400039AFD40E77E3400316D22E47E14C3
:1020600000039AFD40E77E3400326D22E47E1400C6
:10207000039AFD40E77E3400336D22E47E140003B2
:102080009AFD40E77E3400346D22E47E1400039A0A
:10209000FD40E77E3400356D22E47E1400039AFD96
:1020A00040E77E3400366D22E47E1400039AFD4042
:1020B000E77E3400376D22E47E1400039AFD40E78A
:1020C0007E3400517E240001E47E1400109AFD400D
:1020D000E77E3400837E24000174017E1400109A90
:1020E000FD40E77E3400477E24000174017E140029
:1020F000109AFD40E77E3400827E240001E47E14C5
:1021000000109AFD40E77E3400537E2400017401E4
:102110007E1400109AFD40E77E3400436D22740166
:102120007E1400039AFD40E77403907EE2F074038E
:10213000907EE3F07E1400E87E0400017E185820B3
:10214000E49AFDB6877E3402436D229AFDF79C7EA9
:1021500034000274039AFDF164908429E0AA90820D
:10216000EB1BEA20793E00027E1442407E04000F01
:102170009082EB693E00020BEA209AFDCFE27E08D6
:10218000004E9F107E1400039AFDCFE07CB7908232
:10219000EFF09AFDF794D3A9D7BA9082EB691E00AD
:1021A000020BEA007E340E007E240727BF014006A2
:1021B0007404F5E9803C9082EB691E00020BEA0092
:1021C0007E34B4007E2404C4BF0140067403F5E9E4
:1021D00080209082EB691E00020BEA007E34B4007E
:1021E0007E2404C4BF0140067402F5E9800474042F
:1021F000F5E974027E34FE017E24007E7A1BB07EF7
:1022000034FDF67E24007E7E1BB0F5A67E34FDEC08
:102210007E24007E7E1BB0F59F539DFC439D017480
:10222000EF7E14FE0C7E04007E7E0B705C7B7A0BCE
:102230007074047E34FE0D7E24007E7A1BB0908282
:10224000EF7EEB60740F5C6B7E14FE0C7E04007EF0
:102250007E0B704C767A0B7074807E14FE0C7E04BC
:10226000007E7E0B704C7B7A0B707E18C3509AFCFC
:10227000FE9874FC7E14FE007E04007E7E0B705C73
:102280007B7A0B7074F37E14FE007E04007E7E0B5E
:10229000705C7B7A0B7074047E14FE007E04007EFA
:1022A0007E0B704C7B7A0B70E4F5DEE4F58EE4F582
:1022B00098E4F59AE4F5ACE4F5FDE4F5A2E4F5AFB5
:1022C000E4F5899082EB693E00020BEA20908336A8
:1022D000793E00021BEA2053B2FC43B10374807EB6
:1022E00034FE077E24007E7A1BB07E34FE077E24F7
:1022F000007E7E1BB030E0F27E1403E890833669E6
:102300003E00020BEA209AFDCFE07E14000A9AFDFF
:10231000CFD79AFCFECF9AFDF798AA9AFE0000AAA2
:10232000907DD91BEA30907DD51BEA00791E000212
:102330007E182710907DDB793E00021BEA20E49096
:102340007DDFF0E4907DE0F0907AD5E0BEB00468E7
:1023500009907DD90BEA3002243A0224297E1827FD
:1023600010907DDB793E00021BEA20907DD90BEABC
:10237000207E340040BD23400474408006907DD907
:102380000BEA50907DDFF0D3D200C3A9C7AF740E23
:102390007E70019AFE0085E4907DE0F08027742134
:1023A000907DD5691E00020BEA007E0B700B14793C
:1023B0001E00021BEA009AFE0085907DE07EEBA0E5
:1023C00074012CBAF0907DDF7EEBA0907DE0E0BC44
:1023D000BA40CB74117E70019AFE0085D3A9D7AFA5
:1023E00030001D907DDB693E00020BEA207E280054
:1023F000017F019F02791E00021BEA004D2378E055
:10240000907DDB693E00020BEA20BE180000180830
:10241000907DD90BEA308022907DDFE00A2B907D01
:10242000D90BEA309D321BEA306D22907DD90BEA40
:1024300030BD32280302235D6D33AA908452F07EB2
:102440001484527E0400017E3400019AFE2320AAE7
:102450009082311BEA00791E0002908231691E00D1
:10246000020BEA009AFDFFEA9082351BEA30908267
:1024700031691E00020BEA009082350BEA309AFEA9
:102480002320AA90839E1BEA00791E000290839E5F
:10249000693E00020BEA2090839A793E00021BEA13
:1024A00020AAAA907CBD1BEA00791E0002907CBB8A
:1024B0001BEA30907CBB0BEA309077CC1BEA309063
:1024C0007CC5693E00020BEA204D23780A7E342445
:1024D000A27E2400FE800A907CC5693E00020BEAC1
:1024E000209077E0793E00021BEA20907CBD693E97
:1024F00000020BEA204D23780A7E3424A27E2400B9
:10250000FE800A907CBD693E00020BEA209077DCD9
:10251000793E00021BEA20907CC1693E00020BEA72
:10252000204D23780A7E3424A27E2400FE800A9067
:102530007CC1693E00020BEA209077D8793E000208
:102540001BEA20AA9082391BEA00791E00029082C1
:10255000371BEA309082370BEA309077D21BEA3093
:102560009077D20BEA207E340004BD23782E90822F
:1025700039693E00020BEA204D23780A7E3424A2FA
:102580007E2400FE800A908239693E00020BEA2018
:102590009077E4793E00021BEA20802C9082396912
:1025A0003E00020BEA204D23780A7E3424A27E24CA
:1025B00000FE800A908239693E00020BEA20907783
:1025C000D4793E00021BEA20AA90823F1BEA0079E0
:1025D0001E000290823D1BEA3090823D0BEA309053
:1025E00077E81BEA3090823F693E00020BEA204DFB
:1025F00023780A7E3424A27E2400FE800A90823F43
:10260000693E00020BEA209077CE793E00021BEA79
:1026100020AA9078921BEA00791E00026D33907810
:10262000961BEA306D339078981BEA307E3461183F
:102630007E2400FE7E14789A7E04000174109AFDB8
:10264000D0696D339078AA1BEA3080509078AA0B3D
:10265000EA103E14907892693E00020BEA202D3178
:102660000B1A207E340001BD2378229078AA0BEA51
:10267000203E247E34789A2D327A71827A61830BDF
:10268000EA209078960BEA302D321BEA309078AA37
:102690000BEA207E3400012D321BEA309078AA0B21
:1026A000EA207E340008BD2348A29078960BEA30D9
:1026B000AA90817C1BEA00791E00026D3390818212
:1026C0001BEA306D339081801BEA30805990818005
:1026D0000BEA103E1490817C693E00020BEA202D2B
:1026E000310B1A207E340001BD2378239081820BA8
:1026F000EA207E3400012D321BEA309081820BEA01
:10270000207E340003BD23480E7E34000180396DE5
:10271000339081821BEA309081800BEA207E340066
:10272000012D321BEA309081800BEA207E340008B4
:10273000BD2348996D229081820BEA30BD32780624
:102740007E34000180026D33AA907ACEE024DF68E7
:102750000D1468100BB178129AFE276F80109AFE44
:1027600027AA800A9AFE27E580049AFE02F7AA901B
:102770007AD5E0BEB0047809907ACDE0BEB0216889
:10278000069AFE02F780227E3481C37E24000190E7
:102790007AD9793E00021BEA20907AD30BEA309076
:1027A0007AD71BEA309AFE031BAA907AD5E0BEB016
:1027B000047809907ACDE0BEB0A168069AFE02F7CF
:1027C00080227E3481C37E240001907AD9793E0034
:1027D000021BEA20907AD30BEA30907AD71BEA30BA
:1027E0009AFE0307AA907AD5E0BEB0047809907AE1
:1027F000CDE0BEB02168069AFE02F780049AFE037F
:102800002BAA907ACEE0BEB020780BE49081C7F07E
:1028100074089081C9F0AA90816C1BEA20793E006F
:10282000027E34816F7E2400017E1B307E348170F5
:102830007E2400017A1B307E34816E7E2400017E6E
:102840001B307E3481717E2400017A1B307E3481FE
:102850006D7E2400017E1B307E3481727E24000157
:102860007A1B307E34816C7E2400017E1B307E34E6
:1028700081737E2400017A1B30908170693E0002D2
:102880000BEA20AA9083DE1BEA307E3483DF7E24AD
:1028900000017E1B307E3483E07E2400017A1B30F1
:1028A0007E3483DE7E2400017E1B307E3483E17E15
:1028B0002400017A1B309083E00BEA30AA90844E0A
:1028C0001BEA3090844E0BEA301B36682A0B3678B0
:1028D0004A7E34FD0B7E2400FD908178793E000213
:1028E0001BEA207E34FD6E7E2400FD908174793ECB
:1028F00000021BEA2080247E3485A77E2400FD9000
:102900008178793E00021BEA207E34876A7E2400AB
:10291000FD908174793E00021BEA20AACA0B691F50
:10292000FFFF690FFFFD9AFDC6169AFDCD167F7158
:102930007F1F2E34FFFD7E1BB030E7249F007F17E2
:102940009AFDC697380A7E140FDB7E044049800842
:102950007E140FDB7E04C0497F179AFDC4BE7F71D1
:102960007F171BFEAA9AFE2993E580BEB000780669
:102970007E34000180026D33E5800A2B4D236D33D8
:10298000BD2378E59F007E34FFF87E2400FD9AFD8C
:10299000C792AA7E34D8007E2405B89AFE215E9A9A
:1029A000FDFF2A80FEAA7F617F7080177E7BB0606A
:1029B0000C693FFFFC1B34793FFFFC7802E4AA0B53
:1029C000F40BD47E6B607E7B70BC7668DF7E6B60C0
:1029D0007E7B70BC7628037401AA74FFAA7F217FD6
:1029E000707F10800A7E2B307A1B300B540B3469B9
:1029F0001FFFFC7D011B04790FFFFC4D1178E67F62
:102A000017AAC82E002E802E3DB1C82E002E802E73
:102A10009103802EBCB0802EA303C82E002E802EE2
:102A200000B05030212E59F51030212E6AF5802E3D
:102A30003B0300000000081901002200750000108F
:102A40000010D100B343802E00C1802E00C1802E23
:102A500000C1802E00C1802E00C1802E00C1802EBA
:102A600000C1802E00C1802E00C1802E00C1802EAA
:102A700000C1802E00C1802E00C1802E00C1802E9A
:102A800000C1802E00C1802E00C1802E00C1802E8A
:102A900000C1802E00C1802E00C1802E00C1802E7A
:102AA00000C1802E00C1802E00C1802E00C1802E6A
:102AB00000C1802E00C1802E00C1802E00C1802E5A
:102AC00000C1802E00C1802E00C1802E00C1802E4A
:102AD00000C1802E00C1802E00C1802E00C1802E3A
:102AE00000C1802E00C1802E00C1802E00C1E05F99
:102AF00000000000010000000000000000000000D5
:102B00009200000000000000000000000000000033
:102B1000000008190000880000000000000005E027
:102B2000AA3805E09030FA0096004B091100110018
:102B300002002D01D47B3B01DB7A04003F7BCD6C8E
:102B4000C3048509C304ECE60C4601002700190004
:102B50009600A00001000C00F03C00010100030001
:102B600001000E00000032000500EE060400C8005F
:102B700000000400A805EE060004BC02B3008507AF
:102B80000000000000000000000000000000000045
:102B900000000000B4000100B9000100980000002E
:102BA00000000000000001008000040000000000A0
:102BB0000000000000000000000000000000000015
:102BC0000000000000000000000000000000000005
:102BD00000000000000000000000000000000000F5
:102BE00000000000000000000000000000000000E5
:102BF000000000000000000000000000802E00C166
:102C0000FD2DDE00EB00DA00000CFF0F0004C00019
:102C10005BF5C9011EF280003FFF19F458F566F517
:102C200064F5C0F1F000E000CD01D301DB01FF7FCE
:102C3000FF01E40074F7F300FA00FF3FCA036C38A9
:102C400056FE44FDBC02F90600FC1202AE0158FA21
:102C50009AFD7705BB02960195017F0182018901EA
:102C6000870188018A018C018F018D0192019101F8
:102C7000DD009F017E01DB00B601706926D39C0751
:102C80001F059D000008BC0537FAA201AA01A10199
:102C9000A801A001A805B401B401CE00D000FC0039
:102CA000C501FFFBB10000380030FDF5FCF5CD019A
:102CB000A0005FFF0040FF0000806D0FEB007FFF72
:102CC000C2F568F7B3F1670F5B0F610F800F58F71C
:102CD0005BF7830F8600720F850FC6F17F0F6CF7CD
:102CE00000E000FFD1F5870F8A0FFF03F03F8B0054
:102CF0008E009000B9002DF5CAF5CB0120F200003E
:102D000000000000000000000000000000000000C3
:102D100000000000000000000000000000000000B3
:102D200000000000000000000000000000000000A3
:102D30000000000000000000000000000000000093
:102D40000000000000000000000000000000000083
:102D50000000000000000000000000000000000073
:102D60000000000000000000000000000000000063
:102D70000000000000000000000000000000000053
:102D80000000000000000000000000000000000043
:102D90000000000000000000000000000000000033
:102DA0000000000000000000000000000000000023
:102DB0000000000000000000000000000000000013
:102DC0000000000000000000000000000000000003
:102DD000000000000000000000003050982ED70EC8
:102DE0005032982EFA030030F07F002E002ED02EA5
:102DF000002E018008A2FB2F982EBA03212E190065
:102E0000012EEE0000B2072F012E190000B2032F91
:102E100001500352982E07CC012EDD0000B2272F5F
:102E2000052E8A000552982EC7C1032EE90040B234
:102E3000F07F082F012E190000B2042F0030212E40
:102E4000E900982EB4B1012E180000B2102F0550E1
:102E5000982E4DC30550982E5AC7982EF9B4982E27
:102E600054B2982E67B6982E17B21030212E7700E4
:102E7000012EEF0000B2042F982E7AB70030212ED9
:102E8000EF00012ED40004AE0B2F012EDD0000B2A6
:102E9000072F0552982E8E0E00B2022F1030212ED1
:102EA0007D00012E7D000090902EF102012ED700B2
:102EB00000B2042F982E2F0E0030212E7B00012E01
:102EC0007B0000B2122F012ED4000090022F982E0A
:102ED0001F0E092D982E810D012ED4000490022F73
:102EE0005032982EFA030030212E7B00012E7C00F8
:102EF00000B2902E0903012E7C000131010800B2BE
:102F0000042F982E47CB1030212E77008130012ED0
:102F10007C00010800B2612F032E8900012ED4002D
:102F200098BC98B805B20F58232F07900954003069
:102F3000372F15410441DCBE44BEDCBA2C016100D0
:102F40000F564A0F0C2FD14294B8C1421130052EB2
:102F50006AF72CBD2FB980B20822982EC3B7212D55
:102F60006130232ED400982EC3B70030212E5AF59D
:102F7000182DE17F5030982EFA030F52075050421F
:102F800070300D5442427E82E26F80B24242052F81
:102F9000212ED4001030982EC3B7032D6030212E7F
:102FA000D400012ED4000690182F012E76000B5469
:102FB0000752E07F982E7AC1E16F081A4030082F3F
:102FC000212ED4002030982EAFB75032982EFA031D
:102FD000052D982E380E0030212ED4000030212EE1
:102FE0007C00182D012ED40003AA012F982E450E27
:102FF000012ED4003F8003A2012F002E022D982E17
:103000005B0E3030982ECEB70030212E7D0050322E
:10301000982EFA03012E770000B2242F982EF5CBBC
:10302000032ED5001154010ABC848386212EC901C8
:10303000E0401352C4408240A8B9524243BE5342BA
:10304000040A5042E17FF0314140F26F25BD08088B
:10305000020AD07F982EA8CF06BCD16FE26F080A73
:103060008042982E58B70030212EEE00212E770096
:10307000212EDD00802EF4011A242200802EEC0186
:103080001050FB7F982EF3035750FB6F01307154A3
:103090001142420EFC2FC02E0142F05F802E00C173
:1030A000FD2D0100000000000000000000009A015A
:1030B00034030000000000000000000000000000D9
:1030C0000000000000000000000000000000000000
:1030D00000000000000000000000000000000000F0
:1030E00000000000000000000000000000000000E0
:1030F00000000000000000000000000000000000D0
:1031000000000000000000000000000000000000BF
:1031100000000000000000000000000000000000AF
:10312000000000002050E77FF67F06320F2E61F589
:10313000FE09C0B3042F17302F2EEF002D2E61F59E
:10314000F66FE76FE05FC82E2050E77FF67F4630CE
:103150000F2EA4F1BE0980B3062F0D2ED40084AF2C
:10316000022F16302D2E7B0086302D2E60F5F66F47
:10317000E76FE05FC82E012E77F709BC0FB800B2E9
:103180001050FB7F10300B2F032E8A0096BC9FB887
:1031900040B2052F032E68F79EBC9FB840B2072FA0
:1031A000032E7E004190012F982EDC03032C00306B
:1031B000212E7E00FB6FF05FB82E2050E07FFB7F5A
:1031C000002E2750982E3BC82950982EA7C8015092
:1031D000982E55CCE16F2B50982EE0C9FB6F003034
:1031E000E05F212E7E00B82E7350013057541142FB
:1031F000420EFC2FB82E212E59F51030C02E212E54
:103200004AF19050F77FE67FD57FC47FB37FA17FDF
:10321000907F827F7B7F982E35B700B2902E97B03B
:10322000032E8F00072E9100052EB1003FBA9FB8E4
:10323000012EB100A3BD4C0A052EB10004BEBFB9DA
:10324000CB0A4FBA22BD012EB300DC0A2FB9032EE0
:10325000B8000ABE9A0ACFB99BBC012E97009FB84E
:10326000930A0FBC910A0FB8900A252E1800052E5C
:10327000C1F52EBD2EB9012E190031308A040090FF
:10328000072F012ED40004A2032F012E180000B234
:103290000C2F19500552982E4DB7052E78008090AE
:1032A0001030012F212E7800252EDD00982E3EB7FC
:1032B00000B202300130042F012E190000B2002F9D
:1032C0002130012EEA00081A0E2F232EEA00333097
:1032D0001B500B090140175646BE4B084C0A0142D1
:1032E0000A8015520142002E012E180000B21F2F35
:1032F000032EC0F5F030480847AA7430072E7A0034
:1033000061224B1A052F072E66F5BFBDBFB9C090CD
:103310000B2F1D562B30D242DB420104C24204BDAA
:10332000FE808184232E7A0002420232252E62F52D
:10333000052ED6008184252ED6000231252E60F57B
:10334000052E8A000B50900880B20B2F052ECAF56F
:10335000F03E9008252ECAF5052E59F5E03F90085D
:10336000252E59F5906FA16FB36FC46FD56FE66FBF
:10337000F76F7B6F826F705FC82EC050907FE57FC4
:10338000D47FC37FB17FA27F877FF67F7B7F002EB4
:10339000012E60F5607F982E35B70230636F1552AD
:1033A000507F627F5A2C02321A0900B3142F00B2E8
:1033B000032F092E180000910C2F437F982E97B7EA
:1033C0001F50028A02320430252E64F51552506FC8
:1033D000436F4443252E60F5D908C0B2362F982E8E
:1033E0003EB700B2062F012E190000B2022F506F17
:1033F00000900A2F012E79000090192F1030212EF5
:1034000079000030982EDC03132D012EC3F50CBC7F
:103410000FB81230100403B0262521500352982E05
:103420004DB71030212EEE000230607F252E79003E
:10343000606F0090052F0030212EEA001550212EDC
:1034400064F51552232E60F50232506F0090022F62
:103450000330272E7800072E60F51A090091A32F5C
:1034600019090091A02F906FA26FB16FC36FD46F35
:10347000E56F7B6FF66F876F405FC82EC050E77FA8
:10348000F67F26300F2E61F52F2E7C000F2E7C004C
:10349000BE09A27F807F80B3D57FC47FB37F917F39
:1034A0007B7F0B2F23501A251240427F74821240DB
:1034B000527F002E0040607F982E6AD68130012E08
:1034C0007C00010800B2422F032E8900012E8900E2
:1034D00097BC06BC9FB80FB80090232ED8001030C0
:1034E00001302A2F032ED40044B2052F47B20030FA
:1034F0002D2F212E7C002B2D032EFDF59EBC9FB879
:103500004090142F032EFCF599BC9FB840900E2FCD
:10351000032E49F125544A084090082F982E35B7BC
:1035200000B21030032F5030212ED400102D982ED1
:10353000AFB70030212E7C000A2D052E69F72DBD76
:103540002FB980B2012F212E7D00232E7C00E03187
:10355000212E61F5F66FE76F806FA26FB36FC46FB6
:10356000D56F7B6F916F405FC82E60510A253688FA
:10357000F47FEB7F0032315232301330982E15CB6E
:103580000A253384D27F433005502D52982E95C1A1
:10359000D26F2752982ED7C72A25B086C07FD37FF7
:1035A000AF842950F16F982E4DC82A25AE8AAA887B
:1035B000F26E2B50C16FD36FF47F982EB6C8E06EB9
:1035C00000B2322F33548386F16FC37F0430303022
:1035D000F47FD07FB27FE330C56F56404541280865
:1035E00003140EB408BC8240100A2F542605917FA4
:1035F0004428A37F982ED9C008B933305309C16F2E
:10360000D36FF46F831747406C15B26FBE09750B0B
:1036100090424542510E32BC0289A16F7E86F47FF2
:10362000D07FB27F0430916FD62FEB6FA05EB82EA3
:10363000032E97001BBC60509FBC0CB8F07F40B2BB
:10364000EB7F2B2F032E7F004140012EC800011A73
:10365000112F3758232EC8001041A07F3881014117
:10366000D07FB17F982E64CFD06F0780A16F1142B9
:10367000002EB16F01421130012EFC0000A8033072
:10368000CB224A25012E7F003C8935520554982EC5
:10369000C4CEC16FF06F982E95CF042D0130F06F1E
:1036A000982E95CFEB6FA05FB82E032EB300023299
:1036B000F030033130508A080808CB08E07F80B230
:1036C000F37FDB7F252F032ECA004190042F0130AA
:1036D000232ECA00982E3F03C0B2052F032EDA0016
:1036E00000304104232EDA00982E92B21025F06F9C
:1036F00000B2052F012EDA0002301004212EDA006C
:1037000040B2012F232EC801DB6FE06FD05F802E07
:1037100095CF0130E06F982E95CF1130232ECA003F
:10372000DB6FD05FB82ED0500A2533845550D27F3E
:10373000E27F038CC07FBB7F0030055A3954514172
:10374000A57F967F807F982ED9C00530F57F2025F4
:10375000916F3B583D5C3B56982E67CCC16FD56F3F
:1037600052405043C17FD57F1025982EFEC91025A9
:10377000982E74C0866F3028926F828CA56F6F521E
:10378000690E3954DB2F19A01530032F0030212E7C
:1037900081010A2D012E810105284236212E810149
:1037A000020E012F982EF303575012300140982E2D
:1037B000FEC9516F0B5C8E0E3B6F57580230212EA5
:1037C0009501456F2A8DD27FCB7F132F02303F505A
:1037D000D27FA80E0E2FC06F535402005154420ED8
:1037E000103059520230012F002E032D5042424218
:1037F0001230D27F80B2032F0030212E8001122D93
:10380000012EC9000280052E800111309128004050
:10381000252E8001100E052F012E7F010190012F12
:10382000982EF303002EA0410190A67F902EE3B4C2
:10383000012E950100A8902EE3B45B549580824040
:1038400080B202402D8C3F52967F902EC2B3290E3B
:10385000762F012EC900004081284552B330982EA2
:103860000FCA5D54807F002EA140727F828082400B
:10387000607F982EFEC91025982E74C0626F0530A7
:103880008740C0910430052F052E830180B214308B
:10389000002F0430052EC900736F8140E240690497
:1038A000110FE1401630FE29CB40022F836F830FAA
:1038B000222F4756130F1230772F4954420E1230E1
:1038C000732F00910A2F012E8B0119A802306C2F43
:1038D0006350002E17420542682C12300B25080F4A
:1038E0005030022F212E8301032D4030212E8301E1
:1038F0002B2E85015A2C123000912B25042F63505A
:1039000002301742172C0242982EFEC91025982E1D
:1039100074C0052EC90081845B308240372E83013C
:10392000020E072F5F52403062404140910E012F3E
:10393000212E830105302B2E85011230362C1630B6
:103940001525817F982EFEC91025982E74C019A2C6
:103950001630152F052E9701806F820E052F012E30
:1039600086010628212E86010B2D032E87015F5428
:103970004E289142002E8240900E012F212E880168
:103980000230132C0530C06F081CA80F163005300C
:103990005B50092F02802D2E820105420580002EEA
:1039A00002423E80002E06420230906F3E88014067
:1039B00004414C280142078010252440004000A803
:1039C000F522232944427A827E884340044100AB99
:1039D000F523DF284342D9A0142F0090022FD26F85
:1039E00081B2052F6354062890428542092C02308B
:1039F0005B500380292E7E012B2E8201054212305E
:103A00002B2E83014582002E40407A8202A0082F8F
:103A100063503B30154205423780372E7E01054208
:103A20001230012EC900028C404084417A8C040F70
:103A3000032F012E8B0119A4042F2B2E8201982E07
:103A4000F303123081906152082F65426542438032
:103A5000398482880542454285420543002E8041D3
:103A60000090902EE1B46554C16F804000B243587D
:103A70006950442F555CB7878C0F0D2E9601C440BA
:103A8000362F41568B0E2A2F0B52A10E0A2F052ED0
:103A90008F011425982EFEC94B54020F6950053032
:103AA0006554152F032E8E014D5C8E0F3A2F052E77
:103AB0008F01982EFEC94F54820F0530695065540E
:103AC000302F6D521530428C454204302B2C8443EC
:103AD0006B52428C002E85431530242C45428E0FAC
:103AE000202F0D2E8E01B10E1C2F232E8E011A2D8C
:103AF0000E0E172FA10F152F232E8D01132D982E8B
:103B000074C04354C20E0A2F655004800B300682E5
:103B10000B42798041401230252E8C010142053044
:103B20006950655484824384BE8C84408641262932
:103B30009442BE8ED57F19A143400B2E8C01844048
:103B4000C7415D29272945428442C27F012FC0B366
:103B50001D2F052E940199A0012F80B3132F80B340
:103B6000182FC0B3162F12400140927F982E74C0B8
:103B7000926F100F2030032F1030212E7E010A2D5E
:103B8000212E7E01072D2030212E7E01032D1030A5
:103B9000212E7E01C26F012EC900BC8402808240AA
:103BA0000040900ED56F022F1530982EF3034191EF
:103BB0000530072F67503D802B2E8F010542048072
:103BC000002E0542022C00300030A26F988A8640F9
:103BD00080A7052F982EF303C030212E95010625CE
:103BE0001A25E26F768296405643510EFB2FBB6F2B
:103BF000305FB82E012EB8000131410840B220508C
:103C0000F2300208FB7F0130102F052ECC0081908E
:103C1000E07F032F232ECC00982E55B6982E1DB58D
:103C20001025FB6FE06FE05F802E95CF982E95CF2B
:103C30001030212ECC00FB6FE05FB82E00510558EC
:103C4000EB7F2A2589526F5A895013410640B301F0
:103C50001642CB160640F3021342650EF52F0540BF
:103C600014302C29044208A10030902E52B6B3889B
:103C7000B08AB684A47FC47FB57FD57F927F73302E
:103C80000430554042408A17F3086B01900253B844
:103C90004B82ADBE717F450A0954847F982ED9C0EE
:103CA000A36F7B54D042A37FF27F607F2025716F8A
:103CB000755A7758795C7556982E67CCB16F626FDC
:103CC0005042B17FB3301025982E0FCA846F20293F
:103CD000716F926FA56F76826A0E73300030D02FAD
:103CE000D26FD17FB47F982E2BB715BD0BB8020AC7
:103CF000C26FC07F982E2BB715BD0BB8420AC06F9C
:103D0000081741188916E118D018A17F2725162514
:103D1000982E79C08B54907FB330824080900D2FC5
:103D20007D52926F982E0FCAB26F900E062F8B5055
:103D30001430426F516F144212420142002E316F13
:103D4000982E74C0416F807F982E74C0826F1004CB
:103D50004352010F052ECB0000300430212F516F4C
:103D600043588C0E04301C2F8588416F04418C0F02
:103D70000430162F8488002E044104058C0E043074
:103D80000F2F8288316F044104058C0E0430082FF8
:103D90008388002E04418C0F0430022F212EAD01A8
:103DA00014300091142F032EA10141900E2F032EE9
:103DB000AD0114304C28232EAD0146A0062F81847E
:103DC0008D5248828240212EA10142425C2C023059
:103DD000052EAA0180B20230552F032EA901926F41
:103DE000B330982E0FCAB26F900F003002304A2FB6
:103DF000A26F875291008552510E022F002E432C44
:103E00000230C26F7F52910E02303C2F516F8154AD
:103E1000982EFEC91025B3302125982E0FCA326F77
:103E2000C07FB3301225982E0FCA426FB07FB330D7
:103E30001225982E0FCAB26F90288352982EFEC971
:103E4000C26F900F003002301D2F052EA10180B2ED
:103E500012300F2F426F032EAB01910E0230122F42
:103E6000526F032EAC01910F02300C2F212EAA01AC
:103E70000A2C1230032ECB008D5808894140114383
:103E80000043252EA101D46F8F5200433A89002EA2
:103E900010431043610EFB2F032EA001111A022FB5
:103EA0000225212EA001EB6F005FB82E9152103039
:103EB0000230955652424B0EFC2F8D5488829356F9
:103EC00080425342404242868354C02EC242002E5A
:103ED000A3520051524047401A25012E97008FBE31
:103EE0007286FB7F0B307CBFA5501008DFBA70884C
:103EF000F8BFCB42D37F6CBBFCBBC50A907F1B7F56
:103F00000B43C0B2E57FB77FA67FC47F902E1CB75E
:103F1000072ED200C0B20B2F9752012ECD00827F08
:103F2000982EBBCC0B30372ED200826F906F1A25A3
:103F300000B28B7F142FA6BD25BDB6B92FB980B2B4
:103F4000D4B00C2F99549B560B300B2EB100A158B6
:103F50009B42DB426C092B2EB1008B42CB42867F09
:103F60007384A756C30839520550727F637F982E19
:103F7000C2C0E16F626FD10A012ECD00D56FC46F50
:103F8000726F97529D5C982E06CD236F906F995259
:103F9000C0B204BD5440AFB94540E17F0230062FA6
:103FA000C0B20230032F9B5C12309443854303BFA1
:103FB0006FBB80B3202F066F2601166F6E0345423C
:103FC000C090292ECE009B52142F9B5C002E934153
:103FD0008641E304AE0780AB042F80910A2F866FE1
:103FE000730F072F836FC0B2042F54424542123023
:103FF000042C1130022C1130113002BC0FB8D27FCA
:1040000000B20A2F012EFC00052EC701101A022F44
:10401000212EC701032D022C01300130B06F982EE4
:1040200095CFD16FA06F982E95CFE26F9F52012E42
:10403000CE00824050420C2C42421130232ED2003E
:104040000130B06F982E95CFA06F0130982E95CF8C
:10405000002EFB6F005FB82E838601300030944045
:1040600024180600530E4F02F92FB82EA952002E25
:10407000604041400DBC98BCC02E010A0FB8AB5245
:10408000533C524040404B00821626B901B8414093
:10409000100897B80108C02E11300108438625404A
:1040A0000440D8BE2C0B2211544203804B0EF62F35
:1040B000B82E9F501050AD52052ED300FB7F002E1E
:1040C00013409342410EFB2F982EA5B7982E87CF11
:1040D000012ED90000B2FB6F0B2F012E69F7B13F03
:1040E00001080130F05F232ED900212E69F7802EC0
:1040F0007AB7F05FB82E012EC0F8032EFCF51554E8
:10410000AF5682080B2E69F7CB0AB1588090DDBEFE
:104110004C085FB959228090072F0334C308F23A44
:104120000A080235C0904A0A4822C02E232EFCF508
:104130001050FB7F982E56C7982E49C31030FB6F46
:10414000F05F212ECC00212ECA00B82E032ED30002
:1041500016B802344A0C212E2DF5C02E232ED30082
:1041600003BC212ED500032ED50040B21030212EE5
:1041700077000130052F052ED8008090012F232EC7
:104180006FF5C02E212ED90011308108012E6AF75B
:10419000713F23BD0108020AC02E212E6AF7302587
:1041A0000030212E5AF51050212E7B00212E7C004C
:1041B000FB7F982EC3B74030212ED400FB6FF05FF9
:1041C0000325802EAFB7802E00C1802E00C1802E27
:1041D00000C1802E00C1802E00C1802E00C1802E23
:1041E00000C1802E00C1802E00C1802E00C1802E13
:1041F00000C1802E00C1802E00C1802E00C1802E03
:1042000000C1012E5DF708BC80AC0EBB022F003050
:1042100041048206C0A40030112F40A9032F409111
:104220000D2F00A70B2F80B3B358022F90A1261398
:10423000202380901030012FCC0E002F0030B82E9C
:10424000B550180808BC88B60D17C6BD56BCB7587F
:10425000DABA04011D0A1050053032254503FB7FF0
:10426000F6302125982E37CA16B59ABC06B880A814
:10427000410A0E2F8090022F2D50480F092FBFA00A
:10428000042FBF90062FB754CA0F032F002E022C05
:10429000B7522D52F233982ED9C0FB6FF137C02E92
:1042A0000108F05FBF56B954D040C4400B2EFDF357
:1042B000BF529042944295420530C1500F8806404B
:1042C00004419642C54248BE73300D2ED8004FBA05
:1042D0008442034281B3022F2B2E6FF5062D052E4B
:1042E00077F7BD569308252E77F7BB54252EC2F5D8
:1042F000072EFDF34230B433DA0A4C00272EFDF3CB
:104300004340D43FDC084342002E002E434024307B
:10431000DC0A43420480032EFDF34A0A232EFDF3F8
:104320006134C02E0142002E60501A257A86E07F4B
:10433000F37F0325C3524184DB7F3330982E16C2AE
:104340001A257D82F06FE26F3225164094402601D7
:1043500085408E17C4426E039542410EF42FDB6FE9
:10436000A05FB82EB051FB7F982EE80D5A25982EED
:104370000F0ECB583287C47F65896B8DC55A657F18
:10438000E17F837FA67F747FD07FB67F947F1730D5
:10439000C752C954517F002E856F427F002E514174
:1043A0004581424113403B8A00404B04D006C0ACDB
:1043B000857F022F02305104D306418405305D020F
:1043C000C916DF08D3008D02AFBCB1B9590A656FB9
:1043D0001143A1B4524153410143347F657F2631DB
:1043E000E56FD46F982E37CA326F756F83404241A4
:1043F000237F127FF63040255125982E37CA146F3F
:104400002005706F256F6907A26F316F0B30044272
:104410009B428B425542327F40A9C36F717F02306D
:10442000D040C37F032F4091152F00A7132F00A466
:10443000112F84BD982E79CA556FB754544182000C
:10444000F33F4541CB02F630982E37CA356FA46F43
:104450004143032C0043A46F356F1730426F516FF7
:10446000934042820041C3000343517F002E944099
:1044700041414C02C46FD156630E746F5143A57F06
:104480008A2F092ED80001B3212FCB58906F1341EA
:10449000B66FE47F002E9141144092411540172ED3
:1044A0006FF5B67FD07FCB7F982E000C0715C26FBB
:1044B000140B292E6FF5C3A3C18FE46FD06FE62FC5
:1044C0001430052E6FF5140B292E6FF5182DCD56CF
:1044D0000432B56F1C0151415241C340B57FE47FA6
:1044E000982E1F0CE46F218700430432CF545A0EDC
:1044F000EF2F1554092E77F7220B292E77F7FB6F34
:10450000505EB82E1050012ED40000B2FB7F512F08
:1045100001B2482F02B2422F0390562FD752798012
:104520004240818400404242982E930CD954D75087
:10453000A14098BD82403E82DA0A44408B16E300D7
:104540005342002E43409A025242002E41401554DD
:104550004A0E3A2F3A8200304140212E850F40B258
:104560000A2F982EB10C982E450E982E5B0EFB6FDD
:10457000F05F0030802ECEB7DD52D35442424F84DC
:104580007330DB5283421B306B422330272ED7001F
:10459000372ED400212ED6007A84172C4242303098
:1045A000212ED400122D21300030232ED400212EB4
:1045B0007BF70B2D1730982E510CD5500C82723092
:1045C0002F2ED400252E7BF74042002EFB6FF05F8C
:1045D000B82E70500A253986FB7FE1326230982E62
:1045E000C2C4B556A56FAB08916F4B08DF56C46FB8
:1045F00023094DBA93BC8C0BD16F0B09CB52E15EF2
:104600005642AF094DBA23BD940AE56F68BBEB086B
:10461000BDB963BEFB6F5242E30AC02E4342905FB6
:10462000D150032E25F3134000409BBC9BB408BD22
:10463000B8B998BCDA0A08B68916C02E1900620209
:104640001050FB7F982E810D012ED40031300804CC
:10465000FB6F0130F05F232ED600212ED700B82E3D
:10466000012ED700032ED600480E012F802E1F0EDC
:10467000B82EE350213401428230C132252E62F53A
:104680000100223001404A0A0142B82EE354F03BB7
:104690008340D808E5528342003083305042C43210
:1046A000272E64F5940050424042D33F84407D82DF
:1046B000E30840428342B82EDD52003040427C86FF
:1046C000B952092E700FBF54C442D386544055408E
:1046D00094428542212ED7004240252EFDF3C04250
:1046E0007E82052E7D0080B2142F052E890027BD05
:1046F0002FB98090022F212E6FF50C2D072E710FF0
:1047000014301C09052E77F7BD5647BE9308940A4E
:10471000252E77F7E75450424A0EFC2FB82E505002
:1047200002304386E550FB7FE37FD27FC07FB17FBD
:10473000002E414000404804982E74C01EAAD36F3A
:104740001430B16FE322C06F5240E46F4C0E12423E
:10475000D37FEB2F032E860F40901130032F232E93
:10476000860F022C0030D06FFB6FB05FB82E405028
:10477000F17F0A253C86EB7F41332230982EC2C45C
:10478000D36FF430DC094758C26F9409EB586ABB09
:10479000DC08B4B9B1BDE95A950821BDF6BF770B65
:1047A00051BEF16FEB6F52425442C02E4342C05F84
:1047B0005050F55031301142FB7F7B300B421130AD
:1047C0000280233301420300072E8003052ED3000D
:1047D0002352E27FD37FC07F982EB60ED16F080A96
:1047E0001A257B86D07F01331230982EC2C4D16F38
:1047F000080A00B20D2FE36F012E80035130C786E7
:10480000232E21F208BCC042982EA5B7002E002E00
:10481000D02EB06F0BB8032E1B00081AB07F70307B
:10482000042F212E21F2002E002ED02E982E6DC0A6
:10483000982E5DC0ED50982E44CBEF50982E46C375
:10484000F150982E53C73550982E64CF1030982EC3
:10485000DC032026C06F02311242AB330B4237809B
:1048600001300142F337F752FB504440A20A424262
:104870008B31092E5EF7F954E30883421B42233340
:104880004B00BC840B40333083420B42E07FD17F2E
:10489000982E58B7D16F803040420330E06FF35408
:1048A0000430002E002E0189620EFA2F434211308F
:1048B000FB6FC02E0142B05FC14A00006D5700007F
:1048C000778E0000E0FFFFFFD3FFFFFFE5FFFFFF54
:1048D000EEE1FFFF7C13000046E6FFFF0000000052
:1048E00000000000000000000000000000000000C8
:1048F00000000000000000000000000000000000B8
:1049000000000000000000000000000000000000A7
:10491000000000000000802E00C1802E00C1802E0B
:1049200000C1802E00C1802E00C1802E00C1802ECB
:1049300000C1802E00C1802E00C1802E00C1802EBB
:1049400000C1802E00C1802E00C1802E00C1802EAB
:1049500000C1802E00C1802E00C1802E00C1802E9B
:1049600000C1802E00C1802E00C1802E00C1802E8B
:1049700000C1802E00C1802E00C1802E00C1802E7B
:1049800000C1802E00C1802E00C1802E00C1802E6B
:1049900000C1802E00C1802E00C1802E00C1802E5B
:1049A00000C1802E00C1802E00C1802E00C1802E4B
:1049B00000C1802E00C1802E00C1802E00C1802E3B
:1049C00000C1802E00C1802E00C1802E00C1802E2B
:1049D00000C1802E00C1802E00C1802E00C1802E1B
:1049E00000C1802E00C1802E00C1802E00C1802E0B
:1049F00000C1802E00C1802E00C1802E00C1802EFB
:104A000000C12902100025BC518180079300FFFFDF
:104A100075FFFE0D001701000000000000000000FF
:104A200000003000170A0000000000000000000035
:104A3000001102000208000810010100000000FF40
:104A400000020000000000200B000002FF21000017
:104A500001000000008C000038FF01002700340036
:104A60006507008705016800C0083800000000994C
:104A7000C80003000000000002070506060300024C
:104A8000C7FFDB02000001012100FF01010004015A
:104A90008336000000000001016D24010001016D5A
:104AA0003C01000201841800000014017962FFFF3C
:104AB000FFFFFFFFFFFFFFFFFFFFFFFFFFFFFFFF06
:104AC000FFFF001401672E0000000000000000003E
:104AD00000000000000000000000000180016742AB
:104AE00000000000000000000000000000000000C6
:104AF00000000000000000000000000000000000B6
:104B000000000000000000000000000000000000A5
:104B10000000000000000000000000000000000095
:104B20000000000000000000000000000000000085
:104B30000000000000000000000000000000000075
:104B40000000000000000000000000000000000065
:104B50000000000000000000000000000000000055
:104B60000000000000000000000000000000000045
:104B70000000000000000000000000000000000035
:104B80000000000000000000000000000000000025
:104B90000000000000000000000000000000000015
:104BA0000000000000000000000000000000000005
:104BB00000000000000000000000000000000000F5
:104BC00000000000000000000000000000000000E5
:104BD00000000000000000000000000000000000D5
:104BE00000000000000000000000000000000000C5
:104BF00000000000000000000000000000000000B5
:104C000000000000000000000000000000000000A4
:104C10000000000000000000000000000000000094
:104C20000000000000000000000000000000000084
:104C30000000000000000000000000000000000074
:104C40000000000000000000000000000000000064
:104C50000000000000000000000000000000000054
:104C60000038017273000000000000000000000026
:104C70000000000000000000000000000000000034
:104C80000000000000000000000000000000000024
:104C900000000000000000000000000000001C01F7
:104CA0007825000000000000000000000000000067
:104CB00000000000000000000000000000000008EC
:104CC0000175030000000000000000002001750BCA
:104CD00000000000000000000000000000000000D4
:104CE00000000000000000000000000000000000C4
:104CF000000401839A0000000000020177CC00004C
:104D000000040177CE00FE24A200020177D2000049
:104D100000040177D400FE24A200040177D800FE2D
:104D200024A200040177DC00FE24A200040177E045
:104D300000FE24A200040177E400FE24A200020188
:104D400077E800000002010021000000020100429B
:104D50000000000201006300000002010084000066
:104D600000020100A5000000010100C600000101D1
:104D700000E700000201810CF800000201810EFF33
:104D8000FF000201811000030001018112F0000107
:104D9000018113870002018124F8000002018126AD
:104DA000FFFF00020181280000000101812AA0000C
:104DB0000101812B800002017F91F8000002017F38
:104DC00093FFFF0002017F9500000002017F970022
:104DD000F00002017F990140000101704E000001C6
:104DE00001704F000001017050000001017051007E
:104DF00000010170520000010170530000010170B8
:104E000054000001017055000001017056000400BB
:104E10000159080000000000000000000000000030
:104E20000000000000000000000000000000000082
:104E30000000000000000000000000000000000072
:104E40000000000000000000000000000000000062
:104E50000000000000000000000000000000000052
:104E60000000000000000000000000000000000042
:104E70000000000000000000000000000000000032
:104E80000000000000000000000000000000000022
:104E90000000000000000000000000000000000012
:104EA0000000000000000000000000000000000002
:104EB00000000000000000000000000000000000F2
:104EC00000000000000000000000000000000000E2
:104ED00000000000000000000000000000000000D2
:104EE00000000000000000000000000000000000C2
:104EF00000000000000000000000000000000000B2
:104F000000000000000000000000000000000000A1
:104F10000000000000000000000000000000000091
:104F20000000000000000000000000000000000081
:104F30000000000000000000000000000000000071
:104F40000000000000000000000000000000000061
:104F50000000000000000000000000000000000051
:104F60000000000000000000000000000000000041
:104F70000000000000000000000000000000000031
:104F80000000000000000000000000000000000021
:104F90000000000000000000000000000000000011
:104FA0000000000000000000000000000000000001
:104FB00000000000000000000000000000000000F1
:104FC00000000000000000000000000000000000E1
:104FD00000000000000000000000000000000000D1
:104FE00000000000000000000000000000000000C1
:104FF00000000000000000000000000000000000B1
:1050000000000000000000000000000000000000A0
:105010000000000000000000000000000000000090
:105020000000000000000000000000000000000080
:105030000000000000000000000000000000000070
:105040000000000000000000000000000000000060
:105050000000000000000000000000000000000050
:105060000000000000000000000000000000000040
:105070000000000000000000000000000000000030
:105080000000000000000000000000000000000020
:105090000000000000000000000000000000000010
:1050A0000000000000000000000000000000000000
:1050B00000000000000000000000000000000000F0
:1050C00000000000000000000000000000000000E0
:1050D00000000000000000000000000000000000D0
:1050E00000000000000000000000000000000000C0
:1050F00000000000000000000000000000000000B0
:10510000000000000000000000000000000000009F
:10511000000000000000000000000000000000008F
:10512000000000000000000000000000000000007F
:10513000000000000000000000000000000000006F
:10514000000000000000000000000000000000005F
:10515000000000000000000000000000000000004F
:10516000000000000000000000000000000000003F
:10517000000000000000000000000000000000002F
:10518000000000000000000000000000000000001F
:10519000000000000000000000000000000000000F
:1051A00000000000000000000000000000000000FF
:1051B00000000000000000000000000000000000EF
:1051C00000000000000000000000000000000000DF
:1051D00000000000000000000000000000000000CF
:1051E00000000000000000000000000000000000BF
:1051F00000000000000000000000000000000000AF
:10520000000000000000000000000000000000009E
:105210000000000019015D0800000000000000000F
:10522000000000000000000000000000000000007E
:1052300000000C015D2100000000000000000000E3
:1052400000000017015D2D000000000000000000BC
:10525000000000000000000000000000000000143A
:10526000015D44000000000000000000000000009C
:10527000000000000000000002015D580000000274
:10528000017D6420000001017D66000001017D6751
:10529000000002017D7120000001017D730000010A
:1052A000017D740000020179DA000000020179DC5E
:1052B000000000020179DE000000020179E0000038
:1052C00000020179E2000000020179E40000000818
:1052D0000179E645800000418333330002017EA15D
:1052E00000000002017EA300000002017EA5000074
:1052F0000002017EA700000002017EA9000000025A
:10530000017EAB000000020172DF000000020172AA
:10531000E1000000020172E3000000040172E500F8
:1053200000000000020172E9000000020172EB00BF
:105330000000020172ED000000040172F70000009D
:1053400000000401730C0000000000020177EA0075
:105350000000020177EC000000020177EE0000007F
:10536000020177F0000000020177F2000000020164
:1053700077F4000000020177F6000000020177F8E0
:10538000000000020177FA0000000C0177FC458064
:1053900010004164CCCD453B80000008016B6700E4
:1053A000000000000000000024016B6F00000000FE
:1053B00000000000000000000000000000000000ED
:1053C00000000000000000000000000000000000DD
:1053D0000017016B930000000000000000000000B7
:1053E0000000000000000000000000000008016B49
:1053F000AA00000000000000000020016BB20000C5
:10540000000000000000000000000000000000009C
:105410000000000000000000000000000000004A42
:10542000016BD2000000000000000000000000003E
:10543000000000000000000000000000000000006C
:10544000000000000000000000000000000000005C
:10545000000000000000000000000000000000004C
:105460000000000000000000000000000000080133
:105470006C1C00000000000000000080016C240093
:10548000000000000000000000000000000000001C
:10549000000000000000000000000000000000000C
:1054A00000000000000000000000000000000000FC
:1054B00000000000000000000000000000000000EC
:1054C00000000000000000000000000000000000DC
:1054D00000000000000000000000000000000000CC
:1054E00000000000000000000000000000000000BC
:1054F00000000000000000000000000000000000AC
:1055000001018464000000000000000000000000B1
:10551000000000000000000000000000000000008B
:10552000000000000000000000000000000000007B
:10553000000000000000000000000000000000006B
:10554000000000000000000000000000000000005B
:10555000000000000000000000000000000000004B
:10556000000000000000000000000000000000003B
:10557000000000000000000000000000000000002B
:10558000000000000000000000000000000000001B
:10559000000000000000000000000000000000000B
:1055A00000000000000000000000000000000000FB
:1055B00000000000000000000000000000000000EB
:1055C00000000000000000000000000000000000DB
:1055D00000000000000000000000000000000000CB
:1055E00000000000000000000000000000000000BB
:1055F00000000000000000000000000000000000AB
:10560000000000000000000000000000000000009A
:10561000000000000000000000000000000000008A
:10562000000000000000000000000000000000007A
:10563000000000000000000000000000000000006A
:10564000000000000000000000000000000000005A
:10565000000000000000000000000000000000004A
:10566000000000000000000000000000000000003A
:10567000000000000000000000000000000000002A
:10568000000000000000000000000000000000001A
:10569000000000000000000000000000000000000A
:1056A00000000000000000000000000000000000FA
:1056B00000000000000000000000000000000000EA
:1056C00000000000000000000000000000000000DA
:1056D00000000000000000000000000000000000CA
:1056E00000000000000000000000000000000000BA
:1056F00000000000000000000000000000000000AA
:10570000000000000000002E2E5C2E2E5C6C6962F2
:105710007261726965735C7A665F647269766572DC
:105720005C7A665F6472697665725F70776D2E630E
:1057300000007EFEDD007EFEFD007EF8DD007EF8CE
:10574000FD007EF6DD007EF6FD007EFED0007EFED2
:10575000F0007EF8D0007EF8F0007EF6D0007EF6F5
:10576000F0007EFEB1007EFEB5007EF8B1007EF84E
:10577000B5007EF6B1007EF6B5007EFED5007EFE59
:10578000D7007EFED9007EFEDB007EFEF5007EFEA9
:10579000F7007EFEF9007EFEFB007EF8D5007EF865
:1057A000D7007EF8D9007EF8DB007EF8F5007EF8A1
:1057B000F7007EF8F9007EF8FB007EF6D5007EF655
:1057C000D7007EF6D9007EF6DB007EF6F5007EF689
:1057D000F7007EF6F9007EF6FB007EFED2007EFE2C
:1057E000F2007EF8D2007EF8F2007EF6D2007EF65D
:1057F000F2007EFEB2007EFEB6007EF8B2007EF8B9
:10580000B6007EF6B2007EF6B6007EFEC2007EFED8
:10581000E2007EF8C2007EF8E2007EF6C2007EF66C
:10582000E2007EFECE007EFEEE007EF8CE007EF828
:10583000EE007EF6CE007EF6EE007EFECC007EFE12
:10584000CD007EFEEC007EFEED007EF8CC007EF802
:10585000CD007EF8EC007EF8ED007EF6CC007EF602
:10586000CD007EF6EC007EF6ED007EFEC0007EFEF2
:10587000E0007EF8C0007EF8E0007EF6C0007EF614
:10588000E0007EFEC8007EFEC9007EFECA007EFEED
:10589000CB007EFEE8007EFEE9007EFEEA007EFE92
:1058A000EB007EF8C8007EF8C9007EF8CA007EF8DA
:1058B000CB007EF8E8007EF8E9007EF8EA007EF88A
:1058C000EB007EF6C8007EF6C9007EF6CA007EF6C2
:1058D000CB007EF6E8007EF6E9007EF6EA007EF672
:1058E000EB2E2E5C2E2E5C6C6962726172696573A0
:1058F0005C7A665F6472697665725C7A665F647210
:10590000697665725F7370692E6300007EFA21000C
:105910007EF811007EF831007EFBF8007EF8090069
:105920007EF82900000000000000000000000000D8
:105930000000000000000000000000000000000067
:105940000000000000000000000000000000000057
:105950000000000000000000000000000000000047
:105960000000000000000000000000000000000037
:105970000000000000000000000000000000000027
:105980000000000000000000000000000000000017
:105990000000000000000000000000000000000007
:1059A000000000007EFA84007EF814007EF83400C7
:1059B0007EFA27007EF81A007EF83A007EFA25006B
:1059C0007EF818007EF838007EFA28007EF81B006A
:1059D0007EF83B007EFA26007EF819007EF839003A
:1059E0007EFA2E007EF81E007EF83E007EFA2F0022
:1059F0007EF81F007EF83F007EFBF9007EF80A006B
:105A00007EF82A007EFA20007EF810007EF8300032
:105A10007EFA23007EF815007EF835007EFA22001B
:105A20007EF812007EF832007EFE90007EF80800BC
:105A30007EF828494D5539363352415F4D41475F15
:105A400053414D504C455F44454641554C5420739D
:105A50006574206572726F722E0D0A00494D5539BA
:105A600036335241206D61672073656C6620636830
:105A700065636B206572726F722E0D0A00494D5579
:105A800039363352415F4759524F5F53414D504C65
:105A9000455F44454641554C5420736574206572FA
:105AA000726F722E0D0A00494D5539363352415FDF
:105AB0004143435F53414D504C455F44454641553A
:105AC0004C5420736574206572726F722E0D0A003B
:105AD000494D5539363352412061636320616E640C
:105AE000206779726F2073656C6620636865636BED
:105AF000206572726F722E00646174203D202564EF
:105B00000D0A00000000000000000000000000007E
:105B10000000000000000000000000000000000085
:105B20000000000000000000000000000000000075
:105B30000000000000000000000000000000000065
:105B40000000000000000000000000000000000055
:105B50000000000000000000000000000000000045
:105B60000000000000000000000000000000000035
:105B70000000000000000000000000000000000025
:105B80000000000000000000000000000000000015
:105B90000000000000000000000000000000000005
:105BA00000000000000000494D5536363052415F7C
:105BB0004759524F5F53414D504C455F4445464114
:105BC000554C5420736574206572726F722E0D0AE5
:105BD00000494D5536363052415F4143435F534192
:105BE0004D504C455F44454641554C5420736574B7
:105BF000206572726F722E0D0A00696D753636302F
:105C0000726120696E6974206572726F722E0D0A5E
:105C100000696D7536363072612073656C6620637D
:105C20006865636B206572726F722E0D0A002E2EEE
:105C30005C2E2E5C6C69627261726965735C7A6657
:105C40005F6465766963655C7A665F6465766963DF
:105C5000655F776966695F7370692E630025730DF0
:105C60000A25730D0A25730D0A25730D0A00257385
:105C70000D0A0025730D0A25730D0A004F4B0056BF
:105C800032000000000000000000000000000000E2
:105C90000000000000000000000000000000000004
:105CA000000000000000444C314120706572666FB6
:105CB000726D2073696E676C6520726566657265CA
:105CC0006E63652063616C6962726174696F6E20D6
:105CD0006572726F722E0D0A00444C31412073655B
:105CE0006C6620636865636B206572726F722E0D3F
:105CF0000A002E2E5C2E2E5C6C69627261726965E0
:105D0000735C7A665F6465766963655C7A665F6416
:105D100065766963655F646C31612E63002E2E5C6D
:105D20002E2E5C6C69627261726965735C7A665F63
:105D30006472697665725C7A665F647269766572B0
:105D40005F756172742E63000000000000000000A7
:105D50000000000000000000000000000000000043
:105D60000000000000000000000000000000000033
:105D70000000000000000000000000000000000023
:105D800000000000000000000102030405060708EF
:105D9000494D5536363052435F4759524F5F534154
:105DA0004D504C455F44454641554C5420736574F5
:105DB000206572726F722E00494D5536363052434F
:105DC0005F4143435F53414D504C455F444546411D
:105DD000554C5420736574206572726F722E006981
:105DE0006D7536363072632073656C662063686546
:105DF000636B206572726F722E00286E756C6C2951
:105E0000002E2E5C2E2E5C6C696272617269657365
:105E10005C7A665F636F6D6D6F6E5C7A665F636FF1
:105E20006D6D6F6E5F66756E6374696F6E2E630065
:105E300030313233343536373839414243444546C0
:105E400030313233343536373839616263646566F0
:105E5000002E2E5C2E2E5C6C696272617269657315
:105E60005C7A665F6465766963655C7A665F6465C3
:105E7000766963655F776972656C6573735F756179
:105E800072742E63002566002564002E2E5C2E2E73
:105E90005C6C69627261726965735C7A665F646585
:105EA000766963655C7A665F6465766963655F6978
:105EB00070733131342E63002566002564002E2E68
:105EC0005C2E2E5C6C69627261726965735C7A66C5
:105ED0005F6465766963655C7A665F64657669634D
:105EE000655F7466743138302E6300256600256462
:105EF000002E2E5C2E2E5C6C696272617269657375
:105F00005C7A665F6465766963655C7A665F646522
:105F1000766963655F6970733230302E63002E2EB0
:105F20005C2E2E5C6C69627261726965735C7A6664
:105F30005F6472697665725C7A665F6472697665C1
:105F4000725F736F66745F6969632E63002E2E5CE7
:105F50002E2E5C6C69627261726965735C7A665F31
:105F60006472697665725C7A665F6472697665727E
:105F70005F656E636F6465722E63002E2E5C2E2E3D
:105F80005C6C69627261726965735C7A665F646594
:105F9000766963655C7A665F6465766963655F628E
:105FA0006C65366132302E63000D0A202573206641
:105FB000696C65202573206C696E652025640D0A67
:105FC0000040535443495350234173736572742006
:105FD0006572726F72002E2E5C2E2E5C6C6962727E
:105FE00061726965735C7A665F636F6D6D6F6E5C1D
:105FF0007A665F636F6D6D6F6E5F6669666F2E6345
:10600000002E2E5C2E2E5C6C696272617269657363
:106010005C7A665F6472697665725C7A665F6472E8
:10602000697665725F657874692E63002E2E5C2E2A
:106030002E5C6C69627261726965735C7A665F641A
:1060400072697665725C7A665F6472697665725FA2
:106050006770696F2E63002E2E5C2E2E5C6C696259
:106060007261726965735C7A665F64726976657283
:106070005C7A665F6472697665725F6164632E63E1
:10608000002E2E5C2E2E5C6C6962726172696573E3
:106090005C7A665F6472697665725C7A665F647268
:1060A000697665725F7069742E63005345454B468F
:1060B000524545205354433332473134344B204FFB
:1060C00070656E736F75726563204C696272617280
:1060D00079200D0A0000000000000100000002020B
:1060E0000000030064000400BC0005007800060006
:1060F00000000700000008002000000000696D7526
:1061000036363072622073656C6620636865636B37
:10611000206572726F722E00FFF9FFFBFFFDFFFF1B
:08612000000100030005000767
:0200000400FFFB
:070000000200CF8AFD4B1640
:04000B008AFD50FB1F
:040013008AFD557A93
:04001B008AFD5141C8
:040053008AFD4B597E
:04005B008AFD4B9C33
:040063008AFD51873A
:040083008AFD4BDFC8
:04009B008AFD51CDBC
:0400A3008AFD52136D
:1000CB008AFE01507584017E443FFFE47A49B01BE0
:1000DB004478F99000007E34FFFFE4F0A31B3478E2
:1000EB00FA7EF800207E0400FE7E144A8D0B0A4037
:1000FB005D446822295000020A25693000032E084E
:10010B0000050B44800A7E0BB07A1BB00B1C0B0C4A
:0A011B001B4478F280D78AFE2965A4
:04012B008AFD422ED9
:040133008AFD42EC13
:04013B008AFD43AA4C
:040143008AFD446885
:04014B008AFD4526BE
:040153008AFD45E4F8
:04015B008AFD46A231
:040163008AFD47606A
:04016B008AFD481EA3
:040173008AFD48DCDD
:04019B008AFD4C226B
:0401AB008AFD4CDAA3
:0401BB008AFD4D71FB
:0401CB008AFD4E0853
:0401D3008AFD55A7A5
:04021B008AFD547292
:04029B008AFD4E9FEB
:0402AB008AFD4F3643
:0402BB008AFD4FCD9C
:0402CB008AFD5064F4
:0402D3008AFD499ABD
:0402DB008AFD4A58F6
:040303008AFD5259C4
:04030B008AFD530C08
:040313008AFD53BF4D
:10031B008AFD54C700000000000000000000000030
:10032B00000000000000000808080808080800008A
:10033B000808000000482424120000000000000000
:10034B00000000000000004848487E2424247E243E
:10035B00242400000000103C5252121C305050520A
:10036B00523C1010000000222515150D2A5854542C
:10037B00522200000000000C1212120A76252919D5
:10038B00916E000000060404020000000000000053
:10039B000000000000402010100808080808081092
:1003AB001020400000020408081010101010100854
:1003BB00080402000000000008086B1C1C6B0808F6
:1003CB00000000000000000000101010FE101010C4
:1003DB000000000000000000000000000000000012
:1003EB000604040200000000000000007E00000074
:1003FB0000000000000000000000000000000000F2
:10040B0006060000000040202020101008080804F9
:10041B0004020200000000182442424242424242BF
:10042B0024180000000000101C10101010101010E9
:10043B00107C00000000003C4242424020100804A7
:10044B00427E00000000003C424240201820404207
:10045B00423C000000000020303028242422FE20E3
:10046B0020F800000000007E0202021E22404042E3
:10047B00221C0000000000182402023A46424242AD
:10048B00443800000000007E4220201010080808AD
:10049B00080800000000003C42424224182442425B
:1004AB00423C00000000001C22424242625C404081
:1004BB0024180000000000000000181800000000C5
:1004CB0018180000000000000000000800000000E9
:1004DB00000808080000004020100804020408105F
:1004EB00204000000000000000007E00007E0000A5
:1004FB00000000000000000204081020402010083B
:10050B00040200000000003C424246201010100084
:10051B00181800000000001C225A55555555553A25
:10052B00423C00000000000808181414243C22422E
:10053B0042E700000000001F2222221E22424242FC
:10054B00221F00000000007C424201010101014218
:10055B00221C00000000001F224242424242424243
:10056B00221F00000000003F4212121E1212024214
:10057B00423F00000000003F4212121E1212020204
:10058B00020700000000003C222201010171212220
:10059B00221C0000000000E7424242427E424242DF
:1005AB0042E700000000003E080808080808080899
:1005BB00083E00000000007C1010101010101010EE
:1005CB001010110F0000007722120A0E0A121222CD
:1005DB002277000000000007020202020202020260
:1005EB00427F00000000007736363636362A2A2A3C
:1005FB002A6B0000000000E346464A4A5252526200
:10060B00624700000000001C224141414141414131
:10061B00221C00000000003F424242423E02020206
:10062B00020700000000001C224141414141414DA5
:10063B00321C60000000003F4242423E1212222256
:10064B0042C700000000007C4242020418204042D6
:10065B00423E00000000007F49080808080808080F
:10066B00081C0000000000E7424242424242424264
:10067B00423C0000000000E74242222424141418DC
:10068B00080800000000006B2A2A2A2A2A361414B4
:10069B0014140000000000E7422424181818242426
:1006AB0042E7000000000077222214140808080813
:1006BB00081C00000000007E2120101008040442DA
:1006CB00423F0000007808080808080808080808D6
:1006DB000808780000000204040408080810102021
:1006EB0020204040001E1010101010101010101081
:1006FB0010101E0000182400000000000000000075
:10070B0000000000000000000000000000000000DE
:10071B00000000FF000608000000000000000000C1
:10072B0000000000000000000000001C22302C2202
:10073B00326C0000000000000302021A2642424203
:10074B00261A0000000000000000003844020202DC
:10075B0044380000000000006040407C42424242AE
:10076B0062DC0000000000000000003C42427E0200
:10077B00423C0000000000003048083E0808080812
:10078B00083E0000000000000000007C22221C023A
:10079B003C42423C000000000302023A4642424205
:1007AB0042E700000000000C0C00000E08080808CF
:1007BB00083E0000000000303000003820202020D0
:1007CB002020221E0000000003020272120A0E12E9
:1007DB0022770000000000080E0808080808080827
:1007EB00083E0000000000000000007F92929292F1
:1007FB0092B70000000000000000003B464242425E
:10080B0042E70000000000000000003C4242424270
:10081B00423C0000000000000000001B2642424248
:10082B00261A0207000000000000005864424242F2
:10083B00645840E000000000000000774C04040402
:10084B00041F0000000000000000007C42023C403E
:10085B00423E0000000000000008083E080808089F
:10086B00483000000000000000000063424242429A
:10087B0062DC00000000000000000077222214144C
:10088B000808000000000000000000DB91525A2A0B
:10089B0024240000000000000000006E241818182B
:1008AB002476000000000000000000E7422424181A
:1008BB0018080806000000000000007E221008083F
:1008CB00447E000000C0202020202020102020206B
:1008DB002020C0001010101010101010101010104D
:1008EB00101010100003040404040404080404048E
:1008FB0004040300045A2000000000000000000064
:10090B000000000088008001FF0100000001FF00D3
:10091B008000FF014F004E2CFF00B6B4FF0100001A
:10092B00FF00090010001100240125FF7500FF01D5
:10093B004E2C48003020FF003009540031043203A4
:10094B0040834625600027005006510052965608FA
:10095B005730610062006400650066A0FF0122321F
:10096B00471449FF4A00FF007A0A7B007821FF01F8
:10097B002334420044FF4526460540400E06201A0C
:10098B004340FF0034033544FF0131044B094C0550
:10099B004D04FF00440045204708482867007004B9
:1009AB00710172FE76007700FF010D01FF008001DF
:1009BB0001F8FF018E010001FF0080001E035300B0
:1009CB005400430020005500530042002000530008
:1009DB0065007200690061006C00040309041201D8
:1009EB00000202000040BF3402FF000101020001BF
:1009FB0009024300020100803209040000010202D7
:100A0B000100052400100105240100010424020249
:100A1B000524060001070582034000FF09040100BD
:100A2B00020A0000000705810240000007050102D1
:0F0A3B0040000000000100080353005400430076
:00000001FF
